Age,Attrition,BusinessTravel,DailyRate,Department,DistanceFromHome,Education,EducationField,EnvironmentSatisfaction,Gender,HourlyRate,JobInvolvement,JobLevel,JobRole,JobSatisfaction,MaritalStatus,MonthlyIncome,SalarySlab,MonthlyRate,NumCompaniesWorked,OverTime,PercentSalaryHike,PerformanceRating,RelationshipSatisfaction,StockOptionLevel,TotalWorkingYears,TrainingTimesLastYear,WorkLifeBalance,YearsAtCompany,YearsInCurrentRole,YearsSinceLastPromotion,YearsWithCurrManager,MonthlyIncome_Uncapped,Attrition_Numeric,Age_Group,Tenure_Group,Cluster,Persona,PCA1,PCA2
18,Yes,Travel_Rarely,230,Research & Development,3,3,Life Sciences,3,Male,54,3,1,Laboratory Technician,3,Single,1420.0,Upto 5k,25233,1,No,13,3,3,0,0,2,3,0,0,0,0.0,1420,1,18-25,0-2 Yrs,0,Junior Core,-3.1553,0.0273
18,No,Travel_Rarely,812,Sales,10,3,Medical,4,Female,69,2,1,Sales Representative,3,Single,1200.0,Upto 5k,9724,1,No,12,3,1,0,0,2,3,0,0,0,0.0,1200,0,18-25,0-2 Yrs,0,Junior Core,-3.1755,0.1675
18,Yes,Travel_Frequently,1306,Sales,5,3,Marketing,2,Male,69,3,1,Sales Representative,2,Single,1878.0,Upto 5k,8059,1,Yes,14,3,4,0,0,3,3,0,0,0,0.0,1878,1,18-25,0-2 Yrs,0,Junior Core,-3.1073,0.0373
18,No,Non-Travel,287,Research & Development,5,2,Life Sciences,2,Male,73,3,1,Research Scientist,4,Single,1051.0,Upto 5k,13493,1,No,15,3,4,0,0,2,3,0,0,0,0.0,1051,0,18-25,0-2 Yrs,0,Junior Core,-3.1927,0.085
18,Yes,Non-Travel,247,Research & Development,8,1,Medical,3,Male,80,3,1,Laboratory Technician,3,Single,1904.0,Upto 5k,13556,1,No,12,3,4,0,0,0,3,0,0,0,0.0,1904,1,18-25,0-2 Yrs,0,Junior Core,-3.1035,0.0905
18,No,Non-Travel,1124,Research & Development,1,3,Life Sciences,4,Female,97,3,1,Laboratory Technician,4,Single,1611.0,Upto 5k,19305,1,No,15,3,3,0,0,5,4,0,0,0,0.0,1611,0,18-25,0-2 Yrs,0,Junior Core,-3.1364,-0.0201
18,Yes,Travel_Frequently,544,Sales,3,2,Medical,2,Female,70,3,1,Sales Representative,4,Single,1569.0,Upto 5k,18420,1,Yes,12,3,3,0,0,2,4,0,0,0,0.0,1569,1,18-25,0-2 Yrs,0,Junior Core,-3.1399,0.0187
18,No,Non-Travel,1431,Research & Development,14,3,Medical,2,Female,33,3,1,Research Scientist,3,Single,1514.0,Upto 5k,8018,1,No,16,3,3,0,0,4,1,0,0,0,0.0,1514,0,18-25,0-2 Yrs,0,Junior Core,-3.1415,0.2222
19,Yes,Travel_Rarely,528,Sales,22,1,Marketing,4,Male,50,3,1,Sales Representative,3,Single,1675.0,Upto 5k,26820,1,Yes,19,3,4,0,0,2,2,0,0,0,0.0,1675,1,18-25,0-2 Yrs,0,Junior Core,-3.0847,0.3167
19,No,Travel_Rarely,1181,Research & Development,3,1,Medical,2,Female,79,3,1,Laboratory Technician,2,Single,1483.0,Upto 5k,16102,1,No,14,3,4,0,1,3,3,1,0,0,0.0,1483,0,18-25,0-2 Yrs,0,Junior Core,-2.9871,0.0461
19,Yes,Travel_Frequently,602,Sales,1,1,Technical Degree,3,Female,100,1,1,Sales Representative,1,Single,2325.0,Upto 5k,20989,0,No,21,4,1,0,1,5,4,0,0,0,0.0,2325,1,18-25,0-2 Yrs,0,Junior Core,-2.9651,-0.1205
19,Yes,Travel_Rarely,303,Research & Development,2,3,Life Sciences,2,Male,47,2,1,Laboratory Technician,4,Single,1102.0,Upto 5k,9241,1,No,22,4,3,0,1,3,2,1,0,1,0.0,1102,1,18-25,0-2 Yrs,0,Junior Core,-3.0268,0.0499
19,Yes,Travel_Rarely,489,Human Resources,2,2,Technical Degree,1,Male,52,2,1,Human Resources,4,Single,2564.0,Upto 5k,18437,1,No,12,3,3,0,1,3,4,1,0,0,0.0,2564,1,18-25,0-2 Yrs,0,Junior Core,-2.8758,-0.0344
19,Yes,Travel_Rarely,419,Sales,21,3,Other,4,Male,37,2,1,Sales Representative,2,Single,2121.0,Upto 5k,9947,1,Yes,13,3,2,0,1,3,4,1,0,0,0.0,2121,1,18-25,0-2 Yrs,0,Junior Core,-2.9145,0.3372
19,No,Travel_Rarely,645,Research & Development,9,2,Life Sciences,3,Male,54,3,1,Research Scientist,1,Single,2552.0,Upto 5k,7172,1,No,25,4,3,0,1,4,3,1,1,0,0.0,2552,0,18-25,0-2 Yrs,0,Junior Core,-2.8745,0.0938
19,Yes,Non-Travel,504,Research & Development,10,3,Medical,1,Female,96,2,1,Research Scientist,2,Single,1859.0,Upto 5k,6148,1,Yes,25,4,2,0,1,2,4,1,1,0,0.0,1859,1,18-25,0-2 Yrs,0,Junior Core,-2.9457,0.1519
19,No,Travel_Rarely,265,Research & Development,25,3,Life Sciences,2,Female,57,4,1,Research Scientist,4,Single,2994.0,Upto 5k,21221,1,Yes,12,3,4,0,1,2,3,1,0,0,1.0,2994,0,18-25,0-2 Yrs,0,Junior Core,-2.7319,0.5513
20,Yes,Travel_Frequently,871,Research & Development,6,3,Life Sciences,4,Female,66,2,1,Laboratory Technician,4,Single,2926.0,Upto 5k,19783,1,Yes,18,3,2,0,1,5,3,1,0,1,0.0,2926,1,18-25,0-2 Yrs,0,Junior Core,-2.7997,-0.0244
20,No,Travel_Rarely,959,Research & Development,1,3,Life Sciences,4,Female,83,2,1,Research Scientist,2,Single,2836.0,Upto 5k,11757,1,No,13,3,4,0,1,0,4,1,0,0,0.0,2836,0,18-25,0-2 Yrs,0,Junior Core,-2.8108,-0.1102
20,Yes,Travel_Rarely,1362,Research & Development,10,1,Medical,4,Male,32,3,1,Research Scientist,3,Single,1009.0,Upto 5k,26999,1,Yes,11,3,4,0,1,5,3,1,0,1,1.0,1009,1,18-25,0-2 Yrs,0,Junior Core,-2.9052,0.3506
20,Yes,Travel_Rarely,500,Sales,2,3,Medical,3,Female,49,2,1,Sales Representative,3,Single,2044.0,Upto 5k,22052,1,No,13,3,4,0,2,3,2,2,2,0,2.0,2044,1,18-25,0-2 Yrs,0,Junior Core,-2.5859,0.4012
20,Yes,Travel_Rarely,129,Research & Development,4,3,Technical Degree,1,Male,84,3,1,Laboratory Technician,1,Single,2973.0,Upto 5k,13008,1,No,19,3,2,0,1,2,3,1,0,0,0.0,2973,1,18-25,0-2 Yrs,0,Junior Core,-2.7956,-0.0635
20,Yes,Travel_Rarely,1097,Research & Development,11,3,Medical,4,Female,98,2,1,Research Scientist,1,Single,2600.0,Upto 5k,18275,1,Yes,15,3,1,0,1,2,3,1,0,0,0.0,2600,1,18-25,0-2 Yrs,0,Junior Core,-2.8315,0.0855
20,Yes,Travel_Frequently,769,Sales,9,3,Marketing,4,Female,54,3,1,Sales Representative,4,Single,2323.0,Upto 5k,17205,1,Yes,14,3,2,0,2,3,3,2,2,0,2.0,2323,1,18-25,0-2 Yrs,0,Junior Core,-2.5545,0.5126
20,No,Travel_Rarely,805,Research & Development,3,3,Life Sciences,1,Male,87,2,1,Laboratory Technician,3,Single,3033.0,Upto 5k,12828,1,No,12,3,1,0,2,2,2,2,2,1,2.0,3033,0,18-25,0-2 Yrs,0,Junior Core,-2.4834,0.3624
20,No,Travel_Rarely,654,Sales,21,3,Marketing,3,Male,43,4,1,Sales Representative,4,Single,2678.0,Upto 5k,5050,1,No,17,3,4,0,2,2,3,2,1,2,2.0,2678,0,18-25,0-2 Yrs,0,Junior Core,-2.5134,0.7107
20,No,Travel_Rarely,1141,Sales,2,3,Medical,3,Female,31,3,1,Sales Representative,3,Single,2783.0,Upto 5k,13251,1,No,19,3,1,0,2,3,3,2,2,2,2.0,2783,0,18-25,0-2 Yrs,0,Junior Core,-2.5096,0.3586
20,No,Travel_Rarely,727,Sales,9,1,Life Sciences,4,Male,54,3,1,Sales Representative,1,Single,2728.0,Upto 5k,21082,1,No,11,3,1,0,2,3,3,2,2,0,2.0,2728,0,18-25,0-2 Yrs,0,Junior Core,-2.5127,0.4893
21,No,Travel_Rarely,391,Research & Development,15,2,Life Sciences,3,Male,96,3,1,Research Scientist,4,Single,1232.0,Upto 5k,19281,1,No,14,3,4,0,0,6,3,0,0,0,3.0,1232,0,18-25,0-2 Yrs,0,Junior Core,-2.7856,0.7056
21,No,Travel_Rarely,996,Research & Development,3,2,Medical,4,Male,100,2,1,Research Scientist,3,Single,3230.0,Upto 5k,10531,1,No,17,3,1,0,3,4,4,3,2,1,0.0,3230,0,18-25,3-5 Yrs,0,Junior Core,-2.4832,-0.0096
21,Yes,Travel_Frequently,756,Sales,1,1,Technical Degree,1,Female,99,2,1,Sales Representative,2,Single,2174.0,Upto 5k,9150,1,Yes,11,3,3,0,3,3,3,3,2,1,2.0,2174,1,18-25,3-5 Yrs,0,Junior Core,-2.4111,0.398
21,No,Non-Travel,895,Sales,9,2,Medical,1,Male,39,3,1,Sales Representative,4,Single,2610.0,Upto 5k,2851,1,No,24,4,3,0,3,3,2,3,2,2,3.0,2610,0,18-25,3-5 Yrs,0,Junior Core,-2.2722,0.7101
21,Yes,Travel_Rarely,156,Sales,12,3,Life Sciences,3,Female,90,4,1,Sales Representative,2,Single,2716.0,Upto 5k,25422,1,No,15,3,4,0,1,0,3,1,0,0,0.0,2716,1,18-25,0-2 Yrs,0,Junior Core,-2.7819,0.0551
21,No,Travel_Rarely,1343,Sales,22,1,Technical Degree,3,Male,49,3,1,Sales Representative,3,Single,3447.0,Upto 5k,24444,1,No,11,3,3,0,3,2,3,3,2,1,2.0,3447,0,18-25,3-5 Yrs,0,Junior Core,-2.2718,0.707
21,Yes,Travel_Rarely,1427,Research & Development,18,1,Other,4,Female,65,3,1,Research Scientist,4,Single,2693.0,Upto 5k,8870,1,No,19,3,1,0,1,3,2,1,0,0,0.0,2693,1,18-25,0-2 Yrs,0,Junior Core,-2.782,0.1657
21,Yes,Travel_Rarely,1334,Research & Development,10,3,Life Sciences,3,Female,36,2,1,Laboratory Technician,1,Single,1416.0,Upto 5k,17258,1,No,13,3,1,0,1,6,2,1,0,1,0.0,1416,1,18-25,0-2 Yrs,0,Junior Core,-2.9169,0.0936
21,No,Travel_Rarely,984,Research & Development,1,1,Technical Degree,4,Female,70,2,1,Research Scientist,2,Single,2070.0,Upto 5k,25326,1,Yes,11,3,3,0,2,6,4,2,2,2,2.0,2070,0,18-25,0-2 Yrs,0,Junior Core,-2.5463,0.3396
21,Yes,Travel_Frequently,251,Research & Development,10,2,Life Sciences,1,Female,45,2,1,Laboratory Technician,3,Single,2625.0,Upto 5k,25308,1,No,20,4,3,0,2,2,1,2,2,2,2.0,2625,1,18-25,0-2 Yrs,0,Junior Core,-2.4857,0.4715
21,No,Travel_Rarely,546,Research & Development,5,1,Medical,3,Male,97,3,1,Research Scientist,4,Single,3117.0,Upto 5k,26009,1,No,18,3,3,0,3,2,3,2,2,2,2.0,3117,0,18-25,0-2 Yrs,0,Junior Core,-2.3765,0.3348
21,Yes,Travel_Rarely,337,Sales,7,1,Marketing,2,Male,31,3,1,Sales Representative,2,Single,2679.0,Upto 5k,4567,1,No,13,3,2,0,1,3,3,1,0,1,0.0,2679,1,18-25,0-2 Yrs,0,Junior Core,-2.7876,-0.0339
21,No,Travel_Rarely,501,Sales,5,1,Medical,3,Male,58,3,1,Sales Representative,1,Single,2380.0,Upto 5k,25479,1,Yes,11,3,4,0,2,6,3,2,2,1,2.0,2380,0,18-25,0-2 Yrs,0,Junior Core,-2.5128,0.3945
22,No,Non-Travel,1123,Research & Development,16,2,Medical,4,Male,96,4,1,Laboratory Technician,4,Divorced,2935.0,Upto 5k,7324,1,Yes,13,3,2,2,1,2,2,1,0,0,0.0,2935,0,18-25,0-2 Yrs,0,Junior Core,-2.7205,0.0733
22,No,Travel_Rarely,534,Research & Development,15,3,Medical,2,Female,59,3,1,Laboratory Technician,4,Single,2871.0,Upto 5k,23785,1,No,15,3,3,0,1,5,3,0,0,0,0.0,2871,0,18-25,0-2 Yrs,0,Junior Core,-2.7918,-0.0229
22,No,Travel_Rarely,594,Research & Development,2,1,Technical Degree,3,Male,100,3,1,Laboratory Technician,4,Married,2523.0,Upto 5k,19299,0,No,14,3,3,1,3,2,3,2,1,2,1.0,2523,0,18-25,0-2 Yrs,0,Junior Core,-2.4927,0.0808
22,No,Travel_Rarely,1256,Research & Development,19,1,Medical,3,Male,80,3,1,Research Scientist,4,Married,2323.0,Upto 5k,11992,1,No,24,4,1,2,2,6,3,2,2,2,2.0,2323,0,18-25,0-2 Yrs,0,Junior Core,-2.4762,0.6108
22,No,Travel_Rarely,1136,Research & Development,5,3,Life Sciences,4,Male,60,4,1,Research Scientist,2,Divorced,2328.0,Upto 5k,12392,1,Yes,16,3,1,1,4,2,2,4,2,2,3.0,2328,0,18-25,3-5 Yrs,0,Junior Core,-2.1411,0.676
22,No,Travel_Rarely,253,Research & Development,11,3,Medical,1,Female,43,3,1,Research Scientist,2,Married,2244.0,Upto 5k,24440,1,No,13,3,4,1,2,1,3,2,1,1,2.0,2244,0,18-25,0-2 Yrs,0,Junior Core,-2.4874,0.4697
22,Yes,Travel_Frequently,1368,Research & Development,4,1,Technical Degree,3,Male,99,2,1,Laboratory Technician,3,Single,3894.0,Upto 5k,9129,5,No,16,3,3,0,4,3,3,2,2,1,2.0,3894,1,18-25,0-2 Yrs,0,Junior Core,-2.1992,0.2125
22,No,Travel_Rarely,604,Research & Development,6,1,Medical,1,Male,69,3,1,Research Scientist,3,Married,2773.0,Upto 5k,12145,0,No,20,4,4,0,3,3,3,2,2,2,2.0,2773,0,18-25,0-2 Yrs,0,Junior Core,-2.3744,0.3308
22,No,Travel_Rarely,1230,Research & Development,1,2,Life Sciences,4,Male,33,2,2,Manufacturing Director,4,Married,4775.0,Upto 5k,19146,6,No,22,4,1,2,4,2,1,2,2,2,2.0,4775,0,18-25,0-2 Yrs,0,Junior Core,-1.6972,-0.0993
22,Yes,Travel_Rarely,617,Research & Development,3,1,Life Sciences,2,Female,34,3,2,Manufacturing Director,3,Married,4171.0,Upto 5k,10022,0,Yes,19,3,1,1,4,3,4,3,2,0,2.0,4171,1,18-25,3-5 Yrs,0,Junior Core,-1.6946,0.0536
22,No,Travel_Rarely,217,Research & Development,8,1,Life Sciences,2,Male,94,1,1,Laboratory Technician,1,Married,2451.0,Upto 5k,6881,1,No,15,3,1,1,4,3,2,4,3,1,1.0,2451,0,18-25,3-5 Yrs,0,Junior Core,-2.3092,0.3404
22,Yes,Travel_Frequently,1256,Research & Development,3,4,Life Sciences,3,Male,48,2,1,Research Scientist,4,Married,2853.0,Upto 5k,4223,0,Yes,11,3,2,1,1,5,3,0,0,0,0.0,2853,1,18-25,0-2 Yrs,0,Junior Core,-2.7981,-0.2404
22,No,Non-Travel,457,Research & Development,26,2,Other,2,Female,85,2,1,Research Scientist,3,Married,2814.0,Upto 5k,10293,1,Yes,14,3,2,0,4,2,2,4,2,1,3.0,2814,0,18-25,3-5 Yrs,0,Junior Core,-2.0831,1.0304
22,Yes,Travel_Rarely,1294,Research & Development,8,1,Medical,3,Female,79,3,1,Laboratory Technician,1,Married,2398.0,Upto 5k,15999,1,Yes,17,3,3,0,1,6,3,1,0,0,0.0,2398,1,18-25,0-2 Yrs,0,Junior Core,-2.779,-0.0414
22,Yes,Travel_Rarely,391,Research & Development,7,1,Life Sciences,4,Male,75,3,1,Research Scientist,2,Single,2472.0,Upto 5k,26092,1,Yes,23,4,1,0,1,2,3,1,0,0,0.0,2472,1,18-25,0-2 Yrs,0,Junior Core,-2.7717,-0.0639
22,No,Travel_Rarely,581,Research & Development,1,2,Life Sciences,4,Male,63,3,1,Research Scientist,3,Single,3375.0,Upto 5k,17624,0,No,12,3,4,0,4,2,4,3,2,1,2.0,3375,0,18-25,3-5 Yrs,0,Junior Core,-2.1896,0.2695
23,No,Travel_Rarely,541,Sales,2,1,Technical Degree,3,Male,62,3,1,Sales Representative,1,Divorced,2322.0,Upto 5k,9518,3,No,13,3,3,1,3,3,3,0,0,0,0.0,2322,0,18-25,0-2 Yrs,0,Junior Core,-2.6956,-0.3046
23,No,Travel_Rarely,1309,Research & Development,26,1,Life Sciences,3,Male,83,3,1,Research Scientist,4,Divorced,2904.0,Upto 5k,16092,1,No,12,3,3,2,4,2,2,4,2,0,2.0,2904,0,18-25,3-5 Yrs,0,Junior Core,-2.1275,0.7917
23,No,Travel_Rarely,885,Research & Development,4,3,Medical,1,Male,58,4,1,Research Scientist,1,Married,2819.0,Upto 5k,8544,2,No,16,3,1,1,5,3,4,3,2,0,2.0,2819,0,18-25,3-5 Yrs,0,Junior Core,-2.1485,0.2969
23,No,Travel_Rarely,650,Research & Development,9,1,Medical,2,Male,37,3,1,Laboratory Technician,1,Married,2500.0,Upto 5k,4344,1,No,14,3,4,1,5,2,4,4,3,0,2.0,2500,0,18-25,3-5 Yrs,0,Junior Core,-2.1153,0.4881
23,No,Travel_Rarely,310,Research & Development,10,1,Medical,1,Male,79,4,1,Research Scientist,3,Single,3505.0,Upto 5k,19630,1,No,18,3,4,0,2,3,3,2,2,0,2.0,3505,0,18-25,0-2 Yrs,0,Junior Core,-2.3202,0.3368
23,Yes,Travel_Rarely,1243,Research & Development,6,3,Life Sciences,3,Male,63,4,1,Laboratory Technician,1,Married,1601.0,Upto 5k,3445,1,Yes,21,4,3,2,1,2,3,0,0,0,0.0,1601,1,18-25,0-2 Yrs,0,Junior Core,-2.889,-0.1556
23,No,Travel_Rarely,373,Research & Development,1,2,Life Sciences,4,Male,47,3,1,Research Scientist,3,Married,1223.0,Upto 5k,16901,1,No,22,4,4,1,1,2,3,1,0,0,1.0,1223,0,18-25,0-2 Yrs,0,Junior Core,-2.7747,0.0485
23,No,Travel_Rarely,507,Research & Development,20,1,Life Sciences,1,Male,97,3,2,Laboratory Technician,3,Single,2272.0,Upto 5k,24812,0,No,14,3,2,0,5,2,3,4,3,1,2.0,2272,0,18-25,3-5 Yrs,0,Junior Core,-1.7227,0.4951
23,No,Travel_Rarely,977,Research & Development,10,3,Technical Degree,4,Male,45,4,1,Research Scientist,3,Married,2073.0,Upto 5k,12826,2,No,16,3,4,1,4,2,3,2,2,2,2.0,2073,0,18-25,0-2 Yrs,0,Junior Core,-2.3477,0.3848
23,Yes,Travel_Rarely,1320,Research & Development,8,1,Medical,4,Male,93,2,1,Laboratory Technician,3,Single,3989.0,Upto 5k,20586,1,Yes,11,3,1,0,5,2,3,5,4,1,2.0,3989,1,18-25,3-5 Yrs,0,Junior Core,-1.8976,0.4658
23,Yes,Travel_Rarely,427,Sales,7,3,Life Sciences,3,Male,99,3,1,Sales Representative,4,Divorced,2275.0,Upto 5k,25103,1,Yes,21,4,2,1,3,2,3,3,2,0,2.0,2275,1,18-25,3-5 Yrs,0,Junior Core,-2.3239,0.4175
23,No,Travel_Rarely,160,Research & Development,4,1,Medical,3,Female,51,3,1,Laboratory Technician,2,Single,3295.0,Upto 5k,12862,1,No,13,3,3,0,3,3,1,3,2,1,2.0,3295,0,18-25,3-5 Yrs,0,Junior Core,-2.2197,0.3041
23,No,Travel_Rarely,571,Research & Development,12,2,Other,4,Male,78,3,1,Laboratory Technician,4,Single,2647.0,Upto 5k,13672,1,No,13,3,3,0,5,6,4,5,2,1,4.0,2647,0,18-25,3-5 Yrs,0,Junior Core,-1.8528,0.9991
23,Yes,Travel_Frequently,638,Sales,9,3,Marketing,4,Male,33,3,1,Sales Representative,1,Married,1790.0,Upto 5k,26956,1,No,19,3,1,1,1,3,2,1,0,1,0.0,1790,1,18-25,0-2 Yrs,0,Junior Core,-2.8041,-0.0301
24,No,Non-Travel,673,Research & Development,11,2,Other,1,Female,96,4,2,Manufacturing Director,3,Divorced,4011.0,Upto 5k,8232,0,No,18,3,4,1,5,5,2,4,2,1,3.0,4011,0,18-25,3-5 Yrs,0,Junior Core,-1.4182,0.3806
24,Yes,Travel_Rarely,813,Research & Development,1,3,Medical,2,Male,61,3,1,Research Scientist,4,Married,2293.0,Upto 5k,3020,2,Yes,16,3,1,1,6,2,2,2,0,2,0.0,2293,1,18-25,0-2 Yrs,0,Junior Core,-2.3526,-0.2515
24,No,Travel_Rarely,1353,Sales,3,2,Other,1,Female,33,3,2,Sales Executive,3,Married,4999.0,Upto 5k,17519,0,No,21,4,1,1,4,2,2,3,2,0,2.0,4999,0,18-25,3-5 Yrs,0,Junior Core,-1.5346,-0.078
24,No,Travel_Rarely,1127,Research & Development,18,1,Life Sciences,2,Male,52,3,1,Laboratory Technician,3,Married,2774.0,Upto 5k,13257,0,No,12,3,3,1,6,2,3,5,3,1,2.0,2774,0,18-25,3-5 Yrs,0,Junior Core,-1.9219,0.6587
24,No,Travel_Rarely,1371,Sales,10,4,Marketing,4,Female,77,3,2,Sales Executive,3,Divorced,4260.0,Upto 5k,5915,1,Yes,12,3,4,1,5,2,4,5,2,0,3.0,4260,0,18-25,3-5 Yrs,0,Junior Core,-1.3286,0.4298
24,Yes,Travel_Rarely,1448,Sales,1,1,Technical Degree,1,Female,62,3,1,Sales Representative,2,Single,3202.0,Upto 5k,21972,1,Yes,16,3,2,0,6,4,3,5,3,1,4.0,3202,1,18-25,3-5 Yrs,0,Junior Core,-1.7021,0.7076
24,No,Travel_Frequently,535,Sales,24,3,Medical,4,Male,38,3,1,Sales Representative,4,Married,2400.0,Upto 5k,5530,0,No,13,3,3,2,3,3,3,2,2,2,1.0,2400,0,18-25,0-2 Yrs,0,Junior Core,-2.4227,0.4046
24,No,Travel_Rarely,691,Research & Development,23,3,Medical,2,Male,89,4,1,Research Scientist,4,Married,2725.0,Upto 5k,21630,1,Yes,11,3,2,2,6,3,3,6,5,1,4.0,2725,0,18-25,6-10 Yrs,0,Junior Core,-1.679,1.2174
24,No,Travel_Rarely,823,Research & Development,17,2,Other,4,Male,94,2,1,Laboratory Technician,2,Married,2127.0,Upto 5k,9100,1,No,21,4,4,1,1,2,3,1,0,0,0.0,2127,0,18-25,0-2 Yrs,0,Junior Core,-2.7291,0.0542
24,Yes,Travel_Frequently,1287,Research & Development,7,3,Life Sciences,1,Female,55,3,1,Laboratory Technician,3,Married,2886.0,Upto 5k,14168,1,Yes,16,3,4,1,6,4,3,6,3,1,2.0,2886,1,18-25,6-10 Yrs,0,Junior Core,-1.8502,0.5336
24,Yes,Travel_Rarely,693,Sales,3,2,Life Sciences,1,Female,65,3,2,Sales Executive,3,Single,4577.0,Upto 5k,24785,9,No,14,3,1,0,4,3,3,2,2,2,0.0,4577,1,18-25,0-2 Yrs,0,Junior Core,-1.8243,-0.5186
24,No,Non-Travel,1092,Research & Development,9,3,Life Sciences,3,Male,60,2,1,Laboratory Technician,2,Divorced,2694.0,Upto 5k,26551,1,No,11,3,3,3,1,4,3,1,0,0,0.0,2694,0,18-25,0-2 Yrs,0,Junior Core,-2.6735,-0.1242
24,No,Non-Travel,1269,Research & Development,4,1,Life Sciences,1,Male,46,2,1,Laboratory Technician,4,Married,3162.0,Upto 5k,10778,0,No,17,3,4,0,6,2,2,5,2,3,4.0,3162,0,18-25,3-5 Yrs,0,Junior Core,-1.7051,0.7645
24,No,Travel_Rarely,1206,Research & Development,17,1,Medical,4,Female,41,2,2,Manufacturing Director,3,Divorced,4377.0,Upto 5k,24117,1,No,15,3,2,2,5,6,3,4,2,3,2.0,4377,0,18-25,3-5 Yrs,0,Junior Core,-1.4692,0.2772
24,No,Travel_Rarely,477,Research & Development,24,3,Medical,4,Male,49,3,1,Laboratory Technician,2,Single,3597.0,Upto 5k,6409,8,No,22,4,4,0,6,2,3,4,3,1,2.0,3597,0,18-25,3-5 Yrs,0,Junior Core,-1.899,0.6388
24,Yes,Travel_Rarely,984,Research & Development,17,2,Life Sciences,4,Female,97,3,1,Laboratory Technician,2,Married,2210.0,Upto 5k,3372,1,No,13,3,1,1,1,3,1,1,0,0,0.0,2210,1,18-25,0-2 Yrs,0,Junior Core,-2.7205,0.0494
24,No,Travel_Rarely,1476,Sales,4,1,Medical,4,Female,42,3,2,Sales Executive,3,Married,4162.0,Upto 5k,15211,1,Yes,12,3,3,2,5,3,3,5,4,0,3.0,4162,0,18-25,3-5 Yrs,0,Junior Core,-1.341,0.3262
24,Yes,Travel_Frequently,381,Research & Development,9,3,Medical,2,Male,89,3,1,Laboratory Technician,1,Single,3172.0,Upto 5k,16998,2,Yes,11,3,3,0,4,2,2,0,0,0,0.0,3172,1,18-25,0-2 Yrs,0,Junior Core,-2.5078,-0.2854
24,No,Non-Travel,830,Sales,13,2,Life Sciences,4,Female,78,3,1,Sales Representative,2,Married,2033.0,Upto 5k,7103,1,No,13,3,3,1,1,2,3,1,0,0,0.0,2033,0,18-25,0-2 Yrs,0,Junior Core,-2.7403,-0.0132
24,No,Travel_Rarely,350,Research & Development,21,2,Technical Degree,3,Male,57,2,1,Laboratory Technician,1,Divorced,2296.0,Upto 5k,10036,0,No,14,3,2,3,2,3,3,1,1,0,0.0,2296,0,18-25,0-2 Yrs,0,Junior Core,-2.6499,0.1
24,No,Travel_Frequently,567,Research & Development,2,1,Technical Degree,1,Female,32,3,1,Research Scientist,4,Single,3760.0,Upto 5k,17218,1,Yes,13,3,3,0,6,2,3,6,3,1,3.0,3760,0,18-25,6-10 Yrs,0,Junior Core,-1.6708,0.5838
24,No,Travel_Rarely,581,Research & Development,9,3,Medical,3,Male,62,4,1,Research Scientist,3,Married,4401.0,Upto 5k,17616,1,No,16,3,4,1,5,1,3,5,3,0,4.0,4401,0,18-25,3-5 Yrs,0,Junior Core,-1.6355,0.8015
24,Yes,Travel_Rarely,240,Human Resources,22,1,Human Resources,4,Male,58,1,1,Human Resources,3,Married,1555.0,Upto 5k,11585,1,No,11,3,3,1,1,2,3,1,0,0,0.0,1555,1,18-25,0-2 Yrs,0,Junior Core,-2.7863,0.1782
24,No,Travel_Rarely,506,Research & Development,29,1,Medical,2,Male,91,3,1,Laboratory Technician,1,Divorced,3907.0,Upto 5k,3622,1,No,13,3,2,3,6,2,4,6,2,1,2.0,3907,0,18-25,6-10 Yrs,0,Junior Core,-1.7366,0.8754
24,No,Travel_Frequently,897,Human Resources,10,3,Medical,1,Male,59,3,1,Human Resources,4,Married,2145.0,Upto 5k,2097,0,No,14,3,4,1,3,2,3,2,2,2,1.0,2145,0,18-25,0-2 Yrs,0,Junior Core,-2.4542,0.1644
24,No,Travel_Rarely,771,Research & Development,1,2,Life Sciences,2,Male,45,2,2,Healthcare Representative,3,Single,4617.0,Upto 5k,14120,1,No,12,3,2,0,4,2,2,4,3,1,2.0,4617,0,18-25,3-5 Yrs,0,Junior Core,-1.5105,-0.0107
25,Yes,Travel_Rarely,240,Sales,5,3,Marketing,3,Male,46,2,2,Sales Executive,3,Single,5744.0,5k-10k,26959,1,Yes,11,3,4,0,6,1,3,6,4,0,3.0,5744,1,18-25,6-10 Yrs,0,Junior Core,-1.0155,0.2756
25,No,Travel_Rarely,1280,Research & Development,7,1,Medical,4,Male,64,2,1,Research Scientist,4,Married,2889.0,Upto 5k,26897,1,No,11,3,3,2,2,2,3,2,2,2,1.0,2889,0,18-25,0-2 Yrs,0,Junior Core,-2.4014,0.0422
25,No,Travel_Rarely,959,Sales,28,3,Life Sciences,1,Male,41,2,2,Sales Executive,3,Married,8639.0,5k-10k,24835,2,No,18,3,4,0,6,3,3,2,2,2,3.0,8639,0,18-25,0-2 Yrs,0,Junior Core,-0.965,0.2007
25,No,Travel_Rarely,685,Research & Development,1,3,Life Sciences,1,Female,62,3,2,Manufacturing Director,3,Married,4898.0,Upto 5k,7505,0,No,12,3,4,2,5,3,3,4,2,1,3.0,4898,0,18-25,3-5 Yrs,0,Junior Core,-1.2931,0.1054
25,No,Non-Travel,675,Research & Development,5,2,Life Sciences,2,Male,85,4,2,Healthcare Representative,1,Divorced,4000.0,Upto 5k,18384,1,No,12,3,4,2,6,2,3,6,3,1,5.0,4000,0,18-25,6-10 Yrs,0,Junior Core,-1.0137,0.7593
25,No,Travel_Rarely,891,Sales,4,2,Life Sciences,2,Female,99,2,2,Sales Executive,4,Single,4487.0,Upto 5k,12090,1,Yes,11,3,2,0,5,3,3,5,4,1,3.0,4487,0,18-25,3-5 Yrs,0,Junior Core,-1.2701,0.2655
25,Yes,Travel_Rarely,688,Research & Development,3,3,Medical,1,Male,91,3,1,Laboratory Technician,1,Married,4031.0,Upto 5k,9396,5,No,13,3,3,1,6,5,3,2,2,0,3.0,4031,1,18-25,0-2 Yrs,0,Junior Core,-1.8622,0.2175
25,No,Travel_Rarely,622,Sales,13,1,Medical,2,Male,40,3,1,Sales Representative,3,Married,2096.0,Upto 5k,26376,1,No,11,3,3,0,7,1,3,7,4,0,6.0,2096,0,18-25,6-10 Yrs,0,Junior Core,-1.404,1.4772
25,No,Travel_Rarely,810,Sales,8,3,Life Sciences,4,Male,57,4,2,Sales Executive,2,Married,4851.0,Upto 5k,15678,0,No,22,4,3,1,4,4,3,3,2,1,2.0,4851,0,18-25,3-5 Yrs,0,Junior Core,-1.5107,-0.0204
25,No,Travel_Rarely,883,Sales,26,1,Medical,3,Female,32,3,2,Sales Executive,4,Single,6180.0,5k-10k,22807,1,No,23,4,2,0,6,5,2,6,5,1,4.0,6180,0,18-25,6-10 Yrs,0,Junior Core,-0.8717,0.8245
25,No,Travel_Rarely,180,Research & Development,2,1,Medical,1,Male,65,4,1,Research Scientist,1,Single,3424.0,Upto 5k,21632,7,No,13,3,3,0,6,3,2,4,3,0,1.0,3424,0,18-25,3-5 Yrs,0,Junior Core,-1.9787,0.0146
25,No,Travel_Rarely,141,Sales,3,1,Other,3,Male,98,3,2,Sales Executive,1,Married,4194.0,Upto 5k,14363,1,Yes,18,3,4,0,5,3,3,5,3,0,3.0,4194,0,18-25,3-5 Yrs,0,Junior Core,-1.3008,0.2642
25,No,Travel_Rarely,583,Sales,4,1,Marketing,3,Male,87,2,2,Sales Executive,1,Married,4256.0,Upto 5k,18154,1,No,12,3,1,0,5,1,4,5,2,0,3.0,4256,0,18-25,3-5 Yrs,0,Junior Core,-1.294,0.2788
25,Yes,Travel_Rarely,867,Sales,19,2,Marketing,3,Male,36,2,1,Sales Representative,2,Married,2413.0,Upto 5k,18798,1,Yes,18,3,3,3,1,2,3,1,0,0,0.0,2413,1,18-25,0-2 Yrs,0,Junior Core,-2.6615,0.0322
25,Yes,Travel_Rarely,1219,Research & Development,4,1,Technical Degree,4,Male,32,3,1,Laboratory Technician,4,Married,3691.0,Upto 5k,4605,1,Yes,15,3,2,1,7,3,4,7,7,5,6.0,3691,1,18-25,6-10 Yrs,0,Junior Core,-1.2426,1.2214
25,No,Travel_Rarely,1356,Sales,10,4,Life Sciences,3,Male,57,3,2,Sales Executive,4,Single,4950.0,Upto 5k,20623,0,No,14,3,2,0,5,4,3,4,3,1,1.0,4950,0,18-25,3-5 Yrs,0,Junior Core,-1.4663,-0.1168
25,Yes,Travel_Frequently,599,Sales,24,1,Life Sciences,3,Male,73,1,1,Sales Representative,4,Single,1118.0,Upto 5k,8040,1,Yes,14,3,4,0,1,4,3,1,0,1,0.0,1118,1,18-25,0-2 Yrs,0,Junior Core,-2.7934,0.1979
25,No,Travel_Rarely,266,Research & Development,1,3,Medical,4,Female,40,3,1,Research Scientist,2,Single,2096.0,Upto 5k,18830,1,No,18,3,4,0,2,3,2,2,2,2,1.0,2096,0,18-25,0-2 Yrs,0,Junior Core,-2.4855,-0.0213
25,No,Travel_Rarely,882,Research & Development,19,1,Medical,4,Male,67,3,1,Laboratory Technician,4,Married,3669.0,Upto 5k,9075,3,No,11,3,3,3,7,6,2,3,2,1,2.0,3669,0,18-25,3-5 Yrs,0,Junior Core,-1.8602,0.4026
25,No,Travel_Rarely,1372,Sales,18,1,Life Sciences,1,Male,93,4,2,Sales Executive,3,Married,6232.0,5k-10k,12477,2,No,11,3,2,0,6,3,2,3,2,1,2.0,6232,0,18-25,3-5 Yrs,0,Junior Core,-1.244,0.0475
25,No,Travel_Rarely,949,Research & Development,1,3,Technical Degree,1,Male,81,3,1,Laboratory Technician,4,Married,3229.0,Upto 5k,4910,4,No,11,3,2,1,7,2,2,3,2,0,2.0,3229,0,18-25,3-5 Yrs,0,Junior Core,-1.9123,0.1001
25,Yes,Travel_Rarely,383,Sales,9,2,Life Sciences,1,Male,68,2,1,Sales Representative,1,Married,4400.0,Upto 5k,15182,3,No,12,3,1,0,6,2,3,3,2,2,2.0,4400,1,18-25,3-5 Yrs,0,Junior Core,-1.8486,0.1956
25,No,Travel_Frequently,772,Research & Development,2,1,Life Sciences,4,Male,77,4,2,Manufacturing Director,3,Divorced,5206.0,5k-10k,4973,1,No,17,3,3,2,7,6,3,7,7,0,7.0,5206,0,18-25,6-10 Yrs,1,Mid-Level Professionals,-0.5839,1.0828
25,No,Travel_Rarely,309,Human Resources,2,3,Human Resources,3,Female,82,3,1,Human Resources,2,Married,2187.0,Upto 5k,19655,4,No,14,3,3,0,6,3,3,2,0,1,2.0,2187,0,18-25,0-2 Yrs,0,Junior Core,-2.144,0.114
25,No,Travel_Rarely,977,Research & Development,2,1,Other,4,Male,57,3,1,Laboratory Technician,3,Divorced,3977.0,Upto 5k,7298,6,Yes,19,3,3,1,7,2,2,2,2,0,2.0,3977,0,18-25,0-2 Yrs,0,Junior Core,-1.899,-0.0065
25,No,Travel_Rarely,1382,Sales,8,2,Other,1,Female,85,3,2,Sales Executive,3,Divorced,4907.0,Upto 5k,13684,0,Yes,22,4,2,1,6,3,2,5,3,0,4.0,4907,0,18-25,3-5 Yrs,0,Junior Core,-1.0741,0.4884
26,Yes,Travel_Rarely,1357,Research & Development,25,3,Life Sciences,1,Male,48,1,1,Laboratory Technician,3,Single,2293.0,Upto 5k,10558,1,No,12,3,3,0,1,2,2,1,0,0,1.0,2293,1,26-35,0-2 Yrs,0,Junior Core,-2.5435,0.298
26,No,Travel_Rarely,1443,Sales,23,3,Marketing,3,Female,47,2,2,Sales Executive,4,Married,4157.0,Upto 5k,21436,7,Yes,19,3,3,1,5,2,2,2,2,0,0.0,4157,0,26-35,0-2 Yrs,0,Junior Core,-1.7256,-0.2314
26,No,Travel_Rarely,841,Research & Development,6,3,Other,3,Female,46,2,1,Research Scientist,2,Married,2368.0,Upto 5k,23300,1,No,19,3,3,0,5,3,2,5,4,4,3.0,2368,0,26-35,3-5 Yrs,0,Junior Core,-1.863,0.5885
26,No,Travel_Rarely,1355,Human Resources,25,1,Life Sciences,3,Female,61,3,1,Human Resources,3,Married,2942.0,Upto 5k,8916,1,No,23,4,4,1,8,3,3,8,7,5,7.0,2942,0,26-35,6-10 Yrs,1,Mid-Level Professionals,-1.0595,1.861
26,No,Travel_Frequently,1479,Research & Development,1,3,Life Sciences,3,Female,84,3,2,Manufacturing Director,2,Divorced,6397.0,5k-10k,26767,1,No,20,4,1,1,6,6,1,6,5,1,4.0,6397,0,26-35,6-10 Yrs,0,Junior Core,-0.8213,0.3148
26,No,Travel_Frequently,496,Research & Development,11,2,Medical,1,Male,60,3,2,Healthcare Representative,1,Married,4741.0,Upto 5k,22722,1,Yes,13,3,3,1,5,3,3,5,3,3,3.0,4741,0,26-35,3-5 Yrs,0,Junior Core,-1.204,0.3364
26,Yes,Travel_Rarely,1449,Research & Development,16,4,Medical,1,Male,45,3,1,Laboratory Technician,2,Divorced,2373.0,Upto 5k,14180,2,Yes,13,3,4,1,5,2,3,3,2,0,2.0,2373,1,26-35,3-5 Yrs,0,Junior Core,-2.0783,0.4153
26,Yes,Travel_Rarely,950,Sales,4,4,Marketing,4,Male,48,2,2,Sales Executive,4,Single,5828.0,5k-10k,8450,1,Yes,12,3,2,0,8,0,3,8,7,7,4.0,5828,1,26-35,6-10 Yrs,0,Junior Core,-0.63,0.5311
26,No,Travel_Rarely,933,Sales,1,3,Life Sciences,3,Male,57,3,2,Sales Executive,3,Married,5296.0,5k-10k,20156,1,No,17,3,2,1,8,3,3,8,7,7,7.0,5296,0,26-35,6-10 Yrs,1,Mid-Level Professionals,-0.4132,1.0818
26,Yes,Travel_Frequently,575,Research & Development,3,1,Technical Degree,3,Male,73,3,1,Research Scientist,1,Single,3102.0,Upto 5k,6582,0,No,22,4,3,0,7,2,3,6,4,0,4.0,3102,1,26-35,6-10 Yrs,0,Junior Core,-1.5127,0.7303
26,No,Travel_Rarely,1349,Research & Development,23,3,Life Sciences,1,Female,90,3,1,Research Scientist,4,Divorced,2886.0,Upto 5k,3032,1,No,22,4,2,2,3,3,1,3,2,0,2.0,2886,0,26-35,3-5 Yrs,0,Junior Core,-2.1431,0.5478
26,Yes,Travel_Frequently,426,Human Resources,17,4,Life Sciences,2,Female,58,3,1,Human Resources,3,Divorced,2741.0,Upto 5k,22808,0,Yes,11,3,2,1,8,2,2,7,7,1,0.0,2741,1,26-35,6-10 Yrs,0,Junior Core,-1.7842,0.3041
26,No,Travel_Rarely,775,Sales,29,2,Medical,1,Male,45,3,2,Sales Executive,3,Divorced,4306.0,Upto 5k,4267,5,No,12,3,1,2,8,5,3,0,0,0,0.0,4306,0,26-35,0-2 Yrs,0,Junior Core,-1.6559,-0.3461
26,Yes,Travel_Rarely,471,Research & Development,24,3,Technical Degree,3,Male,66,1,1,Laboratory Technician,4,Single,2340.0,Upto 5k,23213,1,Yes,18,3,2,0,1,3,1,1,0,0,0.0,2340,1,26-35,0-2 Yrs,0,Junior Core,-2.6299,0.0855
26,No,Travel_Rarely,703,Sales,28,2,Marketing,1,Male,66,3,2,Sales Executive,2,Married,6272.0,5k-10k,7428,1,No,20,4,4,2,6,5,4,5,3,1,4.0,6272,0,26-35,3-5 Yrs,0,Junior Core,-0.8884,0.732
26,No,Travel_Rarely,991,Research & Development,6,3,Life Sciences,3,Female,71,3,1,Laboratory Technician,4,Married,2659.0,Upto 5k,17759,1,Yes,13,3,3,1,3,2,3,3,2,0,2.0,2659,0,26-35,3-5 Yrs,0,Junior Core,-2.1729,0.2513
26,No,Travel_Frequently,575,Research & Development,1,2,Life Sciences,1,Female,71,1,1,Laboratory Technician,4,Divorced,4364.0,Upto 5k,5288,3,No,14,3,1,1,5,2,3,2,2,2,0.0,4364,0,26-35,0-2 Yrs,0,Junior Core,-2.1244,-0.4375
26,Yes,Travel_Rarely,1146,Sales,8,3,Technical Degree,4,Male,38,2,2,Sales Executive,1,Single,5326.0,5k-10k,3064,6,No,17,3,3,0,6,2,2,4,3,1,2.0,5326,1,26-35,3-5 Yrs,0,Junior Core,-1.2398,-0.0426
26,Yes,Travel_Frequently,887,Research & Development,5,2,Medical,3,Female,88,2,1,Research Scientist,3,Married,2366.0,Upto 5k,20898,1,Yes,14,3,1,1,8,2,3,8,7,1,7.0,2366,1,26-35,6-10 Yrs,0,Junior Core,-1.1264,1.53
26,No,Travel_Frequently,1283,Sales,1,3,Medical,3,Male,52,2,2,Sales Executive,1,Single,4294.0,Upto 5k,11148,1,No,12,3,2,0,7,2,3,7,7,0,7.0,4294,0,26-35,6-10 Yrs,1,Mid-Level Professionals,-0.6412,1.0752
26,No,Travel_Rarely,1066,Research & Development,2,2,Medical,4,Male,32,4,2,Manufacturing Director,4,Married,5472.0,5k-10k,3334,1,No,12,3,2,0,8,2,3,8,7,1,3.0,5472,0,26-35,6-10 Yrs,0,Junior Core,-0.7585,0.3236
26,Yes,Non-Travel,265,Sales,29,2,Medical,2,Male,79,1,2,Sales Executive,1,Single,4969.0,Upto 5k,21813,8,No,18,3,4,0,7,6,3,2,2,2,2.0,4969,1,26-35,0-2 Yrs,0,Junior Core,-1.3371,0.1796
26,Yes,Travel_Frequently,342,Research & Development,2,3,Life Sciences,1,Male,57,3,1,Research Scientist,1,Married,2042.0,Upto 5k,15346,6,Yes,14,3,2,1,6,2,3,3,2,1,2.0,2042,1,26-35,3-5 Yrs,0,Junior Core,-2.0575,0.1621
26,No,Travel_Frequently,921,Research & Development,1,1,Medical,1,Female,66,2,1,Research Scientist,3,Divorced,2007.0,Upto 5k,25265,1,No,13,3,3,2,5,5,3,5,3,1,3.0,2007,0,26-35,3-5 Yrs,0,Junior Core,-1.9022,0.5183
26,No,Travel_Rarely,192,Research & Development,1,2,Medical,1,Male,59,2,1,Laboratory Technician,1,Married,3955.0,Upto 5k,11141,1,No,16,3,1,2,6,2,3,5,3,1,3.0,3955,0,26-35,3-5 Yrs,0,Junior Core,-1.6408,0.3887
26,Yes,Travel_Rarely,1330,Research & Development,21,3,Medical,1,Male,37,3,1,Laboratory Technician,3,Divorced,2377.0,Upto 5k,19373,1,No,20,4,3,1,1,0,2,1,1,0,0.0,2377,1,26-35,0-2 Yrs,0,Junior Core,-2.6272,0.0287
26,No,Travel_Rarely,1384,Research & Development,3,4,Medical,1,Male,82,4,1,Laboratory Technician,4,Married,4420.0,Upto 5k,13421,1,No,22,4,2,1,8,2,3,8,7,0,7.0,4420,0,26-35,6-10 Yrs,0,Junior Core,-0.915,1.3752
26,No,Travel_Rarely,583,Research & Development,4,2,Life Sciences,3,Male,53,3,1,Research Scientist,4,Single,2875.0,Upto 5k,9973,1,Yes,20,4,2,0,8,2,2,8,5,2,2.0,2875,0,26-35,6-10 Yrs,0,Junior Core,-1.529,0.5245
26,No,Travel_Rarely,683,Research & Development,2,1,Medical,1,Male,36,2,1,Research Scientist,4,Single,3904.0,Upto 5k,4050,0,No,12,3,4,0,5,2,3,4,3,1,1.0,3904,0,26-35,3-5 Yrs,0,Junior Core,-1.9521,-0.0378
26,No,Travel_Rarely,652,Research & Development,7,3,Other,3,Male,100,4,1,Laboratory Technician,1,Single,3578.0,Upto 5k,23577,0,No,12,3,4,0,8,2,3,7,7,0,7.0,3578,0,26-35,6-10 Yrs,0,Junior Core,-1.0647,1.4149
26,No,Travel_Rarely,474,Research & Development,3,3,Life Sciences,1,Female,89,3,1,Research Scientist,4,Married,2061.0,Upto 5k,11133,1,No,21,4,1,0,1,5,3,1,0,0,0.0,2061,0,26-35,0-2 Yrs,0,Junior Core,-2.6666,-0.2808
26,No,Non-Travel,786,Research & Development,7,3,Medical,4,Male,76,3,1,Laboratory Technician,4,Single,2570.0,Upto 5k,11925,1,No,20,4,3,0,7,5,3,7,7,5,7.0,2570,0,26-35,6-10 Yrs,0,Junior Core,-1.229,1.4903
26,No,Travel_Rarely,390,Research & Development,17,4,Medical,4,Male,62,1,1,Laboratory Technician,3,Married,2305.0,Upto 5k,6217,1,No,15,3,3,3,3,3,4,3,2,0,2.0,2305,0,26-35,3-5 Yrs,0,Junior Core,-2.2053,0.4721
26,Yes,Travel_Rarely,920,Human Resources,20,2,Medical,4,Female,69,3,1,Human Resources,2,Married,2148.0,Upto 5k,6889,0,Yes,11,3,3,0,6,3,3,5,1,1,4.0,2148,1,26-35,3-5 Yrs,0,Junior Core,-1.7294,1.0304
26,No,Travel_Rarely,572,Sales,10,3,Medical,3,Male,46,3,2,Sales Executive,4,Single,4684.0,Upto 5k,9125,1,No,13,3,1,0,5,4,3,5,3,1,2.0,4684,0,26-35,3-5 Yrs,0,Junior Core,-1.3013,0.1298
26,No,Travel_Rarely,482,Research & Development,1,2,Life Sciences,2,Female,90,2,1,Research Scientist,3,Married,2933.0,Upto 5k,14908,1,Yes,13,3,3,1,1,3,2,1,0,1,0.0,2933,0,26-35,0-2 Yrs,0,Junior Core,-2.5772,-0.3675
26,No,Travel_Frequently,1096,Research & Development,6,3,Other,3,Male,61,4,1,Laboratory Technician,4,Married,2544.0,Upto 5k,7102,0,No,18,3,1,1,8,3,3,7,7,7,7.0,2544,0,26-35,6-10 Yrs,0,Junior Core,-1.1719,1.4562
26,No,Travel_Rarely,157,Research & Development,1,3,Medical,3,Male,95,3,1,Laboratory Technician,1,Single,2867.0,Upto 5k,20006,0,No,13,3,4,0,8,6,2,7,7,7,6.0,2867,0,26-35,6-10 Yrs,0,Junior Core,-1.2314,1.155
26,No,Travel_Rarely,1167,Sales,5,3,Other,4,Female,30,2,1,Sales Representative,3,Single,2966.0,Upto 5k,21378,0,No,18,3,4,0,5,2,3,4,2,0,0.0,2966,0,26-35,3-5 Yrs,0,Junior Core,-2.1388,-0.1206
26,No,Travel_Rarely,1167,Sales,5,3,Other,4,Female,30,2,1,Sales Representative,3,Single,2966.0,Upto 5k,21378,0,No,18,3,4,0,5,2,3,4,2,0,5.0,2966,0,26-35,3-5 Yrs,0,Junior Core,-1.684,0.8373
27,No,Travel_Rarely,591,Research & Development,2,1,Medical,1,Male,40,3,1,Laboratory Technician,2,Married,3468.0,Upto 5k,16632,9,No,12,3,4,1,6,3,3,2,2,2,2.0,3468,0,26-35,0-2 Yrs,0,Junior Core,-1.9372,-0.0437
27,No,Travel_Rarely,1240,Research & Development,2,4,Life Sciences,4,Female,33,3,1,Laboratory Technician,1,Divorced,2341.0,Upto 5k,19715,1,No,13,3,4,1,1,6,3,1,0,0,0.0,2341,0,26-35,0-2 Yrs,0,Junior Core,-2.6007,-0.3571
27,No,Travel_Frequently,994,Sales,8,3,Life Sciences,4,Male,37,3,3,Sales Executive,3,Single,8726.0,5k-10k,2975,1,No,15,3,4,0,9,0,3,9,8,1,7.0,8726,0,26-35,6-10 Yrs,1,Mid-Level Professionals,0.5174,0.8276
27,No,Non-Travel,691,Research & Development,9,3,Medical,4,Male,57,3,1,Research Scientist,2,Divorced,2024.0,Upto 5k,5970,6,No,18,3,4,1,6,1,1,2,2,2,2.0,2024,0,26-35,0-2 Yrs,0,Junior Core,-2.0837,0.167
27,No,Non-Travel,1450,Research & Development,3,3,Medical,3,Male,79,2,1,Research Scientist,3,Divorced,2566.0,Upto 5k,25326,1,Yes,15,3,4,1,1,2,2,1,1,0,1.0,2566,0,26-35,0-2 Yrs,0,Junior Core,-2.4862,-0.1603
27,No,Travel_Rarely,1157,Research & Development,17,3,Technical Degree,3,Male,51,3,1,Research Scientist,2,Married,3058.0,Upto 5k,13364,0,Yes,16,3,4,1,6,3,2,5,2,1,1.0,3058,0,26-35,3-5 Yrs,0,Junior Core,-1.8721,0.3066
27,No,Travel_Rarely,894,Research & Development,9,3,Medical,4,Female,99,3,1,Research Scientist,2,Single,2279.0,Upto 5k,11781,1,No,16,3,4,0,7,2,2,7,7,0,3.0,2279,0,26-35,6-10 Yrs,0,Junior Core,-1.5849,0.7352
27,No,Travel_Frequently,472,Research & Development,1,1,Technical Degree,3,Male,60,2,2,Manufacturing Director,1,Married,4298.0,Upto 5k,9679,5,No,19,3,3,1,6,1,3,2,2,2,0.0,4298,0,26-35,0-2 Yrs,0,Junior Core,-1.6217,-0.6994
27,No,Travel_Frequently,1242,Sales,20,3,Life Sciences,4,Female,90,3,2,Sales Executive,3,Single,9981.0,5k-10k,12916,1,No,14,3,4,0,7,2,3,7,7,0,7.0,9981,0,26-35,6-10 Yrs,1,Mid-Level Professionals,-0.0095,1.0514
27,No,Travel_Rarely,1220,Research & Development,5,3,Life Sciences,3,Female,85,3,1,Research Scientist,2,Single,2478.0,Upto 5k,20938,1,Yes,12,3,2,0,4,2,2,4,3,1,2.0,2478,0,26-35,3-5 Yrs,0,Junior Core,-2.0302,0.266
27,No,Travel_Rarely,1377,Sales,2,3,Life Sciences,4,Male,74,3,2,Sales Executive,3,Single,4478.0,Upto 5k,5242,1,Yes,11,3,1,0,5,3,3,5,4,0,4.0,4478,0,26-35,3-5 Yrs,0,Junior Core,-1.1063,0.3373
27,No,Non-Travel,210,Sales,1,1,Marketing,3,Male,73,3,2,Sales Executive,2,Married,6349.0,5k-10k,22107,0,Yes,13,3,4,1,6,0,3,5,4,1,4.0,6349,0,26-35,3-5 Yrs,0,Junior Core,-0.8533,0.1939
27,No,Travel_Rarely,1130,Sales,8,4,Marketing,2,Female,56,3,2,Sales Executive,2,Married,6214.0,5k-10k,3415,1,No,18,3,1,1,8,3,3,8,7,0,7.0,6214,0,26-35,6-10 Yrs,1,Mid-Level Professionals,-0.2785,1.1145
27,No,Travel_Rarely,1469,Research & Development,1,2,Medical,4,Male,82,3,1,Laboratory Technician,2,Divorced,3816.0,Upto 5k,17881,1,No,11,3,2,1,5,2,3,5,2,0,4.0,3816,0,26-35,3-5 Yrs,0,Junior Core,-1.5871,0.5636
27,No,Travel_Rarely,798,Research & Development,6,4,Medical,1,Female,66,2,1,Research Scientist,3,Divorced,2187.0,Upto 5k,5013,0,No,12,3,3,2,6,5,2,5,3,0,3.0,2187,0,26-35,3-5 Yrs,0,Junior Core,-1.7843,0.5397
27,Yes,Travel_Rarely,1420,Sales,2,1,Marketing,3,Male,85,3,1,Sales Representative,1,Divorced,3041.0,Upto 5k,16346,0,No,11,3,2,1,5,3,3,4,3,0,2.0,3041,1,26-35,3-5 Yrs,0,Junior Core,-1.913,0.1616
27,No,Travel_Rarely,1115,Research & Development,3,4,Medical,1,Male,54,2,1,Research Scientist,4,Single,2045.0,Upto 5k,15174,0,No,13,3,4,0,5,0,3,4,2,1,1.0,2045,0,26-35,3-5 Yrs,0,Junior Core,-2.1064,0.0457
27,No,Travel_Frequently,1410,Sales,3,1,Medical,4,Female,71,4,2,Sales Executive,4,Divorced,4647.0,Upto 5k,16673,1,Yes,20,4,2,2,6,3,3,6,5,0,4.0,4647,0,26-35,6-10 Yrs,0,Junior Core,-0.964,0.4101
27,No,Travel_Rarely,608,Research & Development,1,2,Life Sciences,3,Female,68,3,3,Manufacturing Director,1,Married,7412.0,5k-10k,6009,1,No,11,3,4,0,9,3,3,9,7,0,7.0,7412,0,26-35,6-10 Yrs,1,Mid-Level Professionals,0.3791,0.7759
27,No,Travel_Frequently,294,Research & Development,10,2,Life Sciences,4,Male,32,3,3,Manufacturing Director,1,Divorced,8793.0,5k-10k,4809,1,No,21,4,3,2,9,4,2,9,7,1,7.0,8793,0,26-35,6-10 Yrs,1,Mid-Level Professionals,0.5251,0.8602
27,No,Travel_Rarely,975,Research & Development,7,3,Medical,4,Female,55,2,2,Healthcare Representative,1,Single,6811.0,5k-10k,23398,8,No,19,3,1,0,9,2,1,7,6,0,7.0,6811,0,26-35,6-10 Yrs,1,Mid-Level Professionals,-0.2213,0.9628
27,No,Travel_Frequently,829,Sales,8,1,Marketing,3,Male,84,3,2,Sales Executive,4,Married,4342.0,Upto 5k,24008,0,No,19,3,2,1,5,3,3,4,2,1,1.0,4342,0,26-35,3-5 Yrs,0,Junior Core,-1.4553,-0.2021
27,No,Travel_Rarely,269,Research & Development,5,1,Technical Degree,3,Male,42,2,3,Research Director,4,Divorced,12808.0,10k-15k,8842,1,Yes,16,3,2,1,9,3,3,9,8,0,8.0,12808,0,26-35,6-10 Yrs,1,Mid-Level Professionals,1.0289,0.7293
27,No,Non-Travel,443,Research & Development,3,3,Medical,4,Male,50,3,1,Research Scientist,4,Married,1706.0,Upto 5k,16571,1,No,11,3,3,3,0,6,2,0,0,0,0.0,1706,0,26-35,0-2 Yrs,0,Junior Core,-2.7904,-0.3667
27,No,Travel_Rarely,618,Research & Development,4,3,Life Sciences,2,Female,76,3,1,Research Scientist,3,Single,2318.0,Upto 5k,17808,1,No,19,3,3,0,1,2,3,1,1,0,0.0,2318,0,26-35,0-2 Yrs,0,Junior Core,-2.6024,-0.3194
27,No,Travel_Rarely,1134,Research & Development,16,4,Technical Degree,3,Female,37,3,1,Laboratory Technician,2,Married,2811.0,Upto 5k,12086,9,No,14,3,2,1,4,2,3,2,2,2,2.0,2811,0,26-35,0-2 Yrs,0,Junior Core,-2.1202,0.2837
27,No,Travel_Rarely,1055,Research & Development,2,4,Life Sciences,1,Female,47,3,2,Manufacturing Director,4,Married,4227.0,Upto 5k,4658,0,No,18,3,2,1,4,2,3,3,2,2,2.0,4227,0,26-35,3-5 Yrs,0,Junior Core,-1.5029,-0.1776
27,No,Non-Travel,1277,Research & Development,8,5,Life Sciences,1,Male,87,1,1,Laboratory Technician,3,Married,4621.0,Upto 5k,5869,1,No,19,3,4,3,3,4,3,3,2,1,2.0,4621,0,26-35,3-5 Yrs,0,Junior Core,-1.9322,0.1327
27,No,Travel_Rarely,199,Research & Development,6,3,Life Sciences,4,Male,55,2,1,Research Scientist,3,Married,2539.0,Upto 5k,7950,1,No,13,3,3,1,4,0,3,4,2,2,2.0,2539,0,26-35,3-5 Yrs,0,Junior Core,-2.0235,0.2807
27,No,Travel_Rarely,1103,Research & Development,14,3,Life Sciences,1,Male,42,3,1,Research Scientist,1,Married,2235.0,Upto 5k,14377,1,Yes,14,3,4,2,9,3,2,9,7,6,8.0,2235,0,26-35,6-10 Yrs,1,Mid-Level Professionals,-0.8839,1.9155
27,No,Travel_Rarely,1167,Research & Development,4,2,Life Sciences,1,Male,76,3,1,Research Scientist,3,Divorced,2517.0,Upto 5k,3208,1,No,11,3,2,3,5,2,3,5,3,0,3.0,2517,0,26-35,3-5 Yrs,0,Junior Core,-1.8111,0.5016
27,No,Travel_Rarely,1291,Sales,11,3,Medical,3,Female,98,4,1,Sales Representative,4,Married,2534.0,Upto 5k,6527,8,No,14,3,2,1,5,4,3,1,0,0,0.0,2534,0,26-35,0-2 Yrs,0,Junior Core,-2.3367,-0.2736
27,No,Travel_Frequently,793,Sales,2,1,Life Sciences,4,Male,43,1,2,Sales Executive,4,Single,5071.0,5k-10k,20392,3,No,20,4,2,0,8,3,3,6,2,0,0.0,5071,0,26-35,6-10 Yrs,0,Junior Core,-1.1641,-0.4335
27,No,Travel_Rarely,205,Sales,10,3,Marketing,4,Female,98,2,2,Sales Executive,4,Married,5769.0,5k-10k,7100,1,Yes,11,3,4,0,6,3,3,6,2,4,4.0,5769,0,26-35,6-10 Yrs,0,Junior Core,-0.8456,0.4729
27,Yes,Travel_Rarely,135,Research & Development,17,4,Life Sciences,4,Female,51,3,1,Research Scientist,3,Single,2394.0,Upto 5k,25681,1,Yes,13,3,4,0,8,2,3,8,2,7,7.0,2394,1,26-35,6-10 Yrs,0,Junior Core,-1.0818,1.705
27,No,Travel_Rarely,1377,Research & Development,11,1,Life Sciences,2,Male,91,3,1,Laboratory Technician,1,Married,2099.0,Upto 5k,7679,0,No,14,3,2,0,6,3,4,5,0,1,4.0,2099,0,26-35,3-5 Yrs,0,Junior Core,-1.7005,0.8274
27,No,Travel_Rarely,1302,Research & Development,19,3,Other,4,Male,67,2,1,Laboratory Technician,1,Divorced,4066.0,Upto 5k,16290,1,No,11,3,1,2,7,3,3,7,7,0,7.0,4066,0,26-35,6-10 Yrs,0,Junior Core,-1.0328,1.5806
27,No,Travel_Rarely,486,Research & Development,8,3,Medical,2,Female,86,4,1,Research Scientist,3,Married,3517.0,Upto 5k,22490,7,No,17,3,1,0,5,0,3,3,2,0,2.0,3517,0,26-35,3-5 Yrs,0,Junior Core,-1.9258,0.1617
27,No,Travel_Frequently,591,Research & Development,2,3,Medical,4,Male,87,3,1,Research Scientist,4,Single,2580.0,Upto 5k,6297,2,No,13,3,3,0,6,0,2,4,2,1,2.0,2580,0,26-35,3-5 Yrs,0,Junior Core,-1.9004,0.1709
27,No,Travel_Rarely,1054,Research & Development,8,3,Medical,3,Female,67,3,1,Research Scientist,4,Single,3445.0,Upto 5k,6152,1,No,11,3,3,0,6,5,2,6,2,1,4.0,3445,0,26-35,6-10 Yrs,0,Junior Core,-1.4984,0.7769
27,No,Travel_Frequently,1297,Research & Development,5,2,Life Sciences,4,Female,53,3,1,Laboratory Technician,4,Single,2379.0,Upto 5k,19826,0,Yes,14,3,3,0,6,3,2,5,4,0,2.0,2379,0,26-35,3-5 Yrs,0,Junior Core,-1.8558,0.3188
27,No,Travel_Rarely,728,Sales,23,1,Medical,2,Female,36,2,2,Sales Representative,3,Married,3540.0,Upto 5k,7018,1,No,21,4,4,1,9,5,3,9,8,5,8.0,3540,0,26-35,6-10 Yrs,1,Mid-Level Professionals,-0.3337,1.7978
27,No,Travel_Frequently,1131,Research & Development,15,3,Life Sciences,4,Female,77,2,1,Research Scientist,1,Married,4774.0,Upto 5k,23844,0,No,19,3,4,1,8,2,2,7,6,7,3.0,4774,0,26-35,6-10 Yrs,0,Junior Core,-1.2648,0.6833
27,No,Travel_Rarely,511,Sales,2,2,Medical,1,Female,89,4,2,Sales Executive,3,Single,6500.0,5k-10k,26997,0,No,14,3,2,0,9,5,2,8,7,0,7.0,6500,0,26-35,6-10 Yrs,1,Mid-Level Professionals,-0.191,0.9714
27,No,TravelRarely,1354,Research & Development,2,4,Technical Degree,2,Male,41,3,1,Research Scientist,2,Married,2226.0,Upto 5k,6073,1,No,11,3,3,1,6,3,2,5,3,1,2.0,2226,0,26-35,3-5 Yrs,0,Junior Core,-1.8727,0.273
27,Yes,Travel_Frequently,1337,Human Resources,22,3,Human Resources,1,Female,58,2,1,Human Resources,2,Married,2863.0,Upto 5k,19555,1,No,12,3,1,0,1,2,3,1,0,0,0.0,2863,1,26-35,0-2 Yrs,0,Junior Core,-2.5394,-0.023
27,No,Travel_Rarely,954,Sales,9,3,Marketing,4,Male,44,3,2,Sales Executive,4,Single,4105.0,Upto 5k,5099,1,No,14,3,1,0,7,5,3,7,7,0,7.0,4105,0,26-35,6-10 Yrs,1,Mid-Level Professionals,-0.6205,1.1898
27,No,Travel_Rarely,155,Research & Development,4,3,Life Sciences,2,Male,87,4,2,Manufacturing Director,2,Married,6142.0,5k-10k,5174,1,Yes,20,4,2,1,6,0,3,6,2,0,3.0,6142,0,26-35,6-10 Yrs,0,Junior Core,-0.9002,0.1506
28,Yes,Travel_Rarely,103,Research & Development,24,3,Life Sciences,3,Male,50,2,1,Laboratory Technician,3,Single,2028.0,Upto 5k,12947,5,Yes,14,3,2,0,6,4,3,4,2,0,3.0,2028,1,26-35,3-5 Yrs,0,Junior Core,-1.821,0.753
28,Yes,Travel_Rarely,1434,Research & Development,5,4,Technical Degree,3,Male,50,3,1,Laboratory Technician,3,Single,3441.0,Upto 5k,11179,1,Yes,13,3,3,0,2,3,2,2,2,2,2.0,3441,1,26-35,0-2 Yrs,0,Junior Core,-2.1424,0.0397
28,No,Non-Travel,120,Sales,4,3,Medical,2,Male,43,3,2,Sales Executive,3,Married,4221.0,Upto 5k,8863,1,No,15,3,2,0,5,3,4,5,4,0,4.0,4221,0,26-35,3-5 Yrs,0,Junior Core,-1.0949,0.3465
28,No,Travel_Rarely,440,Research & Development,21,3,Medical,3,Male,42,3,1,Research Scientist,4,Married,2713.0,Upto 5k,6672,1,No,11,3,3,1,5,2,1,5,2,0,2.0,2713,0,26-35,3-5 Yrs,0,Junior Core,-1.8383,0.5663
28,Yes,Travel_Rarely,529,Research & Development,2,4,Life Sciences,1,Male,79,3,1,Laboratory Technician,3,Single,3485.0,Upto 5k,14935,2,No,11,3,3,0,5,5,1,0,0,0,0.0,3485,1,26-35,0-2 Yrs,0,Junior Core,-2.2688,-0.616
28,No,Travel_Rarely,1158,Research & Development,9,3,Medical,4,Male,94,3,1,Research Scientist,4,Married,2070.0,Upto 5k,2613,1,No,23,4,4,1,5,3,2,5,2,0,4.0,2070,0,26-35,3-5 Yrs,0,Junior Core,-1.7272,0.768
28,No,Travel_Rarely,1117,Research & Development,8,2,Life Sciences,4,Female,66,3,1,Research Scientist,4,Single,3310.0,Upto 5k,4488,1,No,21,4,4,0,5,3,3,5,3,0,2.0,3310,0,26-35,3-5 Yrs,0,Junior Core,-1.7814,0.2951
28,No,Travel_Rarely,1476,Research & Development,16,2,Medical,2,Male,68,4,2,Healthcare Representative,1,Single,5661.0,5k-10k,4824,0,No,19,3,3,0,9,2,3,8,3,0,7.0,5661,0,26-35,6-10 Yrs,1,Mid-Level Professionals,-0.2352,1.2328
28,Yes,Travel_Rarely,1157,Research & Development,2,4,Medical,1,Male,84,1,1,Research Scientist,4,Married,3464.0,Upto 5k,24737,5,Yes,13,3,4,0,5,4,2,3,2,2,2.0,3464,1,26-35,3-5 Yrs,0,Junior Core,-1.8963,0.0136
28,No,Travel_Rarely,304,Sales,9,4,Life Sciences,2,Male,92,3,2,Sales Executive,4,Single,5253.0,5k-10k,20750,1,No,16,3,4,0,7,1,3,7,5,0,7.0,5253,0,26-35,6-10 Yrs,1,Mid-Level Professionals,-0.4646,1.0817
28,No,Travel_Rarely,1300,Research & Development,17,2,Medical,3,Male,79,3,2,Laboratory Technician,1,Divorced,4558.0,Upto 5k,13535,1,No,12,3,4,1,10,2,3,10,0,1,3.0,4558,0,26-35,6-10 Yrs,0,Junior Core,-0.5239,0.6943
28,Yes,Travel_Rarely,654,Research & Development,1,2,Life Sciences,1,Female,67,1,1,Research Scientist,2,Single,2216.0,Upto 5k,3872,7,Yes,13,3,4,0,10,4,3,7,7,3,7.0,2216,1,26-35,6-10 Yrs,0,Junior Core,-1.0127,1.2656
28,Yes,Travel_Rarely,890,Research & Development,2,4,Medical,3,Male,46,3,1,Research Scientist,3,Single,4382.0,Upto 5k,16374,6,No,17,3,4,0,5,3,2,2,2,2,1.0,4382,1,26-35,0-2 Yrs,0,Junior Core,-1.9567,-0.3127
28,No,Travel_Rarely,760,Sales,2,4,Marketing,2,Female,81,3,2,Sales Executive,2,Married,4779.0,Upto 5k,3698,1,Yes,20,4,1,0,8,2,3,8,7,7,5.0,4779,0,26-35,6-10 Yrs,0,Junior Core,-0.5736,0.6628
28,No,Travel_Rarely,1169,Human Resources,8,2,Medical,2,Male,63,2,1,Human Resources,4,Divorced,4936.0,Upto 5k,23965,1,No,13,3,4,1,6,6,3,5,1,0,4.0,4936,0,26-35,3-5 Yrs,0,Junior Core,-1.3714,0.5673
28,No,Travel_Rarely,821,Sales,5,4,Medical,1,Male,98,3,2,Sales Executive,4,Single,4908.0,Upto 5k,24252,1,No,14,3,2,0,4,3,3,4,2,0,2.0,4908,0,26-35,3-5 Yrs,0,Junior Core,-1.3299,-0.1224
28,No,Travel_Rarely,995,Research & Development,9,3,Medical,3,Female,77,3,1,Research Scientist,3,Divorced,2377.0,Upto 5k,9834,5,No,18,3,2,1,6,2,3,2,2,2,2.0,2377,0,26-35,0-2 Yrs,0,Junior Core,-2.01,0.1047
28,No,Travel_Rarely,1144,Sales,10,1,Medical,4,Male,74,3,1,Sales Representative,2,Married,1052.0,Upto 5k,23384,1,No,22,4,2,0,1,5,3,1,0,0,0.0,1052,0,26-35,0-2 Yrs,0,Junior Core,-2.6936,-0.1791
28,Yes,Non-Travel,1366,Research & Development,24,2,Technical Degree,2,Male,72,2,3,Healthcare Representative,1,Single,8722.0,5k-10k,12355,1,No,12,3,1,0,10,2,2,10,7,1,9.0,8722,1,26-35,6-10 Yrs,1,Mid-Level Professionals,0.8666,1.5249
28,No,Travel_Rarely,857,Research & Development,10,3,Other,3,Female,59,3,2,Research Scientist,3,Single,3660.0,Upto 5k,7909,3,No,13,3,4,0,10,4,4,8,7,1,7.0,3660,0,26-35,6-10 Yrs,1,Mid-Level Professionals,-0.3839,1.2215
28,No,Travel_Rarely,895,Research & Development,15,2,Life Sciences,1,Male,50,3,1,Laboratory Technician,3,Divorced,2207.0,Upto 5k,22482,1,No,16,3,4,1,4,5,2,4,2,2,2.0,2207,0,26-35,3-5 Yrs,0,Junior Core,-2.0172,0.4218
28,Yes,Travel_Frequently,1009,Research & Development,1,3,Medical,1,Male,45,2,1,Laboratory Technician,2,Divorced,2596.0,Upto 5k,7160,1,No,15,3,1,2,1,2,3,1,0,0,0.0,2596,1,26-35,0-2 Yrs,0,Junior Core,-2.5375,-0.432
28,No,Travel_Rarely,950,Research & Development,3,3,Medical,4,Female,93,3,3,Manufacturing Director,2,Divorced,7655.0,5k-10k,8039,0,No,17,3,2,3,10,3,2,9,7,1,7.0,7655,0,26-35,6-10 Yrs,1,Mid-Level Professionals,0.5024,0.7391
28,No,Travel_Rarely,1451,Research & Development,2,1,Life Sciences,1,Male,67,2,1,Research Scientist,2,Married,3201.0,Upto 5k,19911,0,No,17,3,1,0,6,2,1,5,3,0,4.0,3201,0,26-35,3-5 Yrs,0,Junior Core,-1.5528,0.558
28,No,Travel_Frequently,773,Research & Development,6,3,Life Sciences,3,Male,39,2,1,Research Scientist,3,Divorced,2703.0,Upto 5k,22088,1,Yes,14,3,4,1,3,2,3,3,1,0,2.0,2703,0,26-35,3-5 Yrs,0,Junior Core,-2.0938,0.1649
28,Yes,Travel_Rarely,1485,Research & Development,12,1,Life Sciences,3,Female,79,3,1,Laboratory Technician,4,Married,2515.0,Upto 5k,22955,1,Yes,11,3,4,0,1,4,2,1,1,0,0.0,2515,1,26-35,0-2 Yrs,0,Junior Core,-2.5418,-0.227
28,No,Travel_Rarely,1179,Research & Development,19,4,Medical,4,Male,78,2,1,Laboratory Technician,1,Married,3196.0,Upto 5k,12449,1,No,12,3,3,3,6,2,3,6,5,3,3.0,3196,0,26-35,6-10 Yrs,0,Junior Core,-1.5737,0.758
28,No,Travel_Frequently,791,Research & Development,1,4,Medical,4,Male,44,3,1,Laboratory Technician,3,Single,2154.0,Upto 5k,6842,0,Yes,11,3,3,0,5,2,2,4,2,0,2.0,2154,0,26-35,3-5 Yrs,0,Junior Core,-1.9677,0.1526
28,No,Travel_Frequently,193,Research & Development,2,3,Life Sciences,4,Male,52,2,1,Laboratory Technician,4,Married,3867.0,Upto 5k,14222,1,Yes,12,3,2,1,2,2,3,2,2,2,2.0,3867,0,26-35,0-2 Yrs,0,Junior Core,-2.0995,-0.0395
28,No,Travel_Rarely,640,Research & Development,1,3,Technical Degree,4,Male,84,3,1,Research Scientist,1,Single,2080.0,Upto 5k,4732,2,No,11,3,2,0,5,2,2,3,2,1,2.0,2080,0,26-35,3-5 Yrs,0,Junior Core,-2.0396,0.0751
28,No,Non-Travel,1476,Research & Development,1,3,Life Sciences,3,Female,55,1,2,Laboratory Technician,4,Married,6674.0,5k-10k,16392,0,No,11,3,1,3,10,6,3,9,8,7,5.0,6674,0,26-35,6-10 Yrs,1,Mid-Level Professionals,-0.1936,0.5824
28,No,Travel_Rarely,736,Sales,26,3,Life Sciences,3,Male,48,2,2,Sales Executive,1,Married,4724.0,Upto 5k,24232,1,No,11,3,3,1,5,0,3,5,3,0,4.0,4724,0,26-35,3-5 Yrs,0,Junior Core,-1.0347,0.7182
28,No,Travel_Rarely,866,Sales,5,3,Medical,4,Male,84,3,2,Sales Executive,1,Single,8463.0,5k-10k,23490,0,No,18,3,4,0,6,4,3,5,4,1,3.0,8463,0,26-35,3-5 Yrs,0,Junior Core,-0.6871,-0.0887
28,Yes,Travel_Frequently,1496,Sales,1,3,Technical Degree,1,Male,92,3,1,Sales Representative,3,Married,2909.0,Upto 5k,15747,3,No,15,3,4,1,5,3,4,3,2,1,2.0,2909,1,26-35,3-5 Yrs,0,Junior Core,-1.954,0.0273
28,Yes,Travel_Frequently,289,Research & Development,2,2,Medical,3,Male,38,2,1,Laboratory Technician,1,Single,2561.0,Upto 5k,5355,7,No,11,3,3,0,8,2,2,0,0,0,0.0,2561,1,26-35,0-2 Yrs,0,Junior Core,-2.1837,-0.6146
28,No,Travel_Rarely,1423,Research & Development,1,3,Life Sciences,1,Male,72,2,1,Research Scientist,3,Divorced,1563.0,Upto 5k,12530,1,No,14,3,4,1,1,2,1,1,0,0,0.0,1563,0,26-35,0-2 Yrs,0,Junior Core,-2.6442,-0.3725
28,No,Travel_Frequently,467,Sales,7,3,Life Sciences,3,Male,55,3,2,Sales Executive,1,Single,4898.0,Upto 5k,11827,0,No,14,3,4,0,5,5,3,4,2,1,3.0,4898,0,26-35,3-5 Yrs,0,Junior Core,-1.179,0.0888
28,No,Travel_Rarely,1083,Research & Development,29,1,Life Sciences,3,Male,96,1,2,Manufacturing Director,2,Married,6549.0,5k-10k,3173,1,No,14,3,2,2,8,2,2,8,6,1,7.0,6549,0,26-35,6-10 Yrs,1,Mid-Level Professionals,-0.1989,1.4356
28,Yes,Travel_Rarely,329,Research & Development,24,3,Medical,3,Male,51,3,1,Laboratory Technician,2,Married,2408.0,Upto 5k,7324,1,Yes,17,3,3,3,1,3,3,1,1,0,0.0,2408,1,26-35,0-2 Yrs,0,Junior Core,-2.5484,-0.0023
28,No,Travel_Rarely,580,Research & Development,27,3,Medical,2,Female,39,1,2,Manufacturing Director,1,Divorced,4877.0,Upto 5k,20460,0,No,21,4,2,1,6,5,2,5,3,0,0.0,4877,0,26-35,3-5 Yrs,0,Junior Core,-1.3222,-0.0561
28,No,Travel_Rarely,1181,Research & Development,1,3,Life Sciences,3,Male,82,3,1,Research Scientist,4,Married,2044.0,Upto 5k,5531,1,No,11,3,3,1,5,6,4,5,3,0,3.0,2044,0,26-35,3-5 Yrs,0,Junior Core,-1.8238,0.4322
28,No,Travel_Rarely,1217,Research & Development,1,3,Medical,3,Female,67,3,1,Research Scientist,1,Married,3591.0,Upto 5k,12719,1,No,25,4,3,1,3,3,3,3,2,1,2.0,3591,0,26-35,3-5 Yrs,0,Junior Core,-2.0039,0.0226
28,No,Non-Travel,280,Human Resources,1,2,Life Sciences,3,Male,43,3,1,Human Resources,4,Divorced,2706.0,Upto 5k,10494,1,No,15,3,2,1,3,2,3,3,2,2,2.0,2706,0,26-35,3-5 Yrs,0,Junior Core,-2.0953,0.0737
28,No,Travel_Rarely,1172,Sales,3,3,Medical,2,Female,78,3,1,Sales Representative,2,Married,2856.0,Upto 5k,3692,1,No,19,3,4,1,1,3,3,1,0,0,0.0,2856,0,26-35,0-2 Yrs,0,Junior Core,-2.5099,-0.4106
28,No,Travel_Frequently,783,Sales,1,2,Life Sciences,3,Male,42,2,2,Sales Executive,4,Married,6834.0,5k-10k,19255,1,Yes,12,3,3,1,7,2,3,7,7,0,7.0,6834,0,26-35,6-10 Yrs,1,Mid-Level Professionals,-0.3043,0.8449
28,Yes,Travel_Rarely,1475,Sales,13,2,Marketing,4,Female,84,3,2,Sales Executive,3,Single,9854.0,5k-10k,23352,3,Yes,11,3,4,0,6,0,3,2,0,2,2.0,9854,1,26-35,0-2 Yrs,0,Junior Core,-0.8242,-0.4599
28,No,Non-Travel,1103,Research & Development,16,3,Medical,3,Male,49,3,1,Research Scientist,3,Single,2144.0,Upto 5k,2122,1,No,14,3,3,0,5,3,2,5,3,1,4.0,2144,0,26-35,3-5 Yrs,0,Junior Core,-1.717,0.8912
28,Yes,Travel_Rarely,1404,Research & Development,17,3,Technical Degree,3,Male,32,2,1,Laboratory Technician,4,Divorced,2367.0,Upto 5k,18779,5,No,12,3,1,1,6,2,2,4,1,0,3.0,2367,1,26-35,3-5 Yrs,0,Junior Core,-1.7886,0.606
29,No,Travel_Rarely,153,Research & Development,15,2,Life Sciences,4,Female,49,2,2,Laboratory Technician,3,Single,4193.0,Upto 5k,12682,0,Yes,12,3,4,0,10,3,3,9,5,0,8.0,4193,0,26-35,6-10 Yrs,1,Mid-Level Professionals,-0.1345,1.5132
29,No,Travel_Rarely,1389,Research & Development,21,4,Life Sciences,2,Female,51,4,3,Manufacturing Director,1,Divorced,9980.0,5k-10k,10195,1,No,11,3,3,1,10,1,3,10,9,8,8.0,9980,0,26-35,6-10 Yrs,1,Mid-Level Professionals,0.9417,1.1642
29,No,Travel_Rarely,1328,Research & Development,2,3,Life Sciences,3,Male,76,3,1,Research Scientist,2,Married,2703.0,Upto 5k,4956,0,No,23,4,4,1,6,3,3,5,4,0,3.0,2703,0,26-35,3-5 Yrs,0,Junior Core,-1.6579,0.3532
29,No,Non-Travel,1496,Research & Development,1,1,Technical Degree,4,Male,41,3,2,Manufacturing Director,3,Married,4319.0,Upto 5k,26283,1,No,13,3,1,1,10,1,3,10,7,0,9.0,4319,0,26-35,6-10 Yrs,1,Mid-Level Professionals,0.0285,1.5243
29,Yes,Travel_Rarely,121,Sales,27,3,Marketing,2,Female,35,3,3,Sales Executive,4,Married,7639.0,5k-10k,24525,1,No,22,4,4,3,10,3,2,10,4,1,3.0,7639,1,26-35,6-10 Yrs,1,Mid-Level Professionals,0.2473,0.4505
29,Yes,Travel_Rarely,992,Research & Development,1,3,Technical Degree,3,Male,85,3,1,Research Scientist,3,Single,2058.0,Upto 5k,19757,0,No,14,3,4,0,7,1,2,6,2,1,5.0,2058,1,26-35,6-10 Yrs,0,Junior Core,-1.4185,0.8198
29,No,Travel_Frequently,1413,Sales,1,1,Medical,2,Female,42,3,3,Sales Executive,4,Married,7918.0,5k-10k,6599,1,No,14,3,4,1,11,5,3,11,10,4,1.0,7918,0,26-35,11-20 Yrs,1,Mid-Level Professionals,0.209,-0.3579
29,Yes,Travel_Rarely,896,Research & Development,18,1,Medical,3,Male,86,2,1,Research Scientist,4,Single,2389.0,Upto 5k,14961,1,Yes,13,3,3,0,4,3,2,4,3,0,1.0,2389,1,26-35,3-5 Yrs,0,Junior Core,-2.051,0.2324
29,No,Travel_Rarely,665,Research & Development,15,3,Life Sciences,3,Male,60,3,1,Research Scientist,4,Single,2340.0,Upto 5k,22673,1,No,19,3,1,0,6,1,3,6,5,1,3.0,2340,0,26-35,6-10 Yrs,0,Junior Core,-1.6263,0.6926
29,No,Travel_Rarely,1247,Sales,20,2,Marketing,4,Male,45,3,2,Sales Executive,4,Divorced,6931.0,5k-10k,10732,2,No,14,3,4,1,10,2,3,3,2,0,3.0,6931,0,26-35,3-5 Yrs,0,Junior Core,-0.6902,-0.0018
29,No,Travel_Rarely,1210,Sales,2,3,Medical,1,Male,78,2,2,Sales Executive,2,Married,6644.0,5k-10k,3687,2,No,19,3,2,2,10,2,3,0,0,0,0.0,6644,0,26-35,0-2 Yrs,0,Junior Core,-1.1922,-1.133
29,No,Travel_Frequently,442,Sales,2,2,Life Sciences,2,Male,44,3,2,Sales Executive,4,Single,4554.0,Upto 5k,20260,1,No,18,3,1,0,10,3,2,10,7,0,9.0,4554,0,26-35,6-10 Yrs,1,Mid-Level Professionals,0.0531,1.529
29,Yes,Travel_Rarely,318,Research & Development,8,4,Other,2,Male,77,1,1,Laboratory Technician,1,Married,2119.0,Upto 5k,4759,1,Yes,11,3,4,0,7,4,2,7,7,0,7.0,2119,1,26-35,6-10 Yrs,0,Junior Core,-1.1635,1.4086
29,No,Travel_Rarely,738,Research & Development,9,5,Other,2,Male,30,2,1,Laboratory Technician,4,Single,3983.0,Upto 5k,7621,0,No,17,3,3,0,4,2,3,3,2,2,2.0,3983,0,26-35,3-5 Yrs,0,Junior Core,-1.863,0.0865
29,No,Travel_Rarely,144,Sales,10,1,Marketing,4,Female,39,2,2,Sales Executive,2,Divorced,8268.0,5k-10k,11866,1,Yes,14,3,1,2,7,2,3,7,7,1,7.0,8268,0,26-35,6-10 Yrs,1,Mid-Level Professionals,-0.1156,0.8842
29,No,Non-Travel,746,Sales,2,3,Life Sciences,4,Male,61,3,2,Sales Executive,3,Married,4649.0,Upto 5k,16928,1,No,14,3,1,1,4,3,2,4,3,0,2.0,4649,0,26-35,3-5 Yrs,0,Junior Core,-1.3205,-0.2041
29,No,Travel_Rarely,1283,Research & Development,23,3,Life Sciences,4,Male,54,3,1,Research Scientist,4,Single,2201.0,Upto 5k,18168,9,No,16,3,4,0,6,4,3,3,2,1,2.0,2201,0,26-35,3-5 Yrs,0,Junior Core,-1.9215,0.4095
29,No,Travel_Rarely,986,Research & Development,3,4,Medical,2,Male,93,2,3,Research Director,3,Married,11935.0,10k-15k,21526,1,No,18,3,3,0,10,2,3,10,2,0,7.0,11935,0,26-35,6-10 Yrs,1,Mid-Level Professionals,1.046,0.5321
29,Yes,Travel_Rarely,408,Research & Development,25,5,Technical Degree,3,Female,71,2,1,Research Scientist,2,Married,2546.0,Upto 5k,18300,5,No,16,3,2,0,6,2,4,2,2,1,1.0,2546,1,26-35,0-2 Yrs,0,Junior Core,-2.0403,0.1528
29,No,Travel_Rarely,232,Research & Development,19,3,Technical Degree,4,Male,34,3,2,Manufacturing Director,4,Divorced,4262.0,Upto 5k,22645,4,No,12,3,2,2,8,2,4,3,2,1,2.0,4262,0,26-35,3-5 Yrs,0,Junior Core,-1.1776,-0.0231
29,No,Travel_Rarely,1176,Sales,3,2,Medical,2,Female,62,3,2,Sales Executive,3,Married,5561.0,5k-10k,3487,1,No,14,3,1,1,6,5,2,6,0,1,2.0,5561,0,26-35,6-10 Yrs,0,Junior Core,-0.977,-0.1096
29,No,Travel_Frequently,806,Research & Development,1,4,Life Sciences,2,Male,76,1,1,Research Scientist,4,Divorced,2720.0,Upto 5k,18959,1,No,18,3,4,1,10,5,3,10,7,2,8.0,2720,0,26-35,6-10 Yrs,1,Mid-Level Professionals,-0.6397,1.6313
29,No,Travel_Rarely,1396,Sales,10,3,Life Sciences,3,Male,99,3,1,Sales Representative,3,Single,2642.0,Upto 5k,2755,1,No,11,3,3,0,1,6,3,1,0,0,0.0,2642,0,26-35,0-2 Yrs,0,Junior Core,-2.4922,-0.3127
29,No,Travel_Rarely,1090,Sales,10,3,Marketing,4,Male,83,3,1,Sales Representative,2,Divorced,2297.0,Upto 5k,17967,1,No,14,3,4,2,2,2,3,2,2,2,2.0,2297,0,26-35,0-2 Yrs,0,Junior Core,-2.2214,0.1548
29,No,Travel_Rarely,657,Research & Development,27,3,Medical,2,Female,66,3,2,Healthcare Representative,3,Married,4335.0,Upto 5k,25549,4,No,12,3,1,1,11,3,2,8,7,1,1.0,4335,0,26-35,6-10 Yrs,0,Junior Core,-0.7562,0.2834
29,Yes,Travel_Rarely,805,Research & Development,1,2,Life Sciences,2,Female,36,2,1,Laboratory Technician,1,Married,2319.0,Upto 5k,6689,1,Yes,11,3,4,1,1,1,3,1,0,0,0.0,2319,1,26-35,0-2 Yrs,0,Junior Core,-2.5289,-0.458
29,No,Travel_Rarely,1252,Research & Development,23,2,Life Sciences,3,Male,81,4,1,Research Scientist,3,Married,2700.0,Upto 5k,23779,1,No,24,4,3,1,10,3,3,10,7,0,7.0,2700,0,26-35,6-10 Yrs,1,Mid-Level Professionals,-0.7245,1.8415
29,Yes,Travel_Rarely,341,Sales,1,3,Medical,2,Female,48,2,1,Sales Representative,3,Divorced,2800.0,Upto 5k,23522,6,Yes,19,3,3,3,5,3,3,3,2,0,2.0,2800,1,26-35,3-5 Yrs,0,Junior Core,-1.928,-0.0083
29,No,Travel_Rarely,1086,Research & Development,7,1,Medical,1,Female,62,2,1,Laboratory Technician,4,Divorced,2532.0,Upto 5k,6054,6,No,14,3,3,3,8,5,3,4,3,0,3.0,2532,0,26-35,3-5 Yrs,0,Junior Core,-1.6176,0.3378
29,No,Travel_Frequently,1404,Sales,20,3,Technical Degree,3,Female,84,3,1,Sales Representative,4,Married,2157.0,Upto 5k,18203,1,No,15,3,2,1,3,5,3,3,1,0,2.0,2157,0,26-35,3-5 Yrs,0,Junior Core,-2.1077,0.4094
29,Yes,Travel_Rarely,906,Research & Development,10,3,Life Sciences,4,Female,92,2,1,Research Scientist,1,Single,2404.0,Upto 5k,11479,6,Yes,20,4,3,0,3,5,3,0,0,0,0.0,2404,1,26-35,0-2 Yrs,0,Junior Core,-2.4606,-0.4153
29,No,Travel_Rarely,1107,Research & Development,28,4,Life Sciences,3,Female,93,3,1,Research Scientist,4,Divorced,2514.0,Upto 5k,26968,4,No,22,4,1,1,11,1,3,7,5,1,7.0,2514,0,26-35,6-10 Yrs,1,Mid-Level Professionals,-0.8745,1.6808
29,No,Travel_Frequently,490,Research & Development,10,3,Life Sciences,4,Female,61,3,1,Research Scientist,2,Divorced,3291.0,Upto 5k,17940,0,No,14,3,4,2,8,2,2,7,5,1,1.0,3291,0,26-35,6-10 Yrs,0,Junior Core,-1.5272,0.2107
29,No,Travel_Rarely,718,Research & Development,8,1,Medical,2,Male,79,2,2,Manufacturing Director,4,Married,5056.0,5k-10k,17689,1,Yes,15,3,3,1,10,2,2,10,7,1,2.0,5056,0,26-35,6-10 Yrs,0,Junior Core,-0.5295,0.2682
29,Yes,Travel_Rarely,408,Sales,23,1,Life Sciences,4,Female,45,2,3,Sales Executive,1,Married,7336.0,5k-10k,11162,1,No,13,3,1,1,11,3,1,11,8,3,10.0,7336,1,26-35,11-20 Yrs,1,Mid-Level Professionals,0.9757,1.8006
29,No,Travel_Rarely,1401,Research & Development,6,1,Medical,2,Female,54,3,1,Laboratory Technician,4,Married,3131.0,Upto 5k,26342,1,No,13,3,1,1,10,5,3,10,8,0,8.0,3131,0,26-35,6-10 Yrs,1,Mid-Level Professionals,-0.5954,1.6987
29,No,Travel_Rarely,942,Research & Development,15,1,Life Sciences,2,Female,69,1,1,Research Scientist,4,Married,2168.0,Upto 5k,26933,0,Yes,18,3,1,1,6,2,2,5,4,1,3.0,2168,0,26-35,3-5 Yrs,0,Junior Core,-1.7084,0.6208
29,No,Travel_Rarely,1010,Research & Development,1,3,Life Sciences,1,Female,97,3,1,Research Scientist,4,Divorced,3760.0,Upto 5k,5598,1,No,15,3,1,3,3,5,3,3,2,1,2.0,3760,0,26-35,3-5 Yrs,0,Junior Core,-1.9492,-0.029
29,No,Travel_Rarely,1329,Research & Development,7,3,Life Sciences,3,Male,82,3,2,Healthcare Representative,4,Divorced,6623.0,5k-10k,4204,1,Yes,11,3,2,2,6,2,3,6,0,1,0.0,6623,0,26-35,6-10 Yrs,0,Junior Core,-1.0478,-0.4812
29,No,Travel_Rarely,694,Research & Development,1,3,Life Sciences,4,Female,87,2,4,Research Director,4,Divorced,16124.0,15k+,3423,3,No,14,3,2,2,9,2,2,7,7,1,7.0,16124,0,26-35,6-10 Yrs,1,Mid-Level Professionals,1.637,-0.1801
29,Yes,Travel_Rarely,806,Research & Development,7,3,Technical Degree,2,Female,39,3,1,Laboratory Technician,3,Divorced,3339.0,Upto 5k,17285,3,Yes,13,3,1,2,10,2,3,7,7,7,7.0,3339,1,26-35,6-10 Yrs,0,Junior Core,-0.8572,1.2682
29,No,Travel_Rarely,332,Human Resources,17,3,Other,2,Male,51,2,3,Human Resources,1,Single,7988.0,5k-10k,9769,1,No,13,3,1,0,10,3,2,10,9,0,9.0,7988,0,26-35,6-10 Yrs,1,Mid-Level Professionals,0.8254,1.3978
29,Yes,Travel_Frequently,337,Research & Development,14,1,Other,3,Female,84,3,3,Healthcare Representative,4,Single,7553.0,5k-10k,22930,0,Yes,12,3,1,0,9,1,3,8,7,7,7.0,7553,1,26-35,6-10 Yrs,1,Mid-Level Professionals,0.4088,0.8389
29,Yes,Travel_Frequently,115,Sales,13,3,Technical Degree,1,Female,51,3,2,Sales Executive,2,Single,5765.0,5k-10k,17485,5,No,11,3,1,0,7,4,1,5,3,0,0.0,5765,1,26-35,3-5 Yrs,0,Junior Core,-1.1382,-0.4215
29,No,Travel_Rarely,1246,Sales,19,3,Life Sciences,3,Male,77,2,2,Sales Executive,3,Divorced,8620.0,5k-10k,23757,1,No,14,3,3,2,10,3,3,10,7,0,4.0,8620,0,26-35,6-10 Yrs,1,Mid-Level Professionals,0.0246,0.6463
29,No,Travel_Frequently,410,Research & Development,2,1,Life Sciences,4,Female,97,3,1,Laboratory Technician,2,Married,3180.0,Upto 5k,4668,0,No,13,3,3,3,4,3,3,3,2,0,2.0,3180,0,26-35,3-5 Yrs,0,Junior Core,-1.9485,0.0053
29,Yes,Travel_Rarely,224,Research & Development,1,4,Technical Degree,1,Male,100,2,1,Research Scientist,1,Single,2362.0,Upto 5k,7568,6,No,13,3,3,0,11,2,1,9,7,0,7.0,2362,1,26-35,6-10 Yrs,1,Mid-Level Professionals,-0.7717,1.3613
29,No,Travel_Rarely,441,Research & Development,8,1,Other,3,Female,39,1,2,Healthcare Representative,1,Married,9715.0,5k-10k,7288,3,No,13,3,3,1,9,3,3,7,7,0,7.0,9715,0,26-35,6-10 Yrs,1,Mid-Level Professionals,0.1535,0.7297
29,No,Travel_Rarely,598,Research & Development,9,3,Life Sciences,3,Male,91,4,1,Research Scientist,3,Married,2451.0,Upto 5k,22376,6,No,18,3,1,2,5,2,2,1,0,0,0.0,2451,0,26-35,0-2 Yrs,0,Junior Core,-2.2715,-0.3891
29,No,Travel_Rarely,1370,Research & Development,3,1,Medical,2,Male,87,3,1,Laboratory Technician,1,Single,4723.0,Upto 5k,16213,1,Yes,18,3,4,0,10,3,3,10,9,1,5.0,4723,0,26-35,6-10 Yrs,0,Junior Core,-0.7049,0.9775
29,No,Travel_Frequently,995,Research & Development,2,1,Life Sciences,1,Male,87,3,2,Healthcare Representative,4,Divorced,8853.0,5k-10k,24483,1,No,19,3,4,1,6,0,4,6,4,1,3.0,8853,0,26-35,6-10 Yrs,0,Junior Core,-0.5464,-0.126
29,No,Travel_Rarely,469,Sales,10,3,Medical,3,Male,42,2,2,Sales Executive,3,Single,5869.0,5k-10k,23413,9,No,11,3,3,0,8,2,3,5,2,1,4.0,5869,0,26-35,3-5 Yrs,0,Junior Core,-0.7046,0.2669
29,No,Travel_Rarely,991,Sales,5,3,Medical,1,Male,43,2,2,Sales Executive,2,Divorced,4187.0,Upto 5k,3356,1,Yes,13,3,2,1,10,3,2,10,0,0,9.0,4187,0,26-35,6-10 Yrs,1,Mid-Level Professionals,0.0163,1.6048
29,No,Travel_Rarely,1082,Research & Development,9,4,Medical,4,Female,43,3,1,Laboratory Technician,3,Married,2974.0,Upto 5k,25412,9,No,17,3,3,1,9,2,3,5,3,1,2.0,2974,0,26-35,3-5 Yrs,0,Junior Core,-1.5377,0.2216
29,Yes,Travel_Rarely,428,Sales,9,3,Marketing,2,Female,52,1,1,Sales Representative,2,Single,2760.0,Upto 5k,14630,1,No,13,3,3,0,2,3,3,2,2,2,2.0,2760,1,26-35,0-2 Yrs,0,Junior Core,-2.174,0.1099
29,No,Travel_Frequently,461,Research & Development,1,3,Life Sciences,4,Male,70,4,2,Healthcare Representative,3,Single,6294.0,5k-10k,23060,8,Yes,12,3,4,0,10,5,4,3,2,0,2.0,6294,0,26-35,3-5 Yrs,0,Junior Core,-0.8541,-0.5027
29,No,Travel_Rarely,590,Research & Development,4,3,Technical Degree,4,Female,91,2,1,Research Scientist,1,Divorced,2109.0,Upto 5k,10007,1,No,13,3,3,1,1,2,3,1,0,0,0.0,2109,0,26-35,0-2 Yrs,0,Junior Core,-2.5494,-0.3913
29,Yes,Travel_Rarely,350,Human Resources,13,3,Human Resources,1,Male,56,2,1,Human Resources,1,Divorced,2335.0,Upto 5k,3157,4,Yes,15,3,4,3,4,3,3,2,2,2,0.0,2335,1,26-35,0-2 Yrs,0,Junior Core,-2.2779,-0.2106
29,No,Travel_Frequently,574,Research & Development,20,1,Medical,4,Male,40,3,1,Laboratory Technician,4,Married,3812.0,Upto 5k,7003,1,No,13,3,2,0,11,3,4,11,8,3,10.0,3812,0,26-35,11-20 Yrs,1,Mid-Level Professionals,-0.2134,2.362
29,No,Travel_Rarely,726,Research & Development,29,1,Life Sciences,4,Male,93,1,2,Healthcare Representative,3,Divorced,6384.0,5k-10k,21143,8,No,17,3,4,2,11,3,3,7,0,1,6.0,6384,0,26-35,6-10 Yrs,1,Mid-Level Professionals,-0.1533,1.078
29,No,TravelRarely,352,Human Resources,6,1,Medical,4,Male,87,2,1,Human Resources,2,Married,2804.0,Upto 5k,15434,1,No,11,3,4,0,1,3,3,1,0,0,0.0,2804,0,26-35,0-2 Yrs,0,Junior Core,-2.4769,-0.3949
29,Yes,Travel_Frequently,459,Research & Development,24,2,Life Sciences,4,Male,73,2,1,Research Scientist,4,Single,2439.0,Upto 5k,14753,1,Yes,24,4,2,0,1,3,2,1,0,1,0.0,2439,1,26-35,0-2 Yrs,0,Junior Core,-2.5079,-0.0461
29,No,Travel_Rarely,592,Research & Development,7,3,Life Sciences,4,Male,59,3,1,Laboratory Technician,1,Single,2062.0,Upto 5k,19384,3,No,14,3,2,0,11,2,3,3,2,1,2.0,2062,0,26-35,3-5 Yrs,0,Junior Core,-1.6408,0.0396
29,Yes,Travel_Frequently,746,Sales,24,3,Technical Degree,3,Male,45,4,1,Sales Representative,1,Single,1091.0,Upto 5k,10642,1,No,17,3,4,0,1,3,3,1,0,0,0.0,1091,1,26-35,0-2 Yrs,0,Junior Core,-2.6471,0.0316
29,No,Travel_Rarely,136,Research & Development,1,3,Life Sciences,1,Male,89,3,2,Healthcare Representative,1,Married,5373.0,5k-10k,6225,0,No,12,3,1,1,6,5,2,5,3,0,2.0,5373,0,26-35,3-5 Yrs,0,Junior Core,-1.0614,-0.2169
29,Yes,Travel_Rarely,1092,Research & Development,1,4,Medical,1,Male,36,3,1,Research Scientist,4,Married,4787.0,Upto 5k,26124,9,Yes,14,3,2,3,4,3,4,2,2,2,2.0,4787,1,26-35,0-2 Yrs,0,Junior Core,-1.8472,-0.1873
29,No,Travel_Rarely,1378,Research & Development,13,2,Other,4,Male,46,2,2,Laboratory Technician,2,Married,4025.0,Upto 5k,23679,4,Yes,13,3,1,1,10,2,3,4,3,0,3.0,4025,0,26-35,3-5 Yrs,0,Junior Core,-0.9287,0.1199
29,No,Travel_Rarely,468,Research & Development,28,4,Medical,4,Female,73,2,1,Research Scientist,1,Single,3785.0,Upto 5k,8489,1,No,14,3,2,0,5,3,1,5,4,0,4.0,3785,0,26-35,3-5 Yrs,0,Junior Core,-1.5058,0.9732
30,No,Travel_Rarely,1358,Research & Development,24,1,Life Sciences,4,Male,67,3,1,Laboratory Technician,3,Divorced,2693.0,Upto 5k,13335,1,No,22,4,2,1,1,2,3,1,0,0,3.0,2693,0,26-35,0-2 Yrs,0,Junior Core,-2.1715,0.4721
30,No,Travel_Rarely,125,Research & Development,9,2,Medical,4,Male,83,2,1,Laboratory Technician,3,Single,2206.0,Upto 5k,16117,1,No,13,3,1,0,10,5,3,10,0,1,8.0,2206,0,26-35,6-10 Yrs,1,Mid-Level Professionals,-0.6525,1.7647
30,No,Travel_Frequently,721,Research & Development,1,2,Medical,3,Female,58,3,2,Laboratory Technician,4,Single,4011.0,Upto 5k,10781,1,No,23,4,4,0,12,2,3,12,8,3,7.0,4011,0,26-35,11-20 Yrs,1,Mid-Level Professionals,0.1009,1.2458
30,No,Travel_Rarely,852,Research & Development,1,1,Life Sciences,4,Male,55,2,2,Laboratory Technician,4,Married,5126.0,5k-10k,15998,1,Yes,12,3,3,2,10,1,2,10,8,3,0.0,5126,0,26-35,6-10 Yrs,0,Junior Core,-0.6695,-0.2884
30,No,Travel_Rarely,288,Research & Development,2,3,Life Sciences,3,Male,99,2,2,Healthcare Representative,4,Married,4152.0,Upto 5k,15830,1,No,19,3,1,3,11,3,3,11,10,10,8.0,4152,0,26-35,11-20 Yrs,1,Mid-Level Professionals,0.0824,1.383
30,No,Travel_Rarely,1334,Sales,4,2,Medical,3,Female,63,2,2,Sales Executive,2,Divorced,5209.0,5k-10k,19760,1,Yes,12,3,2,3,11,4,2,11,8,2,7.0,5209,0,26-35,11-20 Yrs,1,Mid-Level Professionals,0.1013,1.1669
30,No,Travel_Frequently,1312,Research & Development,23,3,Life Sciences,1,Male,96,1,1,Research Scientist,3,Divorced,2613.0,Upto 5k,22310,1,No,25,4,3,3,10,2,2,10,7,0,9.0,2613,0,26-35,6-10 Yrs,1,Mid-Level Professionals,-0.5143,2.1878
30,No,Travel_Rarely,1240,Human Resources,9,3,Human Resources,3,Male,48,3,2,Human Resources,4,Married,6347.0,5k-10k,13982,0,Yes,19,3,4,0,12,2,1,11,9,4,3.0,6347,0,26-35,11-20 Yrs,1,Mid-Level Professionals,-0.0829,0.4087
30,No,Travel_Rarely,438,Research & Development,18,3,Life Sciences,1,Female,75,3,1,Research Scientist,3,Single,2632.0,Upto 5k,23910,1,No,14,3,3,0,5,4,2,5,4,0,3.0,2632,0,26-35,3-5 Yrs,0,Junior Core,-1.6823,0.624
30,No,Travel_Rarely,201,Research & Development,5,3,Technical Degree,4,Female,84,3,1,Research Scientist,1,Divorced,3204.0,Upto 5k,10415,5,No,14,3,4,1,8,3,3,3,2,2,3.0,3204,0,26-35,3-5 Yrs,0,Junior Core,-1.5759,0.139
30,No,Travel_Rarely,1427,Research & Development,2,1,Medical,2,Male,35,2,1,Laboratory Technician,4,Single,2720.0,Upto 5k,11162,0,No,13,3,4,0,6,3,3,5,3,1,3.0,2720,0,26-35,3-5 Yrs,0,Junior Core,-1.6189,0.3103
30,No,Travel_Rarely,1339,Sales,5,3,Life Sciences,2,Female,41,3,3,Sales Executive,4,Married,9419.0,5k-10k,8053,2,No,12,3,3,1,12,2,3,10,9,7,4.0,9419,0,26-35,6-10 Yrs,1,Mid-Level Professionals,0.6716,0.0622
30,No,Non-Travel,111,Research & Development,9,3,Medical,3,Male,66,3,2,Laboratory Technician,1,Divorced,3072.0,Upto 5k,11012,1,No,11,3,3,2,12,4,3,12,9,6,10.0,3072,0,26-35,11-20 Yrs,1,Mid-Level Professionals,0.2798,2.0203
30,No,Non-Travel,829,Research & Development,1,1,Life Sciences,3,Male,88,2,3,Manufacturing Director,3,Single,8474.0,5k-10k,20925,1,No,22,4,3,0,12,2,3,11,8,5,8.0,8474,0,26-35,11-20 Yrs,1,Mid-Level Professionals,1.0006,0.8919
30,Yes,Travel_Rarely,1005,Research & Development,3,3,Technical Degree,4,Female,88,3,1,Research Scientist,1,Single,2657.0,Upto 5k,8556,5,Yes,11,3,3,0,8,5,3,5,2,0,4.0,2657,1,26-35,3-5 Yrs,0,Junior Core,-1.4137,0.4891
30,Yes,Travel_Frequently,334,Sales,26,4,Marketing,3,Female,52,2,2,Sales Executive,1,Single,6696.0,5k-10k,22967,5,No,15,3,3,0,9,5,2,6,3,0,1.0,6696,1,26-35,6-10 Yrs,0,Junior Core,-0.7244,-0.0417
30,No,Travel_Rarely,1275,Research & Development,28,2,Medical,4,Female,64,3,2,Research Scientist,4,Married,5775.0,5k-10k,11934,1,No,13,3,4,2,11,2,3,10,8,1,9.0,5775,0,26-35,6-10 Yrs,1,Mid-Level Professionals,0.2864,1.8728
30,No,Travel_Rarely,570,Sales,5,3,Marketing,4,Female,30,2,2,Sales Executive,3,Divorced,6118.0,5k-10k,5431,1,No,13,3,3,3,10,2,3,10,9,1,2.0,6118,0,26-35,6-10 Yrs,0,Junior Core,-0.3837,0.1104
30,No,Non-Travel,641,Sales,25,2,Technical Degree,4,Female,85,3,2,Sales Executive,3,Married,4736.0,Upto 5k,6069,7,Yes,12,3,2,1,4,2,4,2,2,2,2.0,4736,0,26-35,0-2 Yrs,0,Junior Core,-1.3942,0.0043
30,No,Travel_Rarely,202,Sales,2,1,Technical Degree,3,Male,72,3,1,Sales Representative,2,Married,2476.0,Upto 5k,17434,1,No,18,3,1,1,1,3,3,1,0,0,0.0,2476,0,26-35,0-2 Yrs,0,Junior Core,-2.475,-0.4908
30,Yes,Travel_Frequently,464,Research & Development,4,3,Technical Degree,3,Male,40,3,1,Research Scientist,4,Single,2285.0,Upto 5k,3427,9,Yes,23,4,3,0,3,4,3,1,0,0,0.0,2285,1,26-35,0-2 Yrs,0,Junior Core,-2.3736,-0.478
30,No,Travel_Rarely,1082,Sales,12,3,Technical Degree,2,Female,83,3,2,Sales Executive,3,Single,6577.0,5k-10k,19558,0,No,11,3,2,0,6,6,3,5,4,4,4.0,6577,0,26-35,3-5 Yrs,0,Junior Core,-0.7138,0.2552
30,No,Travel_Rarely,317,Research & Development,2,3,Life Sciences,3,Female,43,1,2,Manufacturing Director,4,Single,6091.0,5k-10k,24793,2,No,20,4,3,0,11,2,3,5,4,0,2.0,6091,0,26-35,3-5 Yrs,0,Junior Core,-0.6487,-0.3686
30,No,Non-Travel,1400,Research & Development,3,3,Life Sciences,3,Male,53,3,1,Laboratory Technician,4,Married,2097.0,Upto 5k,16734,4,No,15,3,3,1,9,3,1,5,3,1,4.0,2097,0,26-35,3-5 Yrs,0,Junior Core,-1.4113,0.5041
30,No,Non-Travel,1398,Sales,22,4,Other,3,Female,69,3,3,Sales Executive,1,Married,8412.0,5k-10k,2890,0,No,11,3,3,0,10,3,3,9,8,7,8.0,8412,0,26-35,6-10 Yrs,1,Mid-Level Professionals,0.7531,1.1491
30,No,Non-Travel,1116,Research & Development,2,3,Medical,3,Female,49,3,1,Laboratory Technician,4,Single,2564.0,Upto 5k,7181,0,No,14,3,3,0,12,2,2,11,7,6,7.0,2564,0,26-35,11-20 Yrs,1,Mid-Level Professionals,-0.5244,1.4721
30,No,Travel_Rarely,413,Sales,7,1,Marketing,4,Male,57,3,1,Sales Representative,2,Single,2983.0,Upto 5k,18398,0,No,14,3,1,0,4,3,3,3,2,1,2.0,2983,0,26-35,3-5 Yrs,0,Junior Core,-1.9298,0.0657
30,Yes,Travel_Frequently,448,Sales,12,4,Life Sciences,2,Male,74,2,1,Sales Representative,1,Married,2033.0,Upto 5k,14470,1,No,18,3,3,1,1,2,4,1,0,0,0.0,2033,1,26-35,0-2 Yrs,0,Junior Core,-2.5171,-0.2831
30,No,Travel_Frequently,160,Research & Development,3,3,Medical,3,Female,71,3,1,Research Scientist,3,Divorced,2083.0,Upto 5k,22653,1,No,20,4,3,1,1,2,3,1,0,0,0.0,2083,0,26-35,0-2 Yrs,0,Junior Core,-2.5152,-0.4499
30,No,Travel_Rarely,501,Sales,27,5,Marketing,3,Male,99,3,2,Sales Executive,4,Divorced,5304.0,5k-10k,25275,7,No,23,4,4,1,10,2,2,8,7,7,7.0,5304,0,26-35,6-10 Yrs,1,Mid-Level Professionals,-0.1333,1.3525
30,No,Travel_Rarely,921,Research & Development,1,3,Life Sciences,4,Male,38,1,1,Laboratory Technician,3,Married,3833.0,Upto 5k,24375,3,No,21,4,3,2,7,2,3,2,2,0,2.0,3833,0,26-35,0-2 Yrs,0,Junior Core,-1.7279,-0.2262
30,No,Travel_Rarely,946,Research & Development,2,3,Medical,3,Female,52,2,2,Manufacturing Director,4,Single,6877.0,5k-10k,20234,5,Yes,24,4,2,0,12,4,2,0,0,0,0.0,6877,0,26-35,0-2 Yrs,0,Junior Core,-1.0105,-1.223
30,No,Travel_Frequently,1012,Research & Development,5,4,Life Sciences,2,Male,75,2,1,Research Scientist,4,Divorced,3761.0,Upto 5k,2373,9,No,12,3,2,1,10,3,2,5,4,0,3.0,3761,0,26-35,3-5 Yrs,0,Junior Core,-1.2695,0.2357
30,No,Travel_Rarely,231,Sales,8,2,Other,3,Male,62,3,3,Sales Executive,3,Divorced,7264.0,5k-10k,9977,5,No,11,3,1,1,10,2,4,8,4,7,7.0,7264,0,26-35,6-10 Yrs,1,Mid-Level Professionals,0.4741,0.687
30,Yes,Travel_Rarely,138,Research & Development,22,3,Life Sciences,1,Female,48,3,1,Research Scientist,3,Married,2132.0,Upto 5k,11539,4,Yes,11,3,2,0,7,2,3,5,2,0,1.0,2132,1,26-35,3-5 Yrs,0,Junior Core,-1.7939,0.3079
30,No,Travel_Rarely,153,Research & Development,8,2,Life Sciences,2,Female,73,4,3,Research Director,1,Married,11416.0,10k-15k,17802,0,Yes,12,3,3,3,9,4,2,8,7,1,7.0,11416,0,26-35,6-10 Yrs,1,Mid-Level Professionals,0.8428,0.465
30,Yes,Travel_Frequently,109,Research & Development,5,3,Medical,2,Female,60,3,1,Laboratory Technician,2,Single,2422.0,Upto 5k,25725,0,No,17,3,1,0,4,3,3,3,2,1,2.0,2422,1,26-35,3-5 Yrs,0,Junior Core,-1.9884,0.0617
30,No,Travel_Rarely,1176,Research & Development,20,3,Other,3,Male,85,3,2,Manufacturing Director,1,Married,9957.0,5k-10k,9096,0,No,15,3,3,1,7,1,2,6,2,0,2.0,9957,0,26-35,6-10 Yrs,0,Junior Core,-0.4192,-0.1127
30,No,Travel_Rarely,852,Sales,10,3,Marketing,3,Male,72,2,2,Sales Executive,3,Married,6578.0,5k-10k,2706,1,No,18,3,1,1,10,3,3,10,3,1,4.0,6578,0,26-35,6-10 Yrs,1,Mid-Level Professionals,-0.1524,0.5581
30,No,Travel_Rarely,1329,Sales,29,4,Life Sciences,3,Male,61,3,2,Sales Executive,1,Divorced,4115.0,Upto 5k,13192,8,No,19,3,3,3,8,3,3,4,3,0,3.0,4115,0,26-35,3-5 Yrs,0,Junior Core,-0.9966,0.3988
30,No,Travel_Rarely,853,Research & Development,7,4,Life Sciences,3,Male,49,3,2,Laboratory Technician,3,Divorced,3491.0,Upto 5k,11309,1,No,13,3,1,3,10,4,2,10,7,8,9.0,3491,0,26-35,6-10 Yrs,1,Mid-Level Professionals,-0.0175,1.6394
30,No,Travel_Rarely,1465,Research & Development,1,3,Medical,4,Male,63,3,1,Research Scientist,2,Married,3579.0,Upto 5k,9369,0,Yes,21,4,1,1,12,2,3,11,9,5,7.0,3579,0,26-35,11-20 Yrs,1,Mid-Level Professionals,-0.42,1.3954
30,No,Non-Travel,879,Research & Development,9,2,Medical,3,Female,72,3,2,Manufacturing Director,3,Single,4695.0,Upto 5k,12858,7,Yes,18,3,3,0,10,3,3,8,4,1,7.0,4695,0,26-35,6-10 Yrs,1,Mid-Level Professionals,-0.2029,1.0598
30,No,Travel_Rarely,1138,Research & Development,6,3,Technical Degree,1,Female,48,2,2,Laboratory Technician,4,Married,4627.0,Upto 5k,23631,0,No,12,3,1,1,10,6,3,9,2,6,7.0,4627,0,26-35,6-10 Yrs,1,Mid-Level Professionals,-0.1468,1.0908
30,No,Travel_Rarely,634,Research & Development,17,4,Medical,2,Female,95,3,3,Manager,1,Married,11916.0,10k-15k,25927,1,Yes,23,4,4,2,9,2,3,9,1,0,8.0,11916,0,26-35,6-10 Yrs,1,Mid-Level Professionals,1.053,0.8734
30,No,Travel_Rarely,855,Sales,7,4,Marketing,4,Female,73,3,2,Sales Executive,1,Divorced,4779.0,Upto 5k,12761,7,No,14,3,2,2,8,3,3,3,2,0,2.0,4779,0,26-35,3-5 Yrs,0,Junior Core,-1.0914,-0.3134
30,No,Travel_Rarely,1358,Sales,16,1,Life Sciences,4,Male,96,3,2,Sales Executive,3,Married,5301.0,5k-10k,2939,8,No,15,3,3,2,4,2,2,2,1,2,2.0,5301,0,26-35,0-2 Yrs,0,Junior Core,-1.3392,-0.1921
30,No,Non-Travel,990,Research & Development,7,3,Technical Degree,3,Male,64,3,1,Research Scientist,3,Divorced,1274.0,Upto 5k,7152,1,No,13,3,2,2,1,2,2,1,0,0,0.0,1274,0,26-35,0-2 Yrs,0,Junior Core,-2.5973,-0.3304
30,No,Travel_Rarely,330,Human Resources,1,3,Life Sciences,3,Male,46,3,1,Human Resources,3,Divorced,2064.0,Upto 5k,15428,0,No,21,4,1,1,6,3,4,5,3,1,3.0,2064,0,26-35,3-5 Yrs,0,Junior Core,-1.687,0.3299
30,Yes,Travel_Rarely,740,Sales,1,3,Life Sciences,2,Male,64,2,2,Sales Executive,1,Married,9714.0,5k-10k,5323,1,No,11,3,4,1,10,4,3,10,8,6,7.0,9714,1,26-35,6-10 Yrs,1,Mid-Level Professionals,0.4411,0.7882
30,No,Travel_Rarely,1288,Sales,29,4,Technical Degree,3,Male,33,3,3,Sales Executive,2,Married,9250.0,5k-10k,17799,3,No,12,3,2,1,9,3,3,4,2,1,3.0,9250,0,26-35,3-5 Yrs,1,Mid-Level Professionals,0.006,-0.1209
30,No,Travel_Rarely,241,Research & Development,7,3,Medical,2,Male,48,2,1,Research Scientist,2,Married,2141.0,Upto 5k,5348,1,No,12,3,2,1,6,3,2,6,4,1,1.0,2141,0,26-35,6-10 Yrs,0,Junior Core,-1.7945,0.1332
30,No,Travel_Rarely,793,Research & Development,16,1,Life Sciences,2,Male,33,3,1,Research Scientist,4,Married,2862.0,Upto 5k,3811,1,No,12,3,2,1,10,2,2,10,0,0,8.0,2862,0,26-35,6-10 Yrs,1,Mid-Level Professionals,-0.5822,1.8544
30,No,Travel_Frequently,1312,Research & Development,2,4,Technical Degree,4,Female,78,2,1,Research Scientist,1,Single,4968.0,Upto 5k,26427,0,No,16,3,4,0,10,2,3,9,7,0,7.0,4968,0,26-35,6-10 Yrs,1,Mid-Level Professionals,-0.5251,1.2047
30,Yes,Travel_Frequently,600,Human Resources,8,3,Human Resources,3,Female,66,2,1,Human Resources,4,Divorced,2180.0,Upto 5k,9732,6,No,11,3,3,1,6,0,2,4,2,1,2.0,2180,1,26-35,3-5 Yrs,0,Junior Core,-1.8277,0.1774
30,No,Travel_Rarely,979,Sales,15,2,Marketing,3,Male,94,2,3,Sales Executive,1,Divorced,7140.0,5k-10k,3088,2,No,11,3,1,1,12,2,3,7,7,1,7.0,7140,0,26-35,6-10 Yrs,1,Mid-Level Professionals,0.5201,0.7053
30,No,Travel_Rarely,305,Research & Development,16,3,Life Sciences,3,Male,58,4,2,Healthcare Representative,3,Married,5294.0,5k-10k,9128,3,No,16,3,3,1,10,3,3,7,0,1,7.0,5294,0,26-35,6-10 Yrs,1,Mid-Level Professionals,-0.2027,1.071
30,No,Travel_Rarely,1092,Research & Development,10,3,Medical,1,Female,64,3,3,Manufacturing Director,3,Single,9667.0,5k-10k,2739,9,No,14,3,2,0,9,3,3,7,7,0,2.0,9667,0,26-35,6-10 Yrs,1,Mid-Level Professionals,0.1438,-0.4374
30,Yes,Travel_Rarely,945,Sales,9,3,Medical,2,Male,89,3,1,Sales Representative,4,Single,1081.0,Upto 5k,16019,1,No,13,3,3,0,1,3,2,1,0,0,0.0,1081,1,26-35,0-2 Yrs,0,Junior Core,-2.6165,-0.2829
30,No,Travel_Rarely,911,Research & Development,1,2,Medical,4,Male,76,3,1,Laboratory Technician,2,Married,3748.0,Upto 5k,4077,1,No,13,3,3,0,12,6,2,12,8,1,7.0,3748,0,26-35,11-20 Yrs,1,Mid-Level Professionals,-0.3383,1.4674
31,No,Travel_Rarely,670,Research & Development,26,1,Life Sciences,1,Male,31,3,1,Research Scientist,3,Divorced,2911.0,Upto 5k,15170,1,No,17,3,4,1,5,1,2,5,2,4,3.0,2911,0,26-35,3-5 Yrs,0,Junior Core,-1.6132,0.7117
31,No,Travel_Rarely,655,Research & Development,7,4,Life Sciences,4,Male,48,3,2,Laboratory Technician,4,Divorced,5915.0,5k-10k,9528,3,No,22,4,4,1,10,3,2,7,7,1,7.0,5915,0,26-35,6-10 Yrs,1,Mid-Level Professionals,-0.1046,0.8293
31,No,Travel_Rarely,1082,Research & Development,1,4,Medical,3,Male,87,3,1,Research Scientist,2,Single,2501.0,Upto 5k,18775,1,No,17,3,2,0,1,4,3,1,1,1,3.0,2501,0,26-35,0-2 Yrs,0,Junior Core,-2.1627,0.0224
31,No,Travel_Rarely,746,Research & Development,8,4,Life Sciences,3,Female,61,3,2,Manufacturing Director,4,Single,4424.0,Upto 5k,20682,1,No,23,4,4,0,11,2,3,11,7,1,3.0,4424,0,26-35,11-20 Yrs,1,Mid-Level Professionals,-0.3048,0.4767
31,Yes,Travel_Rarely,249,Sales,6,4,Life Sciences,2,Male,76,1,2,Sales Executive,3,Married,6172.0,5k-10k,20739,4,Yes,18,3,2,0,12,3,2,7,7,7,7.0,6172,1,26-35,6-10 Yrs,1,Mid-Level Professionals,0.042,0.7617
31,Yes,Travel_Rarely,542,Sales,20,3,Life Sciences,2,Female,71,1,2,Sales Executive,3,Married,4559.0,Upto 5k,24788,3,Yes,11,3,3,1,4,2,3,2,2,2,2.0,4559,1,26-35,0-2 Yrs,0,Junior Core,-1.3771,-0.1185
31,No,Travel_Rarely,140,Research & Development,12,1,Medical,3,Female,95,3,1,Research Scientist,4,Married,3929.0,Upto 5k,6984,8,Yes,23,4,3,1,7,0,3,4,2,0,2.0,3929,0,26-35,3-5 Yrs,0,Junior Core,-1.5481,0.0901
31,No,Non-Travel,979,Research & Development,1,4,Medical,3,Male,90,1,2,Manufacturing Director,3,Married,4345.0,Upto 5k,4381,0,No,12,3,4,1,6,2,3,5,4,1,4.0,4345,0,26-35,3-5 Yrs,0,Junior Core,-0.9112,0.1416
31,No,Travel_Frequently,1327,Research & Development,3,4,Medical,2,Male,73,3,3,Research Director,3,Divorced,13675.0,10k-15k,13523,9,No,12,3,1,1,9,3,3,2,2,2,2.0,13675,0,26-35,0-2 Yrs,1,Mid-Level Professionals,0.2711,-1.2465
31,Yes,Travel_Frequently,307,Research & Development,29,2,Medical,3,Male,71,2,1,Laboratory Technician,2,Single,3479.0,Upto 5k,11652,0,No,11,3,2,0,6,2,4,5,4,1,4.0,3479,1,26-35,3-5 Yrs,0,Junior Core,-1.4023,0.9079
31,No,Travel_Rarely,1463,Research & Development,23,3,Medical,2,Male,64,2,2,Healthcare Representative,4,Married,5582.0,5k-10k,14408,0,No,21,4,2,1,10,2,3,9,0,7,8.0,5582,0,26-35,6-10 Yrs,1,Mid-Level Professionals,0.0864,1.4949
31,No,Travel_Frequently,444,Sales,5,3,Marketing,4,Female,84,3,1,Sales Representative,2,Divorced,2789.0,Upto 5k,3909,1,No,11,3,3,1,2,5,2,2,2,2,2.0,2789,0,26-35,0-2 Yrs,0,Junior Core,-2.0979,-0.0486
31,No,Travel_Rarely,218,Sales,7,3,Technical Degree,2,Male,100,4,2,Sales Executive,4,Married,6929.0,5k-10k,12241,4,No,11,3,2,1,10,3,2,8,7,7,7.0,6929,0,26-35,6-10 Yrs,1,Mid-Level Professionals,0.0644,0.8526
31,No,Travel_Rarely,691,Research & Development,5,4,Technical Degree,3,Male,86,3,1,Research Scientist,4,Married,4821.0,Upto 5k,10077,0,Yes,12,3,3,1,6,4,3,5,2,0,3.0,4821,0,26-35,3-5 Yrs,0,Junior Core,-1.3635,0.2018
31,No,Travel_Rarely,106,Human Resources,2,3,Human Resources,1,Male,62,2,2,Human Resources,1,Married,6410.0,5k-10k,17822,3,No,12,3,4,0,9,1,3,2,2,1,0.0,6410,0,26-35,0-2 Yrs,0,Junior Core,-1.0736,-1.0227
31,No,Travel_Rarely,192,Research & Development,2,4,Life Sciences,3,Male,32,3,1,Research Scientist,4,Divorced,2695.0,Upto 5k,7747,0,Yes,18,3,2,1,3,2,1,2,2,2,2.0,2695,0,26-35,0-2 Yrs,0,Junior Core,-2.0486,-0.1151
31,No,Travel_Rarely,691,Sales,7,3,Marketing,4,Male,73,3,2,Sales Executive,4,Divorced,7547.0,5k-10k,7143,4,No,12,3,4,3,13,3,3,7,7,1,7.0,7547,0,26-35,6-10 Yrs,1,Mid-Level Professionals,0.2445,0.6833
31,No,Travel_Frequently,798,Research & Development,7,2,Life Sciences,3,Female,48,2,3,Manufacturing Director,3,Married,8943.0,5k-10k,14034,1,No,24,4,1,1,10,2,3,10,9,8,9.0,8943,0,26-35,6-10 Yrs,1,Mid-Level Professionals,0.9949,1.0767
31,No,Travel_Rarely,1232,Research & Development,7,4,Medical,3,Female,39,3,3,Manufacturing Director,4,Single,7143.0,5k-10k,25713,1,Yes,14,3,3,0,11,2,2,11,9,4,10.0,7143,0,26-35,11-20 Yrs,1,Mid-Level Professionals,1.0244,1.4365
31,No,Travel_Rarely,408,Research & Development,9,4,Life Sciences,3,Male,42,2,1,Research Scientist,2,Single,2657.0,Upto 5k,7551,0,Yes,16,3,4,0,3,5,3,2,2,2,2.0,2657,0,26-35,0-2 Yrs,0,Junior Core,-2.0499,0.0146
31,No,Travel_Rarely,480,Research & Development,7,2,Medical,2,Female,31,3,2,Manufacturing Director,1,Married,4306.0,Upto 5k,4156,1,No,12,3,2,1,13,5,1,13,10,3,12.0,4306,0,26-35,11-20 Yrs,1,Mid-Level Professionals,0.7502,2.3184
31,No,Travel_Rarely,329,Research & Development,1,2,Life Sciences,4,Male,98,2,1,Laboratory Technician,1,Married,2218.0,Upto 5k,16193,1,No,12,3,3,1,4,3,3,4,2,3,2.0,2218,0,26-35,3-5 Yrs,0,Junior Core,-1.9095,0.0403
31,No,Travel_Rarely,1274,Research & Development,9,1,Life Sciences,3,Male,33,3,3,Manufacturing Director,2,Divorced,10648.0,10k-15k,14394,1,No,25,4,4,1,13,6,4,13,8,0,8.0,10648,0,26-35,11-20 Yrs,1,Mid-Level Professionals,1.4541,1.0165
31,Yes,Travel_Frequently,534,Research & Development,20,3,Life Sciences,1,Male,66,3,3,Healthcare Representative,3,Married,9824.0,5k-10k,22908,3,No,12,3,1,0,12,2,3,1,0,0,0.0,9824,1,26-35,0-2 Yrs,0,Junior Core,-0.1859,-1.2317
31,No,Travel_Rarely,828,Sales,2,1,Life Sciences,2,Male,77,3,2,Sales Executive,4,Single,6582.0,5k-10k,8346,4,Yes,13,3,3,0,10,2,4,6,5,0,5.0,6582,0,26-35,6-10 Yrs,1,Mid-Level Professionals,-0.2838,0.2349
31,No,Travel_Rarely,688,Sales,7,3,Life Sciences,3,Male,44,2,3,Manager,4,Divorced,11557.0,10k-15k,25291,9,No,21,4,3,1,10,3,2,5,4,0,1.0,11557,0,26-35,3-5 Yrs,1,Mid-Level Professionals,0.2159,-1.0153
31,Yes,Travel_Rarely,1365,Sales,13,4,Medical,2,Male,46,3,2,Sales Executive,1,Divorced,4233.0,Upto 5k,11512,2,No,17,3,3,0,9,2,1,3,1,1,2.0,4233,1,26-35,3-5 Yrs,0,Junior Core,-1.0481,-0.2319
31,No,Travel_Rarely,525,Sales,6,4,Medical,1,Male,66,4,2,Sales Executive,4,Divorced,5460.0,5k-10k,6219,4,No,22,4,4,2,13,4,4,7,7,5,7.0,5460,0,26-35,6-10 Yrs,1,Mid-Level Professionals,0.0286,0.7854
31,No,Travel_Rarely,1222,Research & Development,11,4,Life Sciences,4,Male,48,3,1,Research Scientist,4,Married,2356.0,Upto 5k,14871,3,Yes,19,3,2,1,8,2,3,6,4,0,2.0,2356,0,26-35,6-10 Yrs,0,Junior Core,-1.5222,0.3087
31,No,Travel_Rarely,154,Sales,7,4,Life Sciences,2,Male,41,2,1,Sales Representative,3,Married,2329.0,Upto 5k,11737,3,No,15,3,2,0,13,2,4,7,7,5,2.0,2329,0,26-35,6-10 Yrs,0,Junior Core,-1.1612,0.2326
31,No,Non-Travel,1188,Sales,20,2,Marketing,4,Female,45,3,2,Sales Executive,3,Married,6932.0,5k-10k,24406,1,No,13,3,4,1,9,2,2,9,8,0,0.0,6932,0,26-35,6-10 Yrs,0,Junior Core,-0.5631,-0.1529
31,No,Travel_Rarely,616,Research & Development,12,3,Medical,4,Female,41,3,2,Healthcare Representative,4,Married,5855.0,5k-10k,17369,0,Yes,11,3,3,2,10,2,1,9,7,8,5.0,5855,0,26-35,6-10 Yrs,1,Mid-Level Professionals,-0.1623,0.7041
31,Yes,Non-Travel,335,Research & Development,9,2,Medical,3,Male,46,2,1,Research Scientist,1,Single,2321.0,Upto 5k,10322,0,Yes,22,4,1,0,4,0,3,3,2,1,2.0,2321,1,26-35,3-5 Yrs,0,Junior Core,-1.9601,0.0984
31,No,Travel_Frequently,853,Research & Development,1,1,Life Sciences,3,Female,96,3,2,Manufacturing Director,1,Married,4148.0,Upto 5k,11275,1,No,12,3,3,1,4,1,3,4,3,0,3.0,4148,0,26-35,3-5 Yrs,0,Junior Core,-1.2071,-0.0857
31,No,Travel_Frequently,793,Sales,20,3,Life Sciences,3,Male,67,4,1,Sales Representative,4,Married,2791.0,Upto 5k,21981,0,No,12,3,1,1,3,4,3,2,2,2,2.0,2791,0,26-35,0-2 Yrs,0,Junior Core,-2.032,0.2072
31,Yes,Travel_Frequently,874,Research & Development,15,3,Medical,3,Male,72,3,1,Laboratory Technician,3,Married,2610.0,Upto 5k,6233,1,No,12,3,3,1,2,5,2,2,2,2,2.0,2610,1,26-35,0-2 Yrs,0,Junior Core,-2.1127,0.1439
31,No,Travel_Rarely,1332,Research & Development,11,2,Medical,3,Male,80,3,2,Healthcare Representative,1,Married,6833.0,5k-10k,17089,1,Yes,12,3,4,0,6,2,2,6,5,0,1.0,6833,0,26-35,6-10 Yrs,0,Junior Core,-0.8591,-0.3128
31,No,Travel_Rarely,1062,Research & Development,24,3,Medical,3,Female,96,2,2,Healthcare Representative,1,Single,6812.0,5k-10k,17198,1,No,19,3,2,0,10,2,3,10,9,1,8.0,6812,0,26-35,6-10 Yrs,1,Mid-Level Professionals,0.2781,1.524
31,No,Non-Travel,587,Sales,2,4,Life Sciences,4,Female,57,3,3,Sales Executive,3,Divorced,9852.0,5k-10k,8935,1,Yes,19,3,1,1,10,5,2,10,8,9,6.0,9852,0,26-35,6-10 Yrs,1,Mid-Level Professionals,0.814,0.3585
31,Yes,Travel_Frequently,1060,Sales,1,3,Life Sciences,4,Female,54,3,1,Sales Representative,2,Single,2302.0,Upto 5k,8319,1,Yes,11,3,1,0,3,2,4,3,2,2,2.0,2302,1,26-35,3-5 Yrs,0,Junior Core,-2.0253,-0.0289
31,Yes,Travel_Frequently,703,Sales,2,3,Life Sciences,3,Female,90,2,1,Sales Representative,4,Single,2785.0,Upto 5k,11882,7,No,14,3,3,0,3,3,4,1,0,0,0.0,2785,1,26-35,0-2 Yrs,0,Junior Core,-2.2854,-0.5852
31,Yes,Travel_Rarely,330,Research & Development,22,4,Medical,4,Male,98,3,2,Manufacturing Director,3,Married,6179.0,5k-10k,21057,1,Yes,15,3,4,2,10,3,2,10,2,6,7.0,6179,1,26-35,6-10 Yrs,1,Mid-Level Professionals,0.121,1.3324
31,Yes,Travel_Frequently,667,Sales,1,4,Life Sciences,2,Female,50,1,1,Sales Representative,3,Single,1359.0,Upto 5k,16154,1,No,12,3,2,0,1,3,3,1,0,0,0.0,1359,1,26-35,0-2 Yrs,0,Junior Core,-2.5535,-0.4866
31,No,Travel_Rarely,182,Research & Development,8,5,Life Sciences,1,Female,93,3,4,Research Director,2,Single,16422.0,15k+,8847,3,No,11,3,3,0,9,3,4,3,2,1,0.0,16422,0,26-35,3-5 Yrs,1,Mid-Level Professionals,0.8511,-1.8216
31,Yes,Travel_Rarely,202,Research & Development,8,3,Life Sciences,1,Female,34,2,1,Research Scientist,2,Single,1261.0,Upto 5k,22262,1,No,12,3,3,0,1,3,4,1,0,0,0.0,1261,1,26-35,0-2 Yrs,0,Junior Core,-2.561,-0.3534
31,No,Travel_Rarely,326,Sales,8,2,Life Sciences,1,Male,31,3,3,Sales Executive,4,Divorced,10793.0,10k-15k,8386,1,No,18,3,1,1,13,5,3,13,7,9,9.0,10793,0,26-35,11-20 Yrs,1,Mid-Level Professionals,1.5597,1.1815
31,Yes,Travel_Frequently,1445,Research & Development,1,5,Life Sciences,3,Female,100,4,3,Manufacturing Director,2,Single,7446.0,5k-10k,8931,1,No,11,3,1,0,10,2,3,10,8,4,7.0,7446,1,26-35,6-10 Yrs,1,Mid-Level Professionals,0.6561,0.6706
31,No,Travel_Rarely,1398,Human Resources,8,2,Medical,4,Female,96,4,1,Human Resources,2,Single,2109.0,Upto 5k,24609,9,No,18,3,4,0,8,3,3,3,2,0,2.0,2109,0,26-35,3-5 Yrs,0,Junior Core,-1.7416,0.0232
31,Yes,Travel_Frequently,523,Research & Development,2,3,Life Sciences,2,Male,94,3,1,Laboratory Technician,4,Married,3722.0,Upto 5k,21081,6,Yes,13,3,3,1,7,2,1,2,2,2,2.0,3722,1,26-35,0-2 Yrs,0,Junior Core,-1.7017,-0.2435
31,Yes,Travel_Frequently,561,Research & Development,3,3,Life Sciences,4,Female,33,3,1,Research Scientist,3,Single,4084.0,Upto 5k,4156,1,No,12,3,1,0,7,2,1,7,2,7,7.0,4084,1,26-35,6-10 Yrs,0,Junior Core,-0.8878,1.1204
31,No,Travel_Frequently,715,Sales,2,4,Other,4,Male,54,3,2,Sales Executive,1,Single,5332.0,5k-10k,21602,7,No,13,3,4,0,10,3,3,5,2,0,3.0,5332,0,26-35,3-5 Yrs,0,Junior Core,-0.659,-0.1579
31,No,Travel_Rarely,1112,Sales,5,4,Life Sciences,1,Female,67,3,2,Sales Executive,4,Married,5476.0,5k-10k,22589,1,No,11,3,1,2,10,2,3,10,0,0,2.0,5476,0,26-35,6-10 Yrs,0,Junior Core,-0.4127,0.1055
31,No,Travel_Rarely,741,Research & Development,2,4,Life Sciences,2,Male,69,3,1,Laboratory Technician,3,Married,3477.0,Upto 5k,18103,1,No,14,3,4,1,6,2,4,5,2,0,3.0,3477,0,26-35,3-5 Yrs,0,Junior Core,-1.5035,0.2247
31,No,Travel_Frequently,163,Research & Development,24,1,Technical Degree,4,Female,30,3,2,Manufacturing Director,4,Single,5238.0,5k-10k,6670,2,No,20,4,4,0,9,3,2,5,4,1,4.0,5238,0,26-35,3-5 Yrs,0,Junior Core,-0.6298,0.4571
31,No,Travel_Rarely,1003,Sales,5,3,Technical Degree,1,Male,51,3,2,Sales Executive,3,Married,8346.0,5k-10k,20943,1,No,19,3,3,1,6,3,3,5,2,0,2.0,8346,0,26-35,3-5 Yrs,0,Junior Core,-0.6784,-0.3994
31,Yes,Travel_Rarely,1079,Sales,16,4,Marketing,1,Male,70,3,3,Sales Executive,3,Married,8161.0,5k-10k,19002,2,No,13,3,1,3,10,2,3,1,0,0,0.0,8161,1,26-35,0-2 Yrs,0,Junior Core,-0.4795,-1.1741
31,No,Travel_Rarely,196,Sales,29,4,Marketing,1,Female,91,2,2,Sales Executive,4,Married,5468.0,5k-10k,13402,1,No,14,3,1,2,13,3,3,12,7,5,7.0,5468,0,26-35,11-20 Yrs,1,Mid-Level Professionals,0.3593,1.6124
31,No,Travel_Frequently,1125,Sales,7,4,Marketing,1,Female,68,3,3,Sales Executive,1,Married,9637.0,5k-10k,8277,2,No,14,3,4,2,9,3,3,3,2,2,2.0,9637,0,26-35,3-5 Yrs,0,Junior Core,-0.0802,-0.8591
31,Yes,Travel_Rarely,359,Human Resources,18,5,Human Resources,4,Male,89,4,1,Human Resources,1,Married,2956.0,Upto 5k,21495,0,No,17,3,3,0,2,4,3,1,0,0,0.0,2956,1,26-35,0-2 Yrs,0,Junior Core,-2.322,-0.2863
31,No,Travel_Rarely,311,Research & Development,20,3,Life Sciences,2,Male,89,3,2,Laboratory Technician,3,Divorced,4197.0,Upto 5k,18624,1,No,11,3,1,1,10,2,3,10,8,0,2.0,4197,0,26-35,6-10 Yrs,0,Junior Core,-0.5392,0.4523
31,No,Travel_Rarely,1079,Sales,10,2,Medical,3,Female,86,3,2,Sales Executive,4,Divorced,6583.0,5k-10k,20115,2,Yes,11,3,4,1,8,2,3,5,2,1,4.0,6583,0,26-35,3-5 Yrs,0,Junior Core,-0.5563,0.1419
31,No,Travel_Rarely,471,Research & Development,4,3,Medical,1,Female,62,4,1,Laboratory Technician,3,Divorced,3978.0,Upto 5k,16031,8,No,12,3,2,1,4,0,2,2,2,2,2.0,3978,0,26-35,0-2 Yrs,0,Junior Core,-1.8551,-0.1699
31,No,Non-Travel,976,Research & Development,3,2,Medical,3,Male,48,3,1,Research Scientist,1,Divorced,3065.0,Upto 5k,3995,1,Yes,13,3,4,1,4,3,4,4,2,2,3.0,3065,0,26-35,3-5 Yrs,0,Junior Core,-1.7303,0.2195
31,No,Travel_Frequently,1125,Research & Development,1,3,Life Sciences,4,Male,48,1,2,Research Scientist,1,Married,5003.0,5k-10k,5771,1,No,21,4,2,0,10,6,3,10,8,8,7.0,5003,0,26-35,6-10 Yrs,1,Mid-Level Professionals,-0.0082,1.0178
31,Yes,Travel_Frequently,754,Sales,26,4,Marketing,1,Male,63,3,2,Sales Executive,4,Married,5617.0,5k-10k,21075,1,Yes,11,3,3,0,10,4,3,10,7,0,8.0,5617,1,26-35,6-10 Yrs,1,Mid-Level Professionals,0.1554,1.6293
31,No,Travel_Rarely,1276,Research & Development,2,1,Medical,4,Female,59,1,1,Laboratory Technician,4,Divorced,1129.0,Upto 5k,17536,1,Yes,11,3,3,3,1,4,3,1,0,0,0.0,1129,0,26-35,0-2 Yrs,0,Junior Core,-2.5769,-0.4551
31,No,Non-Travel,697,Research & Development,10,3,Medical,3,Female,40,3,3,Research Director,3,Married,11031.0,10k-15k,26862,4,No,20,4,3,1,13,2,4,11,7,4,8.0,11031,0,26-35,11-20 Yrs,1,Mid-Level Professionals,1.3655,0.8492
31,No,Travel_Rarely,1154,Sales,2,2,Life Sciences,1,Male,54,3,1,Sales Representative,3,Married,3067.0,Upto 5k,6393,0,No,19,3,3,1,3,1,3,2,2,1,2.0,3067,0,26-35,0-2 Yrs,0,Junior Core,-2.0101,-0.1365
31,No,Non-Travel,325,Research & Development,5,3,Medical,2,Male,74,3,2,Manufacturing Director,1,Single,9936.0,5k-10k,3787,0,No,19,3,2,0,10,2,3,9,4,1,7.0,9936,0,26-35,6-10 Yrs,1,Mid-Level Professionals,0.4385,0.7246
32,No,Travel_Frequently,1005,Research & Development,2,2,Life Sciences,4,Male,79,3,1,Laboratory Technician,4,Single,3068.0,Upto 5k,11864,0,No,13,3,3,0,8,2,2,7,7,3,6.0,3068,0,26-35,6-10 Yrs,0,Junior Core,-0.9866,0.9099
32,No,Travel_Rarely,334,Research & Development,5,2,Life Sciences,1,Male,80,4,1,Research Scientist,2,Divorced,3298.0,Upto 5k,15053,0,Yes,12,3,4,2,7,5,2,6,2,0,5.0,3298,0,26-35,6-10 Yrs,0,Junior Core,-1.1772,0.6953
32,Yes,Travel_Frequently,1125,Research & Development,16,1,Life Sciences,2,Female,72,1,1,Research Scientist,1,Single,3919.0,Upto 5k,4681,1,Yes,22,4,2,0,10,5,3,10,2,6,3.0,3919,1,26-35,6-10 Yrs,0,Junior Core,-0.8533,0.7516
32,No,Travel_Rarely,427,Research & Development,1,3,Medical,1,Male,33,3,2,Manufacturing Director,4,Married,6162.0,5k-10k,10877,1,Yes,22,4,2,1,9,3,3,9,8,7,8.0,6162,0,26-35,6-10 Yrs,1,Mid-Level Professionals,0.1152,1.0362
32,No,Travel_Rarely,548,Research & Development,1,3,Life Sciences,2,Male,66,3,2,Research Scientist,2,Married,6220.0,5k-10k,7346,1,No,17,3,2,2,10,3,3,10,4,0,3.0,6220,0,26-35,6-10 Yrs,1,Mid-Level Professionals,-0.2091,0.1394
32,No,Travel_Rarely,1093,Sales,6,4,Medical,2,Male,87,3,2,Sales Executive,3,Single,5010.0,5k-10k,24301,1,No,16,3,1,0,12,0,3,11,8,5,7.0,5010,0,26-35,11-20 Yrs,1,Mid-Level Professionals,0.2162,1.1136
32,No,Travel_Rarely,827,Research & Development,1,1,Life Sciences,4,Male,71,3,1,Research Scientist,1,Single,2956.0,Upto 5k,15178,1,No,13,3,4,0,1,2,3,1,0,0,0.0,2956,0,26-35,0-2 Yrs,0,Junior Core,-2.3513,-0.6206
32,Yes,Travel_Rarely,1033,Research & Development,9,3,Medical,1,Female,41,3,1,Laboratory Technician,1,Single,4200.0,Upto 5k,10224,7,No,22,4,1,0,10,2,4,5,4,0,3.0,4200,1,26-35,3-5 Yrs,0,Junior Core,-1.1481,0.1993
32,No,Travel_Frequently,689,Sales,9,2,Medical,4,Male,35,1,2,Sales Executive,4,Divorced,4668.0,Upto 5k,22812,0,No,17,3,4,3,9,2,4,8,7,0,3.0,4668,0,26-35,6-10 Yrs,0,Junior Core,-0.5552,0.2284
32,No,Travel_Frequently,967,Sales,8,3,Marketing,2,Female,43,3,3,Sales Executive,4,Single,8998.0,5k-10k,15589,1,No,14,3,4,0,9,2,3,9,8,3,7.0,8998,0,26-35,6-10 Yrs,1,Mid-Level Professionals,0.7318,0.6022
32,No,Travel_Rarely,120,Research & Development,6,5,Life Sciences,3,Male,43,3,1,Research Scientist,3,Single,3038.0,Upto 5k,12430,3,No,20,4,1,0,8,2,3,5,4,1,4.0,3038,0,26-35,3-5 Yrs,0,Junior Core,-1.2987,0.4379
32,Yes,Travel_Rarely,1045,Sales,4,4,Medical,4,Male,32,1,3,Sales Executive,4,Married,10400.0,10k-15k,25812,1,No,11,3,3,0,14,2,2,14,8,9,3.0,10400,1,26-35,11-20 Yrs,1,Mid-Level Professionals,1.1336,0.0043
32,No,Travel_Rarely,1401,Sales,4,2,Life Sciences,3,Female,56,3,1,Sales Representative,2,Married,3931.0,Upto 5k,20990,2,No,11,3,1,1,6,5,3,4,3,1,2.0,3931,0,26-35,3-5 Yrs,0,Junior Core,-1.5738,-0.0803
32,Yes,Travel_Rarely,515,Research & Development,1,3,Life Sciences,4,Male,62,2,1,Laboratory Technician,3,Single,3730.0,Upto 5k,9571,0,Yes,14,3,4,0,4,2,1,3,2,1,2.0,3730,1,26-35,3-5 Yrs,0,Junior Core,-1.7803,-0.1705
32,No,Non-Travel,976,Sales,26,4,Marketing,3,Male,100,3,2,Sales Executive,4,Married,4465.0,Upto 5k,12069,0,No,18,3,1,0,4,2,3,3,2,2,2.0,4465,0,26-35,3-5 Yrs,0,Junior Core,-1.2831,0.036
32,No,Travel_Frequently,1311,Research & Development,7,3,Life Sciences,2,Male,100,4,1,Laboratory Technician,2,Married,2794.0,Upto 5k,26062,1,No,20,4,3,0,5,3,1,5,1,0,3.0,2794,0,26-35,3-5 Yrs,0,Junior Core,-1.5951,0.3305
32,No,Travel_Rarely,128,Research & Development,2,1,Technical Degree,4,Male,84,2,2,Laboratory Technician,1,Single,2176.0,Upto 5k,19737,4,No,13,3,4,0,9,5,3,6,2,0,4.0,2176,0,26-35,6-10 Yrs,0,Junior Core,-0.8527,0.2727
32,No,Travel_Rarely,906,Sales,7,3,Life Sciences,4,Male,91,2,2,Sales Executive,3,Married,5484.0,5k-10k,16985,1,No,14,3,3,1,13,3,2,13,8,4,8.0,5484,0,26-35,11-20 Yrs,1,Mid-Level Professionals,0.5453,1.4422
32,No,Travel_Rarely,588,Sales,8,2,Technical Degree,3,Female,65,2,2,Sales Executive,2,Married,5228.0,5k-10k,24624,1,Yes,11,3,4,0,13,2,3,13,12,11,9.0,5228,0,26-35,11-20 Yrs,1,Mid-Level Professionals,0.6101,1.6668
32,No,Travel_Rarely,1018,Research & Development,2,4,Medical,1,Female,74,4,2,Research Scientist,4,Single,5055.0,5k-10k,10557,7,No,16,3,3,0,10,0,2,7,7,0,7.0,5055,0,26-35,6-10 Yrs,1,Mid-Level Professionals,-0.158,0.7459
32,No,Travel_Rarely,1062,Research & Development,2,3,Medical,3,Female,75,3,1,Laboratory Technician,2,Married,2370.0,Upto 5k,3956,1,No,13,3,3,1,8,4,3,8,0,0,7.0,2370,0,26-35,6-10 Yrs,0,Junior Core,-0.9035,1.2234
32,Yes,Non-Travel,1474,Sales,11,4,Other,4,Male,60,4,2,Sales Executive,3,Married,4707.0,Upto 5k,23914,8,No,12,3,4,0,6,2,3,4,2,1,2.0,4707,1,26-35,3-5 Yrs,0,Junior Core,-1.079,-0.204
32,No,Travel_Rarely,646,Research & Development,9,4,Life Sciences,1,Female,92,3,2,Research Scientist,4,Married,6322.0,5k-10k,18089,1,Yes,12,3,4,1,6,2,2,6,4,0,5.0,6322,0,26-35,6-10 Yrs,1,Mid-Level Professionals,-0.5115,0.4047
32,No,Travel_Rarely,929,Sales,10,3,Marketing,4,Male,55,3,2,Sales Executive,4,Single,5396.0,5k-10k,21703,1,No,12,3,4,0,10,2,2,10,7,0,8.0,5396,0,26-35,6-10 Yrs,1,Mid-Level Professionals,0.1639,1.3087
32,No,Travel_Rarely,1018,Research & Development,3,2,Life Sciences,3,Female,39,3,3,Research Director,4,Single,11159.0,10k-15k,19373,3,No,15,3,4,0,10,6,3,7,7,7,7.0,11159,0,26-35,6-10 Yrs,1,Mid-Level Professionals,0.8848,0.2058
32,No,Travel_Frequently,430,Research & Development,24,4,Life Sciences,1,Male,80,3,2,Laboratory Technician,4,Married,5309.0,5k-10k,21146,1,No,15,3,4,2,10,2,3,10,8,4,7.0,5309,0,26-35,6-10 Yrs,1,Mid-Level Professionals,0.0692,1.3771
32,No,Travel_Rarely,859,Research & Development,4,3,Life Sciences,3,Female,98,2,2,Manufacturing Director,3,Married,6162.0,5k-10k,19124,1,No,12,3,3,1,14,3,3,14,13,6,8.0,6162,0,26-35,11-20 Yrs,1,Mid-Level Professionals,0.7386,1.4129
32,No,Travel_Rarely,117,Sales,13,4,Life Sciences,2,Male,73,3,2,Sales Executive,4,Divorced,4403.0,Upto 5k,9250,2,No,11,3,3,1,8,3,2,5,2,0,3.0,4403,0,26-35,3-5 Yrs,0,Junior Core,-0.834,0.0886
32,No,Travel_Rarely,638,Research & Development,8,2,Medical,3,Female,91,4,2,Research Scientist,3,Married,5175.0,5k-10k,22162,5,No,12,3,3,1,9,3,2,5,3,1,3.0,5175,0,26-35,3-5 Yrs,0,Junior Core,-0.696,-0.0642
32,No,Non-Travel,300,Research & Development,1,3,Life Sciences,4,Male,61,3,1,Laboratory Technician,4,Divorced,2314.0,Upto 5k,9148,0,No,12,3,2,1,4,2,3,3,0,0,2.0,2314,0,26-35,3-5 Yrs,0,Junior Core,-1.9266,-0.0889
32,No,Travel_Frequently,379,Sales,5,2,Life Sciences,2,Male,48,3,2,Sales Executive,2,Married,6524.0,5k-10k,8891,1,No,14,3,4,1,10,3,3,10,8,5,3.0,6524,0,26-35,6-10 Yrs,1,Mid-Level Professionals,-0.1762,0.1947
32,Yes,Travel_Rarely,374,Research & Development,25,4,Life Sciences,1,Male,87,3,1,Laboratory Technician,4,Single,2795.0,Upto 5k,18016,1,Yes,24,4,3,0,1,2,1,1,0,0,1.0,2795,1,26-35,0-2 Yrs,0,Junior Core,-2.268,0.0174
32,No,Non-Travel,1184,Research & Development,1,3,Life Sciences,3,Female,70,2,1,Laboratory Technician,2,Married,2332.0,Upto 5k,3974,6,No,20,4,3,0,5,3,3,3,0,0,2.0,2332,0,26-35,3-5 Yrs,0,Junior Core,-1.8645,-0.1072
32,No,Travel_Rarely,498,Research & Development,3,4,Medical,3,Female,93,3,2,Manufacturing Director,1,Married,6725.0,5k-10k,13554,1,No,12,3,3,1,8,2,4,8,7,6,3.0,6725,0,26-35,6-10 Yrs,0,Junior Core,-0.4051,0.0178
32,No,Non-Travel,1109,Research & Development,29,4,Medical,4,Female,69,3,1,Laboratory Technician,3,Single,4025.0,Upto 5k,11135,9,No,12,3,2,0,10,2,3,8,7,7,7.0,4025,0,26-35,6-10 Yrs,1,Mid-Level Professionals,-0.6022,1.5851
32,No,Non-Travel,862,Sales,2,1,Life Sciences,3,Female,76,3,1,Sales Representative,1,Divorced,2827.0,Upto 5k,14947,1,No,12,3,3,3,1,3,3,1,0,0,0.0,2827,0,26-35,0-2 Yrs,0,Junior Core,-2.3642,-0.5949
32,No,Travel_Frequently,116,Research & Development,13,3,Other,3,Female,77,2,1,Laboratory Technician,2,Married,2743.0,Upto 5k,7331,1,No,20,4,3,1,2,2,3,2,2,2,2.0,2743,0,26-35,0-2 Yrs,0,Junior Core,-2.0624,0.0578
32,No,Travel_Frequently,1316,Research & Development,2,2,Life Sciences,4,Female,38,3,2,Research Scientist,3,Single,4998.0,Upto 5k,2338,4,Yes,14,3,4,0,10,2,3,8,7,0,7.0,4998,0,26-35,6-10 Yrs,1,Mid-Level Professionals,-0.0996,0.8309
32,No,Travel_Rarely,604,Sales,8,3,Medical,3,Male,56,4,2,Sales Executive,4,Married,6209.0,5k-10k,11693,1,No,15,3,3,2,10,4,4,10,7,0,8.0,6209,0,26-35,6-10 Yrs,1,Mid-Level Professionals,0.2471,1.2254
32,Yes,Travel_Rarely,1089,Research & Development,7,2,Life Sciences,4,Male,79,3,2,Laboratory Technician,3,Married,4883.0,Upto 5k,22845,1,No,18,3,1,1,10,3,3,10,4,1,1.0,4883,1,26-35,6-10 Yrs,0,Junior Core,-0.5269,-0.0575
32,No,Travel_Rarely,499,Sales,2,1,Marketing,3,Male,36,3,2,Sales Executive,2,Married,4078.0,Upto 5k,20497,0,Yes,13,3,1,3,4,3,2,3,2,1,2.0,4078,0,26-35,3-5 Yrs,0,Junior Core,-1.3319,-0.3788
32,No,Travel_Rarely,601,Sales,7,5,Marketing,4,Male,97,3,2,Sales Executive,4,Married,9204.0,5k-10k,23343,4,No,12,3,3,1,7,3,2,4,3,0,3.0,9204,0,26-35,3-5 Yrs,0,Junior Core,-0.4648,-0.3618
32,No,Travel_Rarely,495,Research & Development,10,3,Medical,3,Male,64,3,3,Manager,4,Single,11244.0,10k-15k,21072,2,No,25,4,2,0,10,5,4,5,2,0,0.0,11244,0,26-35,3-5 Yrs,0,Junior Core,0.131,-1.1761
32,No,Travel_Rarely,824,Research & Development,5,2,Life Sciences,4,Female,67,2,2,Research Scientist,2,Married,5878.0,5k-10k,15624,3,No,12,3,1,1,12,2,3,7,1,2,5.0,5878,0,26-35,6-10 Yrs,1,Mid-Level Professionals,-0.1334,0.3353
32,No,Non-Travel,1200,Research & Development,1,4,Technical Degree,4,Male,62,3,2,Research Scientist,1,Married,4087.0,Upto 5k,25174,4,No,14,3,2,1,9,3,2,6,5,1,2.0,4087,0,26-35,6-10 Yrs,0,Junior Core,-0.8376,-0.2389
32,No,Travel_Rarely,634,Research & Development,5,4,Other,2,Female,35,4,1,Research Scientist,4,Married,3312.0,Upto 5k,18783,3,No,17,3,4,2,6,3,3,3,2,0,2.0,3312,0,26-35,3-5 Yrs,0,Junior Core,-1.7016,-0.1082
32,No,Travel_Rarely,977,Research & Development,2,3,Medical,4,Male,45,3,2,Research Scientist,2,Divorced,5470.0,5k-10k,25518,0,No,13,3,3,2,10,4,2,9,5,1,6.0,5470,0,26-35,6-10 Yrs,1,Mid-Level Professionals,-0.0776,0.6938
32,Yes,Travel_Rarely,1259,Research & Development,2,4,Life Sciences,4,Male,95,3,1,Laboratory Technician,2,Single,1393.0,Upto 5k,24852,1,No,12,3,1,0,1,2,3,1,0,0,0.0,1393,1,26-35,0-2 Yrs,0,Junior Core,-2.5123,-0.5123
32,No,Travel_Frequently,585,Research & Development,10,3,Life Sciences,1,Male,56,3,1,Research Scientist,3,Married,3433.0,Upto 5k,17360,6,No,13,3,1,1,10,3,2,5,2,1,3.0,3433,0,26-35,3-5 Yrs,0,Junior Core,-1.227,0.2617
32,Yes,Travel_Rarely,964,Sales,1,2,Life Sciences,1,Male,34,1,2,Sales Executive,2,Single,6735.0,5k-10k,12147,6,No,15,3,2,0,10,2,3,0,0,0,0.0,6735,1,26-35,0-2 Yrs,0,Junior Core,-1.0714,-1.2823
32,No,Travel_Rarely,371,Sales,19,3,Life Sciences,4,Male,80,1,3,Sales Executive,3,Married,9610.0,5k-10k,3840,3,No,13,3,3,1,10,2,1,4,3,0,2.0,9610,0,26-35,3-5 Yrs,1,Mid-Level Professionals,0.0832,-0.6166
32,No,Non-Travel,953,Research & Development,5,4,Technical Degree,2,Male,65,3,1,Research Scientist,2,Single,2718.0,Upto 5k,17674,2,No,14,3,2,0,12,3,3,7,7,0,7.0,2718,0,26-35,6-10 Yrs,1,Mid-Level Professionals,-0.6899,1.1071
32,No,Travel_Frequently,1318,Sales,10,4,Marketing,4,Male,79,3,2,Sales Executive,4,Single,4648.0,Upto 5k,26075,8,No,13,3,3,0,4,2,4,0,0,0,0.0,4648,0,26-35,0-2 Yrs,0,Junior Core,-1.6448,-0.8943
32,Yes,Travel_Rarely,414,Sales,2,4,Marketing,3,Male,82,2,2,Sales Executive,2,Single,9907.0,5k-10k,26186,7,Yes,12,3,3,0,7,3,2,2,2,2,2.0,9907,1,26-35,0-2 Yrs,0,Junior Core,-0.6136,-0.8484
32,Yes,Travel_Frequently,238,Research & Development,5,2,Life Sciences,1,Female,47,4,1,Research Scientist,3,Single,2432.0,Upto 5k,15318,3,Yes,14,3,1,0,8,2,3,4,1,0,3.0,2432,1,26-35,3-5 Yrs,0,Junior Core,-1.5169,0.1813
32,No,Non-Travel,1146,Research & Development,15,4,Medical,3,Female,34,3,2,Healthcare Representative,4,Divorced,6667.0,5k-10k,16542,5,No,18,3,2,1,9,6,3,5,1,1,2.0,6667,0,26-35,3-5 Yrs,0,Junior Core,-0.6302,-0.2143
32,No,Travel_Rarely,1373,Research & Development,5,4,Life Sciences,4,Male,56,2,2,Manufacturing Director,4,Single,9679.0,5k-10k,10138,8,No,24,4,2,0,8,1,3,1,0,0,0.0,9679,0,26-35,0-2 Yrs,0,Junior Core,-0.822,-1.2628
32,No,Travel_Rarely,267,Research & Development,29,4,Life Sciences,3,Female,49,2,1,Laboratory Technician,2,Single,2837.0,Upto 5k,15919,1,No,13,3,3,0,6,3,3,6,2,4,1.0,2837,0,26-35,6-10 Yrs,0,Junior Core,-1.6399,0.4099
32,No,Travel_Rarely,234,Sales,1,4,Medical,2,Male,68,2,1,Sales Representative,2,Married,2269.0,Upto 5k,18024,0,No,14,3,2,1,3,2,3,2,2,2,2.0,2269,0,26-35,0-2 Yrs,0,Junior Core,-2.0557,-0.1507
32,No,Travel_Rarely,801,Sales,1,4,Marketing,3,Female,48,3,3,Sales Executive,4,Married,10422.0,10k-15k,24032,1,No,19,3,3,2,14,3,3,14,10,5,7.0,10422,0,26-35,11-20 Yrs,1,Mid-Level Professionals,1.4986,0.7147
32,No,Travel_Rarely,529,Research & Development,2,3,Technical Degree,4,Male,78,3,1,Research Scientist,1,Single,2439.0,Upto 5k,11288,1,No,14,3,4,0,4,4,3,4,2,1,2.0,2439,0,26-35,3-5 Yrs,0,Junior Core,-1.849,0.0039
33,No,Travel_Frequently,1392,Research & Development,3,4,Life Sciences,4,Female,56,3,1,Research Scientist,3,Married,2909.0,Upto 5k,23159,1,Yes,11,3,3,0,8,3,3,8,7,3,0.0,2909,0,26-35,6-10 Yrs,0,Junior Core,-1.4469,-0.1725
33,No,Travel_Rarely,924,Research & Development,2,3,Medical,3,Male,78,3,1,Laboratory Technician,4,Single,2496.0,Upto 5k,6670,4,No,11,3,4,0,7,3,3,1,1,0,3.0,2496,0,26-35,0-2 Yrs,0,Junior Core,-1.7271,-0.1469
33,No,Travel_Frequently,1141,Sales,1,3,Life Sciences,3,Female,42,4,2,Sales Executive,1,Married,5376.0,5k-10k,3193,2,No,19,3,1,2,10,3,3,5,3,1,3.0,5376,0,26-35,3-5 Yrs,0,Junior Core,-0.5803,-0.2625
33,No,Travel_Frequently,515,Research & Development,1,2,Life Sciences,1,Female,98,3,3,Research Director,4,Single,13458.0,10k-15k,15146,1,Yes,12,3,3,0,15,1,3,15,14,8,12.0,13458,0,26-35,11-20 Yrs,1,Mid-Level Professionals,2.4287,1.5201
33,No,Non-Travel,750,Sales,22,2,Marketing,3,Male,95,3,2,Sales Executive,2,Married,6146.0,5k-10k,15480,0,No,13,3,1,1,8,2,4,7,7,0,7.0,6146,0,26-35,6-10 Yrs,1,Mid-Level Professionals,-0.121,1.0399
33,No,Travel_Rarely,134,Research & Development,2,3,Life Sciences,3,Male,90,3,1,Research Scientist,4,Single,2500.0,Upto 5k,10515,0,No,14,3,1,0,4,2,4,3,1,0,2.0,2500,0,26-35,3-5 Yrs,0,Junior Core,-1.8697,-0.1233
33,No,Travel_Rarely,931,Research & Development,14,3,Medical,4,Female,72,3,1,Research Scientist,2,Married,2756.0,Upto 5k,4673,1,No,13,3,4,1,8,5,3,8,7,1,6.0,2756,0,26-35,6-10 Yrs,0,Junior Core,-0.9129,1.1862
33,No,Travel_Rarely,147,Research & Development,4,4,Medical,3,Female,47,2,1,Research Scientist,2,Married,2622.0,Upto 5k,13248,6,No,21,4,4,0,7,3,3,3,2,1,1.0,2622,0,26-35,3-5 Yrs,0,Junior Core,-1.7667,-0.3374
33,Yes,Travel_Rarely,813,Research & Development,14,3,Medical,3,Male,58,3,1,Laboratory Technician,4,Married,2436.0,Upto 5k,22149,5,Yes,13,3,3,1,8,2,1,5,4,0,4.0,2436,1,26-35,3-5 Yrs,0,Junior Core,-1.3206,0.5763
33,Yes,Travel_Rarely,465,Research & Development,2,2,Life Sciences,1,Female,39,3,1,Laboratory Technician,1,Married,2707.0,Upto 5k,21509,7,No,20,4,1,0,13,3,4,9,7,1,7.0,2707,1,26-35,6-10 Yrs,1,Mid-Level Professionals,-0.4662,1.1573
33,No,Travel_Rarely,832,Research & Development,5,4,Life Sciences,3,Female,63,2,1,Research Scientist,4,Married,2911.0,Upto 5k,14776,1,No,13,3,3,1,2,2,2,2,2,0,2.0,2911,0,26-35,0-2 Yrs,0,Junior Core,-2.0108,-0.1395
33,No,Travel_Frequently,553,Research & Development,5,4,Life Sciences,4,Female,74,3,3,Manager,2,Married,11878.0,10k-15k,23364,6,No,11,3,2,2,12,2,3,10,6,8,8.0,11878,0,26-35,6-10 Yrs,1,Mid-Level Professionals,1.4012,0.561
33,No,Travel_Frequently,508,Sales,10,3,Marketing,2,Male,46,2,2,Sales Executive,4,Single,4682.0,Upto 5k,4317,3,No,14,3,3,0,9,6,2,7,7,0,1.0,4682,0,26-35,6-10 Yrs,0,Junior Core,-0.7623,-0.2611
33,Yes,Travel_Rarely,350,Sales,5,3,Marketing,4,Female,34,3,1,Sales Representative,3,Single,2851.0,Upto 5k,9150,1,Yes,13,3,2,0,1,2,3,1,0,0,0.0,2851,1,26-35,0-2 Yrs,0,Junior Core,-2.3234,-0.5836
33,Yes,Travel_Rarely,1277,Research & Development,15,1,Medical,2,Male,56,3,3,Manager,3,Married,13610.0,10k-15k,24619,7,Yes,12,3,4,0,15,2,4,7,6,7,7.0,13610,1,26-35,6-10 Yrs,1,Mid-Level Professionals,1.4807,0.1546
33,Yes,Travel_Rarely,587,Research & Development,10,1,Medical,1,Male,38,1,1,Laboratory Technician,4,Divorced,3408.0,Upto 5k,6705,7,No,13,3,1,3,8,2,3,4,3,1,3.0,3408,1,26-35,3-5 Yrs,0,Junior Core,-1.377,0.1741
33,No,Travel_Rarely,922,Research & Development,1,5,Medical,1,Female,95,4,4,Research Director,3,Divorced,16184.0,15k+,22578,4,No,19,3,3,1,10,2,3,6,1,0,5.0,16184,0,26-35,6-10 Yrs,1,Mid-Level Professionals,1.6062,-0.8335
33,No,Travel_Rarely,1216,Sales,8,4,Marketing,3,Male,39,3,2,Sales Executive,3,Divorced,7104.0,5k-10k,20431,0,No,12,3,4,0,6,3,3,5,0,1,2.0,7104,0,26-35,3-5 Yrs,0,Junior Core,-0.731,-0.357
33,No,Travel_Frequently,1296,Research & Development,6,3,Life Sciences,3,Male,30,3,2,Healthcare Representative,4,Divorced,7725.0,5k-10k,5335,3,No,23,4,3,1,15,2,1,13,11,4,7.0,7725,0,26-35,11-20 Yrs,1,Mid-Level Professionals,0.843,1.0267
33,Yes,Travel_Frequently,1076,Research & Development,3,3,Life Sciences,1,Male,70,3,1,Research Scientist,1,Single,3348.0,Upto 5k,3164,1,Yes,11,3,1,0,10,3,3,10,8,9,7.0,3348,1,26-35,6-10 Yrs,1,Mid-Level Professionals,-0.516,1.2722
33,Yes,Travel_Rarely,527,Research & Development,1,4,Other,4,Male,63,3,1,Research Scientist,4,Single,2686.0,Upto 5k,5207,1,Yes,13,3,3,0,10,2,2,10,9,7,8.0,2686,1,26-35,6-10 Yrs,1,Mid-Level Professionals,-0.4941,1.4655
33,No,Travel_Rarely,213,Research & Development,7,3,Medical,3,Male,49,3,3,Research Director,3,Married,11691.0,10k-15k,25995,0,No,11,3,4,0,14,3,4,13,9,3,7.0,11691,0,26-35,11-20 Yrs,1,Mid-Level Professionals,1.6049,0.6272
33,Yes,Travel_Rarely,118,Sales,16,3,Marketing,1,Female,69,3,2,Sales Executive,1,Single,5324.0,5k-10k,26507,5,No,15,3,3,0,6,3,3,3,2,0,2.0,5324,1,26-35,3-5 Yrs,0,Junior Core,-1.0404,-0.2722
33,No,Travel_Rarely,586,Sales,1,3,Medical,1,Male,48,4,2,Sales Executive,1,Divorced,4037.0,Upto 5k,21816,1,No,22,4,1,1,9,5,3,9,8,0,8.0,4037,0,26-35,6-10 Yrs,1,Mid-Level Professionals,-0.067,1.1168
33,No,Travel_Rarely,1075,Human Resources,3,2,Human Resources,4,Male,57,3,1,Human Resources,2,Divorced,2277.0,Upto 5k,22650,3,Yes,11,3,3,1,7,4,4,4,3,0,3.0,2277,0,26-35,3-5 Yrs,0,Junior Core,-1.5566,0.1291
33,No,Travel_Rarely,1198,Research & Development,1,4,Other,3,Male,100,2,1,Research Scientist,1,Single,2799.0,Upto 5k,3339,3,Yes,11,3,2,0,6,1,3,3,2,0,2.0,2799,0,26-35,3-5 Yrs,0,Junior Core,-1.7188,-0.1934
33,No,Travel_Rarely,1069,Research & Development,1,3,Life Sciences,2,Female,42,2,2,Healthcare Representative,4,Single,6949.0,5k-10k,12291,0,No,14,3,1,0,6,3,3,5,0,1,4.0,6949,0,26-35,3-5 Yrs,0,Junior Core,-0.5677,-0.0924
33,No,Non-Travel,722,Sales,17,3,Life Sciences,4,Male,38,3,4,Manager,3,Single,16583.5,15k+,20489,1,No,11,3,4,0,10,2,3,10,8,6,0.0,17444,0,26-35,6-10 Yrs,2,Senior Leadership,1.4557,-1.1962
33,No,Travel_Rarely,461,Research & Development,13,1,Life Sciences,2,Female,53,3,1,Research Scientist,4,Single,3452.0,Upto 5k,17241,3,No,18,3,1,0,5,4,3,3,2,0,2.0,3452,0,26-35,3-5 Yrs,0,Junior Core,-1.7071,0.0048
33,No,Travel_Frequently,827,Research & Development,1,4,Other,3,Female,84,4,2,Healthcare Representative,2,Married,5488.0,5k-10k,20161,1,Yes,13,3,1,1,6,2,3,6,5,1,2.0,5488,0,26-35,6-10 Yrs,0,Junior Core,-0.8362,-0.3096
33,No,Non-Travel,1038,Sales,8,1,Life Sciences,2,Female,88,2,1,Sales Representative,4,Single,2342.0,Upto 5k,21437,0,No,19,3,4,0,3,2,2,2,2,2,2.0,2342,0,26-35,0-2 Yrs,0,Junior Core,-2.0083,-0.0694
33,No,Travel_Rarely,654,Research & Development,5,3,Life Sciences,4,Male,34,2,3,Healthcare Representative,4,Divorced,7119.0,5k-10k,21214,4,No,15,3,3,1,9,2,3,3,2,1,2.0,7119,0,26-35,3-5 Yrs,0,Junior Core,-0.2665,-0.8343
33,Yes,Travel_Frequently,827,Research & Development,29,4,Medical,1,Female,54,2,2,Research Scientist,3,Single,4508.0,Upto 5k,3129,1,No,22,4,2,0,14,4,3,13,7,3,8.0,4508,1,26-35,11-20 Yrs,1,Mid-Level Professionals,0.5501,1.8399
33,Yes,Travel_Rarely,1017,Research & Development,25,3,Medical,1,Male,55,2,1,Research Scientist,2,Single,2313.0,Upto 5k,2993,4,Yes,20,4,2,0,5,0,3,2,2,2,2.0,2313,1,26-35,0-2 Yrs,0,Junior Core,-1.8845,0.2073
33,No,Travel_Frequently,970,Sales,7,3,Life Sciences,4,Female,30,3,2,Sales Executive,2,Married,4302.0,Upto 5k,13401,0,No,17,3,3,1,4,3,3,3,2,0,2.0,4302,0,26-35,3-5 Yrs,0,Junior Core,-1.2697,-0.3426
33,Yes,Travel_Rarely,603,Sales,9,4,Marketing,1,Female,77,3,2,Sales Executive,1,Single,8224.0,5k-10k,18385,0,Yes,17,3,1,0,6,3,3,5,2,0,3.0,8224,1,26-35,3-5 Yrs,0,Junior Core,-0.524,-0.2118
33,No,Travel_Rarely,147,Human Resources,2,3,Human Resources,2,Male,99,3,1,Human Resources,3,Married,3600.0,Upto 5k,8429,1,No,13,3,4,1,5,2,3,5,4,1,4.0,3600,0,26-35,3-5 Yrs,0,Junior Core,-1.3855,0.3426
33,No,Travel_Frequently,1146,Sales,25,3,Medical,2,Female,82,3,2,Sales Executive,3,Married,4539.0,Upto 5k,4905,1,No,12,3,1,1,10,3,2,10,7,0,1.0,4539,0,26-35,6-10 Yrs,0,Junior Core,-0.5185,0.2482
33,No,Travel_Rarely,117,Research & Development,9,3,Medical,1,Male,60,3,1,Research Scientist,4,Married,2781.0,Upto 5k,6311,0,No,13,3,2,1,15,5,3,14,10,4,10.0,2781,0,26-35,11-20 Yrs,1,Mid-Level Professionals,0.2586,2.2292
33,No,Travel_Rarely,536,Sales,10,5,Marketing,4,Male,82,4,3,Sales Executive,3,Divorced,8380.0,5k-10k,21708,0,Yes,14,3,4,2,10,3,3,9,8,0,8.0,8380,0,26-35,6-10 Yrs,1,Mid-Level Professionals,0.8572,0.8066
33,No,Travel_Frequently,1111,Sales,5,1,Life Sciences,2,Male,61,3,2,Sales Executive,4,Married,9998.0,5k-10k,19293,6,No,13,3,1,0,8,2,4,5,4,1,2.0,9998,0,26-35,3-5 Yrs,0,Junior Core,-0.3128,-0.6131
33,No,Travel_Frequently,430,Sales,7,3,Medical,4,Male,54,3,2,Sales Executive,1,Married,4373.0,Upto 5k,17456,0,No,14,3,1,2,5,2,3,4,3,0,3.0,4373,0,26-35,3-5 Yrs,0,Junior Core,-1.0469,-0.0907
33,No,Travel_Rarely,1099,Research & Development,4,4,Medical,1,Female,82,2,1,Laboratory Technician,2,Married,3838.0,Upto 5k,8192,8,No,11,3,4,0,8,5,3,5,4,0,2.0,3838,0,26-35,3-5 Yrs,0,Junior Core,-1.3615,-0.0698
33,No,Travel_Rarely,516,Research & Development,8,5,Life Sciences,4,Male,69,3,2,Healthcare Representative,3,Single,6388.0,5k-10k,22049,2,Yes,17,3,1,0,14,6,3,0,0,0,0.0,6388,0,26-35,0-2 Yrs,0,Junior Core,-0.8266,-1.246
33,No,Travel_Rarely,575,Research & Development,25,3,Life Sciences,4,Male,44,2,2,Manufacturing Director,2,Single,4320.0,Upto 5k,24152,1,No,13,3,4,0,5,2,3,5,3,0,2.0,4320,0,26-35,3-5 Yrs,0,Junior Core,-1.0724,0.1303
33,No,Travel_Rarely,589,Research & Development,28,4,Life Sciences,2,Male,79,3,2,Laboratory Technician,3,Married,5207.0,5k-10k,22949,1,Yes,12,3,2,1,15,3,3,15,14,5,7.0,5207,0,26-35,11-20 Yrs,1,Mid-Level Professionals,0.7197,1.7359
33,No,Travel_Rarely,1242,Sales,8,4,Life Sciences,1,Male,46,3,2,Sales Executive,1,Married,6392.0,5k-10k,10589,2,No,13,3,4,1,8,6,1,2,2,2,2.0,6392,0,26-35,0-2 Yrs,0,Junior Core,-0.8769,-0.5958
33,No,Travel_Rarely,392,Sales,2,4,Medical,4,Male,93,3,2,Sales Executive,4,Divorced,5505.0,5k-10k,3921,1,No,14,3,3,2,6,5,3,6,2,0,4.0,5505,0,26-35,6-10 Yrs,0,Junior Core,-0.6522,0.0908
33,No,Non-Travel,530,Sales,16,3,Life Sciences,3,Female,36,3,2,Sales Executive,4,Divorced,5368.0,5k-10k,16130,1,Yes,25,4,3,1,7,2,3,6,5,1,2.0,5368,0,26-35,6-10 Yrs,0,Junior Core,-0.7829,-0.0469
33,No,Travel_Rarely,267,Research & Development,21,3,Medical,2,Male,79,4,1,Laboratory Technician,2,Married,2028.0,Upto 5k,13637,1,No,18,3,4,3,14,6,3,14,11,2,13.0,2028,0,26-35,11-20 Yrs,1,Mid-Level Professionals,0.398,3.0832
33,No,Non-Travel,1283,Sales,2,3,Marketing,4,Female,62,3,2,Sales Executive,2,Single,5147.0,5k-10k,10697,8,No,15,3,4,0,13,2,2,11,7,1,7.0,5147,0,26-35,11-20 Yrs,1,Mid-Level Professionals,0.3264,0.9736
33,Yes,Travel_Rarely,211,Sales,16,3,Life Sciences,1,Female,74,3,3,Sales Executive,1,Single,8564.0,5k-10k,10092,2,Yes,20,4,3,0,11,2,2,0,0,0,0.0,8564,1,26-35,0-2 Yrs,0,Junior Core,-0.3674,-1.3802
33,No,Non-Travel,775,Research & Development,4,3,Technical Degree,4,Male,90,3,2,Research Scientist,2,Divorced,3055.0,Upto 5k,6194,5,No,15,3,4,2,11,2,2,9,8,1,7.0,3055,0,26-35,6-10 Yrs,1,Mid-Level Professionals,-0.1379,1.0018
33,No,Travel_Rarely,867,Research & Development,8,4,Life Sciences,4,Male,90,4,1,Research Scientist,1,Married,3143.0,Upto 5k,6076,6,No,19,3,2,1,14,1,3,10,8,7,6.0,3143,0,26-35,6-10 Yrs,1,Mid-Level Professionals,-0.3855,1.1142
33,No,Travel_Rarely,217,Sales,10,4,Marketing,2,Male,43,3,2,Sales Executive,3,Single,5487.0,5k-10k,10410,1,No,14,3,2,0,10,2,2,10,4,0,9.0,5487,0,26-35,6-10 Yrs,1,Mid-Level Professionals,0.3015,1.4531
33,No,Travel_Frequently,1303,Research & Development,7,2,Life Sciences,4,Male,36,3,2,Healthcare Representative,3,Divorced,5968.0,5k-10k,18079,1,No,20,4,3,3,9,2,3,9,7,2,8.0,5968,0,26-35,6-10 Yrs,1,Mid-Level Professionals,0.1347,1.1147
33,No,Non-Travel,1313,Research & Development,1,2,Medical,2,Male,59,2,1,Laboratory Technician,3,Divorced,2008.0,Upto 5k,20439,1,No,12,3,3,3,1,2,2,1,1,0,0.0,2008,0,26-35,0-2 Yrs,0,Junior Core,-2.4119,-0.6079
33,No,Travel_Rarely,501,Research & Development,15,2,Medical,2,Female,95,3,2,Healthcare Representative,4,Married,4878.0,Upto 5k,21653,0,Yes,13,3,1,1,10,6,3,9,7,8,1.0,4878,0,26-35,6-10 Yrs,0,Junior Core,-0.5514,-0.0352
34,No,TravelRarely,1346,Research & Development,19,2,Medical,2,Male,93,3,1,Laboratory Technician,4,Divorced,2661.0,Upto 5k,8758,0,No,11,3,3,1,3,2,3,2,2,1,2.0,2661,0,26-35,0-2 Yrs,0,Junior Core,-1.934,0.0706
34,No,TravelRarely,419,Research & Development,7,4,Life Sciences,1,Female,53,3,3,Research Director,2,Single,11994.0,10k-15k,21293,0,No,11,3,3,0,13,4,3,12,6,2,3.0,11994,0,26-35,11-20 Yrs,1,Mid-Level Professionals,1.1851,-0.263
34,Yes,Travel_Rarely,699,Research & Development,6,1,Medical,2,Male,83,3,1,Research Scientist,1,Single,2960.0,Upto 5k,17102,2,No,11,3,3,0,8,2,3,4,2,1,3.0,2960,1,26-35,3-5 Yrs,0,Junior Core,-1.3874,0.0851
34,No,Non-Travel,1065,Sales,23,4,Marketing,2,Male,72,3,2,Sales Executive,3,Single,4568.0,Upto 5k,10034,0,No,20,4,3,0,10,2,3,9,5,8,7.0,4568,0,26-35,6-10 Yrs,1,Mid-Level Professionals,0.0025,1.2359
34,No,Travel_Rarely,1153,Research & Development,1,2,Medical,1,Male,94,3,2,Manufacturing Director,2,Married,4325.0,Upto 5k,17736,1,No,15,3,3,0,5,2,3,5,2,1,3.0,4325,0,26-35,3-5 Yrs,0,Junior Core,-0.9526,-0.1574
34,No,Travel_Rarely,665,Research & Development,6,4,Other,1,Female,41,3,2,Research Scientist,3,Single,4809.0,Upto 5k,12482,1,No,14,3,3,0,16,3,3,16,13,2,10.0,4809,0,26-35,11-20 Yrs,1,Mid-Level Professionals,1.105,1.9554
34,Yes,Travel_Frequently,658,Research & Development,7,3,Life Sciences,1,Male,66,1,2,Laboratory Technician,3,Single,6074.0,5k-10k,22887,1,Yes,24,4,4,0,9,3,3,9,7,0,6.0,6074,1,26-35,6-10 Yrs,1,Mid-Level Professionals,0.001,0.6835
34,No,Travel_Rarely,1031,Research & Development,6,4,Life Sciences,3,Female,45,2,2,Research Scientist,2,Divorced,4505.0,Upto 5k,15000,6,No,15,3,3,1,12,3,3,1,0,0,0.0,4505,0,26-35,0-2 Yrs,0,Junior Core,-1.0407,-1.0995
34,No,Travel_Rarely,1354,Research & Development,5,3,Medical,3,Female,45,2,3,Manager,1,Single,11631.0,10k-15k,5615,2,No,12,3,4,0,14,6,3,11,10,5,8.0,11631,0,26-35,11-20 Yrs,1,Mid-Level Professionals,1.5976,0.5804
34,No,Travel_Frequently,303,Sales,2,4,Marketing,3,Female,75,3,1,Sales Representative,3,Married,2231.0,Upto 5k,11314,6,No,18,3,4,1,6,3,3,4,3,1,2.0,2231,0,26-35,3-5 Yrs,0,Junior Core,-1.6756,-0.1027
34,No,Travel_Rarely,629,Research & Development,27,2,Medical,4,Female,95,3,1,Research Scientist,2,Single,2311.0,Upto 5k,5711,2,No,15,3,4,0,9,3,3,3,2,1,2.0,2311,0,26-35,3-5 Yrs,0,Junior Core,-1.5417,0.2144
34,No,Travel_Frequently,1069,Research & Development,2,1,Life Sciences,4,Male,45,2,2,Manufacturing Director,3,Married,9547.0,5k-10k,14074,1,No,17,3,3,0,10,2,2,10,9,1,9.0,9547,0,26-35,6-10 Yrs,1,Mid-Level Professionals,0.7552,1.0314
34,No,Travel_Frequently,878,Research & Development,10,4,Medical,4,Male,43,3,1,Research Scientist,3,Divorced,3815.0,Upto 5k,5972,1,Yes,17,3,4,1,5,4,4,5,3,2,0.0,3815,0,26-35,3-5 Yrs,0,Junior Core,-1.6869,-0.3324
34,No,Travel_Rarely,470,Research & Development,2,4,Life Sciences,4,Male,84,2,2,Manufacturing Director,1,Married,5957.0,5k-10k,23687,6,No,13,3,2,1,13,3,3,11,9,5,9.0,5957,0,26-35,11-20 Yrs,1,Mid-Level Professionals,0.6292,1.2681
34,Yes,Non-Travel,1362,Sales,19,3,Marketing,1,Male,67,4,2,Sales Executive,4,Single,5304.0,5k-10k,4652,8,Yes,13,3,2,0,9,3,2,5,2,0,4.0,5304,1,26-35,3-5 Yrs,1,Mid-Level Professionals,-0.5131,0.2363
34,No,Non-Travel,1381,Sales,4,4,Marketing,3,Female,72,3,2,Sales Executive,3,Married,6538.0,5k-10k,12740,9,No,15,3,1,1,6,3,3,3,2,1,2.0,6538,0,26-35,3-5 Yrs,0,Junior Core,-0.8822,-0.6027
34,Yes,Travel_Frequently,296,Sales,6,2,Marketing,4,Female,33,1,1,Sales Representative,3,Divorced,2351.0,Upto 5k,12253,0,No,16,3,4,1,3,3,2,2,2,1,0.0,2351,1,26-35,0-2 Yrs,0,Junior Core,-2.1527,-0.5314
34,No,Travel_Rarely,1303,Research & Development,2,4,Life Sciences,4,Male,62,2,1,Research Scientist,3,Divorced,2768.0,Upto 5k,8416,3,No,12,3,3,1,14,3,3,7,3,5,7.0,2768,0,26-35,6-10 Yrs,1,Mid-Level Professionals,-0.491,0.931
34,Yes,Travel_Frequently,988,Human Resources,23,3,Human Resources,2,Female,43,3,3,Human Resources,1,Divorced,9950.0,5k-10k,11533,9,Yes,15,3,3,3,11,2,3,3,2,0,2.0,9950,1,26-35,3-5 Yrs,1,Mid-Level Professionals,0.1903,-0.7463
34,No,Travel_Rarely,258,Sales,21,4,Life Sciences,4,Male,74,4,2,Sales Executive,4,Single,5337.0,5k-10k,19921,1,No,12,3,4,0,10,3,3,10,7,5,7.0,5337,0,26-35,6-10 Yrs,1,Mid-Level Professionals,0.1455,1.2369
34,No,Travel_Rarely,254,Research & Development,1,2,Life Sciences,2,Male,83,2,1,Research Scientist,4,Married,3622.0,Upto 5k,22794,1,Yes,13,3,4,1,6,3,3,6,5,1,3.0,3622,0,26-35,6-10 Yrs,0,Junior Core,-1.3128,0.154
34,No,Travel_Rarely,204,Sales,14,3,Technical Degree,3,Female,31,3,1,Sales Representative,3,Divorced,2579.0,Upto 5k,2912,1,Yes,18,3,4,2,8,3,3,8,2,0,6.0,2579,0,26-35,6-10 Yrs,0,Junior Core,-0.8939,1.1544
34,No,Travel_Rarely,1397,Research & Development,1,5,Life Sciences,2,Male,42,3,1,Research Scientist,4,Married,2691.0,Upto 5k,7660,1,No,12,3,4,1,10,4,2,10,9,8,8.0,2691,0,26-35,6-10 Yrs,1,Mid-Level Professionals,-0.4563,1.4232
34,No,Travel_Rarely,1442,Research & Development,9,3,Medical,4,Female,46,2,3,Healthcare Representative,2,Single,8621.0,5k-10k,17654,1,No,14,3,2,0,9,3,4,8,7,7,7.0,8621,0,26-35,6-10 Yrs,1,Mid-Level Professionals,0.7035,0.4765
34,No,Travel_Rarely,970,Research & Development,8,2,Medical,2,Female,96,3,2,Healthcare Representative,3,Single,6142.0,5k-10k,7360,3,No,11,3,4,0,10,2,3,5,1,4,3.0,6142,0,26-35,3-5 Yrs,0,Junior Core,-0.4614,-0.2212
34,No,Travel_Rarely,167,Research & Development,8,5,Life Sciences,2,Female,32,3,2,Manufacturing Director,1,Divorced,5121.0,5k-10k,4187,3,No,14,3,3,1,7,3,3,0,0,0,0.0,5121,0,26-35,0-2 Yrs,0,Junior Core,-1.3416,-1.0938
34,No,Travel_Rarely,304,Sales,2,3,Other,4,Male,60,3,2,Sales Executive,4,Single,6274.0,5k-10k,18686,1,No,22,4,3,0,6,5,3,6,5,1,4.0,6274,0,26-35,6-10 Yrs,0,Junior Core,-0.5355,0.0045
34,No,Travel_Rarely,182,Research & Development,1,4,Life Sciences,2,Female,72,4,1,Research Scientist,4,Single,3280.0,Upto 5k,13551,2,No,16,3,3,0,10,2,3,4,2,1,3.0,3280,0,26-35,3-5 Yrs,0,Junior Core,-1.2359,-0.059
34,No,Travel_Rarely,121,Research & Development,2,4,Medical,3,Female,86,2,1,Research Scientist,1,Single,4381.0,Upto 5k,7530,1,No,11,3,3,0,6,3,3,6,5,1,3.0,4381,0,26-35,6-10 Yrs,0,Junior Core,-1.234,0.1284
34,No,Travel_Rarely,1111,Sales,8,2,Life Sciences,3,Female,93,3,2,Sales Executive,1,Married,6500.0,5k-10k,13305,5,No,17,3,2,1,6,1,3,3,2,1,2.0,6500,0,26-35,3-5 Yrs,0,Junior Core,-0.8846,-0.5276
34,No,Travel_Frequently,702,Research & Development,16,4,Life Sciences,3,Female,100,2,1,Research Scientist,4,Single,2553.0,Upto 5k,8306,1,No,16,3,3,0,6,3,3,5,2,1,3.0,2553,0,26-35,3-5 Yrs,0,Junior Core,-1.4819,0.407
34,No,Travel_Rarely,829,Human Resources,3,2,Human Resources,3,Male,88,3,1,Human Resources,4,Married,3737.0,Upto 5k,2243,0,No,19,3,3,1,4,1,1,3,2,0,2.0,3737,0,26-35,3-5 Yrs,0,Junior Core,-1.7043,-0.2184
34,No,Travel_Rarely,546,Research & Development,10,3,Life Sciences,2,Male,83,3,1,Laboratory Technician,2,Divorced,2008.0,Upto 5k,6896,1,No,14,3,2,2,1,3,3,1,0,1,0.0,2008,0,26-35,0-2 Yrs,0,Junior Core,-2.3713,-0.4859
34,No,Travel_Rarely,216,Sales,1,4,Marketing,2,Male,75,4,2,Sales Executive,4,Divorced,9725.0,5k-10k,12278,0,No,11,3,4,1,16,2,2,15,1,0,9.0,9725,0,26-35,11-20 Yrs,1,Mid-Level Professionals,1.4556,1.3077
34,No,Travel_Rarely,1333,Sales,10,4,Life Sciences,3,Female,87,3,1,Sales Representative,3,Married,2220.0,Upto 5k,18410,1,Yes,19,3,4,1,1,2,3,1,1,0,0.0,2220,0,26-35,0-2 Yrs,0,Junior Core,-2.3494,-0.4981
34,No,Travel_Frequently,618,Research & Development,3,1,Life Sciences,1,Male,45,3,2,Healthcare Representative,4,Single,7756.0,5k-10k,22266,0,No,17,3,3,0,7,1,2,6,2,0,4.0,7756,0,26-35,6-10 Yrs,1,Mid-Level Professionals,-0.3219,-0.08
34,No,Non-Travel,697,Research & Development,3,4,Life Sciences,3,Male,40,2,1,Research Scientist,4,Married,2979.0,Upto 5k,22478,3,No,17,3,4,3,6,2,3,0,0,0,0.0,2979,0,26-35,0-2 Yrs,0,Junior Core,-2.0369,-0.8376
34,No,Travel_Frequently,1003,Research & Development,2,2,Life Sciences,4,Male,95,3,2,Manufacturing Director,3,Single,4033.0,Upto 5k,15834,2,No,11,3,4,0,5,3,2,3,2,0,2.0,4033,0,26-35,3-5 Yrs,0,Junior Core,-1.2019,-0.4774
34,No,Travel_Rarely,1400,Sales,9,1,Life Sciences,2,Female,70,3,2,Sales Executive,3,Married,5714.0,5k-10k,5829,1,No,20,4,1,0,6,3,2,6,5,1,3.0,5714,0,26-35,6-10 Yrs,0,Junior Core,-0.6817,-0.0274
34,No,Travel_Frequently,669,Research & Development,1,3,Medical,4,Male,97,2,2,Healthcare Representative,1,Single,5343.0,5k-10k,25755,0,No,20,4,3,0,14,3,3,13,9,4,9.0,5343,0,26-35,11-20 Yrs,1,Mid-Level Professionals,0.7541,1.4315
34,No,Travel_Rarely,1320,Research & Development,20,3,Technical Degree,3,Female,89,4,1,Research Scientist,3,Married,2585.0,Upto 5k,21643,0,No,17,3,4,0,2,5,2,1,0,0,0.0,2585,0,26-35,0-2 Yrs,0,Junior Core,-2.2478,-0.3544
34,No,Travel_Rarely,131,Sales,2,3,Marketing,3,Female,86,3,2,Sales Executive,1,Single,4538.0,Upto 5k,6039,0,Yes,12,3,4,0,4,3,3,3,2,0,2.0,4538,0,26-35,3-5 Yrs,0,Junior Core,-1.2099,-0.4892
34,No,Travel_Frequently,135,Research & Development,19,3,Medical,3,Female,46,3,2,Laboratory Technician,2,Divorced,4444.0,Upto 5k,22534,4,No,13,3,3,2,15,2,4,11,8,5,10.0,4444,0,26-35,11-20 Yrs,1,Mid-Level Professionals,0.6906,1.8219
34,No,Travel_Frequently,648,Human Resources,11,3,Life Sciences,3,Male,56,2,2,Human Resources,2,Married,4490.0,Upto 5k,21833,4,No,11,3,4,2,14,5,4,10,9,1,8.0,4490,0,26-35,6-10 Yrs,1,Mid-Level Professionals,0.386,1.226
34,No,Travel_Rarely,943,Research & Development,9,3,Life Sciences,4,Male,86,3,3,Healthcare Representative,4,Divorced,8500.0,5k-10k,5494,0,No,11,3,4,1,10,0,2,9,7,1,6.0,8500,0,26-35,6-10 Yrs,1,Mid-Level Professionals,0.7245,0.3563
34,No,Travel_Rarely,507,Sales,15,2,Medical,3,Female,66,3,2,Sales Executive,1,Single,6125.0,5k-10k,23553,1,No,12,3,4,0,10,6,4,10,8,9,6.0,6125,0,26-35,6-10 Yrs,1,Mid-Level Professionals,0.1337,0.8906
34,No,Non-Travel,999,Research & Development,26,1,Technical Degree,1,Female,92,2,1,Research Scientist,3,Divorced,2029.0,Upto 5k,15891,1,No,20,4,3,3,5,2,3,5,4,0,0.0,2029,0,26-35,3-5 Yrs,0,Junior Core,-1.8654,0.0619
34,No,Travel_Rarely,285,Research & Development,29,3,Medical,2,Male,86,3,2,Laboratory Technician,3,Married,5429.0,5k-10k,17491,4,No,13,3,1,2,10,1,3,8,7,7,7.0,5429,0,26-35,6-10 Yrs,1,Mid-Level Professionals,0.0294,1.2139
34,No,Travel_Rarely,404,Research & Development,2,4,Technical Degree,3,Female,98,3,2,Healthcare Representative,4,Single,6687.0,5k-10k,6163,1,No,11,3,4,0,14,2,4,14,11,4,11.0,6687,0,26-35,11-20 Yrs,1,Mid-Level Professionals,1.1395,1.8371
34,No,Travel_Frequently,560,Research & Development,1,4,Other,4,Male,91,3,1,Research Scientist,1,Divorced,2996.0,Upto 5k,20284,5,No,14,3,3,2,10,2,3,4,3,1,3.0,2996,0,26-35,3-5 Yrs,0,Junior Core,-1.2652,-0.0426
34,No,Travel_Rarely,401,Research & Development,1,3,Life Sciences,4,Female,86,2,1,Laboratory Technician,2,Married,3294.0,Upto 5k,3708,5,No,17,3,1,1,7,2,2,5,4,0,2.0,3294,0,26-35,3-5 Yrs,0,Junior Core,-1.4417,-0.1177
34,Yes,Travel_Rarely,1107,Human Resources,9,4,Technical Degree,1,Female,52,3,1,Human Resources,3,Married,2742.0,Upto 5k,3072,1,No,15,3,4,0,2,0,3,2,2,2,2.0,2742,1,26-35,0-2 Yrs,0,Junior Core,-1.9895,-0.0989
34,No,Travel_Rarely,1326,Sales,3,3,Other,4,Male,81,1,2,Sales Executive,1,Single,4759.0,Upto 5k,15891,3,No,18,3,4,0,15,2,3,13,9,3,12.0,4759,0,26-35,11-20 Yrs,1,Mid-Level Professionals,1.0276,2.059
34,No,Travel_Frequently,829,Research & Development,15,3,Medical,2,Male,71,3,4,Research Director,1,Divorced,16583.5,15k+,11929,7,No,14,3,4,2,16,3,2,14,8,6,9.0,17007,0,26-35,11-20 Yrs,2,Senior Leadership,2.9291,0.6727
34,Yes,Travel_Rarely,790,Sales,24,4,Medical,1,Female,40,2,2,Sales Executive,2,Single,4599.0,Upto 5k,7815,0,Yes,23,4,3,0,16,2,4,15,9,10,10.0,4599,1,26-35,11-20 Yrs,1,Mid-Level Professionals,1.0257,2.2136
34,No,Travel_Rarely,971,Sales,1,3,Technical Degree,4,Male,64,2,3,Sales Executive,3,Married,7083.0,5k-10k,12288,1,Yes,14,3,4,0,10,3,3,10,9,8,6.0,7083,0,26-35,6-10 Yrs,1,Mid-Level Professionals,0.6395,0.374
34,No,Travel_Rarely,1440,Sales,7,2,Technical Degree,2,Male,55,3,1,Sales Representative,3,Married,2308.0,Upto 5k,4944,0,Yes,25,4,2,1,12,4,3,11,10,5,7.0,2308,0,26-35,11-20 Yrs,1,Mid-Level Professionals,-0.4,1.4101
34,No,Travel_Rarely,479,Research & Development,7,4,Medical,1,Male,35,3,1,Research Scientist,4,Single,2972.0,Upto 5k,22061,1,No,13,3,3,0,1,4,1,1,0,0,0.0,2972,0,26-35,0-2 Yrs,0,Junior Core,-2.2729,-0.5961
34,No,Travel_Rarely,1351,Research & Development,1,4,Life Sciences,2,Male,45,3,2,Research Scientist,4,Married,5484.0,5k-10k,13008,9,No,17,3,2,1,9,3,2,2,2,2,1.0,5484,0,26-35,0-2 Yrs,0,Junior Core,-0.9668,-0.9218
34,No,Travel_Frequently,653,Research & Development,10,4,Technical Degree,4,Male,92,2,2,Healthcare Representative,3,Married,5063.0,5k-10k,15332,1,No,14,3,2,1,8,3,2,8,2,7,7.0,5063,0,26-35,6-10 Yrs,1,Mid-Level Professionals,-0.1358,0.9236
34,No,Travel_Frequently,426,Research & Development,10,4,Life Sciences,3,Male,42,4,2,Manufacturing Director,4,Divorced,4724.0,Upto 5k,17000,1,No,13,3,1,1,9,3,3,9,7,7,2.0,4724,0,26-35,6-10 Yrs,0,Junior Core,-0.5012,0.0496
34,No,Travel_Rarely,1130,Research & Development,3,3,Life Sciences,4,Female,66,3,2,Research Scientist,2,Divorced,5433.0,5k-10k,19332,1,No,12,3,3,1,11,2,3,11,8,7,9.0,5433,0,26-35,11-20 Yrs,1,Mid-Level Professionals,0.4551,1.3512
34,No,Travel_Rarely,1157,Research & Development,5,2,Medical,2,Male,57,2,2,Laboratory Technician,4,Married,3986.0,Upto 5k,11912,1,No,14,3,3,1,15,3,4,15,10,4,13.0,3986,0,26-35,11-20 Yrs,1,Mid-Level Professionals,1.168,2.495
34,No,Travel_Rarely,678,Research & Development,19,3,Life Sciences,2,Female,35,2,1,Research Scientist,4,Married,2929.0,Upto 5k,20338,1,No,12,3,2,0,10,3,3,10,9,8,7.0,2929,0,26-35,6-10 Yrs,1,Mid-Level Professionals,-0.516,1.5457
34,No,Travel_Rarely,181,Research & Development,2,4,Medical,4,Male,97,4,1,Research Scientist,4,Married,2932.0,Upto 5k,5586,0,Yes,14,3,1,3,6,3,3,5,0,1,2.0,2932,0,26-35,3-5 Yrs,0,Junior Core,-1.5389,-0.0613
34,No,Non-Travel,1375,Sales,10,3,Life Sciences,4,Male,87,3,2,Sales Executive,3,Divorced,4001.0,Upto 5k,12313,1,Yes,14,3,3,1,15,3,3,15,14,0,7.0,4001,0,26-35,11-20 Yrs,1,Mid-Level Professionals,0.6257,1.4357
34,No,Travel_Rarely,511,Sales,3,2,Life Sciences,4,Female,32,1,2,Sales Executive,4,Single,6029.0,5k-10k,25353,5,No,12,3,1,0,6,3,3,2,2,2,2.0,6029,0,26-35,0-2 Yrs,0,Junior Core,-0.9994,-0.6732
34,Yes,Travel_Frequently,234,Research & Development,9,4,Life Sciences,4,Male,93,3,2,Laboratory Technician,1,Married,5346.0,5k-10k,6208,4,No,17,3,3,1,11,3,2,7,1,0,7.0,5346,1,26-35,6-10 Yrs,1,Mid-Level Professionals,0.0094,0.7554
34,No,Travel_Rarely,810,Sales,8,2,Technical Degree,2,Male,92,4,2,Sales Executive,3,Married,6799.0,5k-10k,22128,1,No,21,4,3,2,10,5,3,10,8,4,8.0,6799,0,26-35,6-10 Yrs,1,Mid-Level Professionals,0.3826,1.1075
34,No,Travel_Rarely,1480,Sales,4,3,Life Sciences,3,Male,64,3,3,Sales Executive,4,Married,9713.0,5k-10k,24444,2,Yes,13,3,4,3,9,3,3,5,3,1,0.0,9713,0,26-35,3-5 Yrs,0,Junior Core,-0.015,-1.2637
34,Yes,Non-Travel,967,Research & Development,16,4,Technical Degree,4,Male,85,1,1,Research Scientist,1,Married,2307.0,Upto 5k,14460,1,Yes,23,4,2,1,5,2,3,5,2,3,0.0,2307,1,26-35,3-5 Yrs,0,Junior Core,-1.8404,-0.1362
34,No,Travel_Rarely,735,Sales,3,1,Medical,4,Female,75,2,2,Sales Executive,4,Married,8103.0,5k-10k,16495,3,Yes,12,3,3,0,9,3,2,4,2,0,1.0,8103,0,26-35,3-5 Yrs,0,Junior Core,-0.567,-0.8729
34,No,Travel_Frequently,735,Research & Development,22,4,Other,3,Male,86,2,2,Research Scientist,4,Married,5747.0,5k-10k,26496,1,Yes,15,3,2,0,16,3,3,15,10,6,11.0,5747,0,26-35,11-20 Yrs,1,Mid-Level Professionals,1.2345,2.3026
34,No,Travel_Rarely,937,Sales,1,3,Marketing,1,Male,32,3,3,Sales Executive,4,Single,9888.0,5k-10k,6770,1,No,21,4,1,0,14,3,2,14,8,2,1.0,9888,0,26-35,11-20 Yrs,1,Mid-Level Professionals,0.9722,-0.4879
34,No,Travel_Rarely,1239,Sales,13,4,Medical,4,Male,39,3,3,Sales Executive,3,Divorced,8628.0,5k-10k,22914,1,No,18,3,3,1,9,2,2,8,7,1,1.0,8628,0,26-35,6-10 Yrs,1,Mid-Level Professionals,0.16,-0.6006
34,No,Travel_Rarely,704,Sales,28,3,Marketing,4,Female,95,2,2,Sales Executive,3,Married,6712.0,5k-10k,8978,1,No,21,4,4,2,8,2,3,8,7,1,7.0,6712,0,26-35,6-10 Yrs,1,Mid-Level Professionals,0.0412,1.1563
34,No,TravelRarely,628,Research & Development,8,3,Medical,2,Male,82,4,2,Laboratory Technician,3,Married,4404.0,Upto 5k,10228,2,No,12,3,1,0,6,3,4,4,3,1,2.0,4404,0,26-35,3-5 Yrs,0,Junior Core,-1.0369,-0.3251
35,No,Travel_Rarely,809,Research & Development,16,3,Medical,1,Male,84,4,1,Laboratory Technician,2,Married,2426.0,Upto 5k,16479,0,No,13,3,3,1,6,5,3,5,4,0,3.0,2426,0,26-35,3-5 Yrs,0,Junior Core,-1.4578,0.3724
35,No,Travel_Rarely,890,Sales,2,3,Marketing,4,Female,97,3,1,Sales Representative,4,Married,2014.0,Upto 5k,9687,1,No,13,3,1,0,2,3,3,2,2,2,2.0,2014,0,26-35,0-2 Yrs,0,Junior Core,-2.03,-0.2263
35,No,Travel_Rarely,464,Research & Development,4,2,Other,3,Male,75,3,1,Laboratory Technician,4,Divorced,1951.0,Upto 5k,10910,1,No,12,3,3,1,1,3,3,1,0,0,0.0,1951,0,26-35,0-2 Yrs,0,Junior Core,-2.3422,-0.6339
35,No,Travel_Rarely,1229,Research & Development,8,1,Life Sciences,4,Male,36,4,1,Laboratory Technician,4,Married,2269.0,Upto 5k,4892,1,No,19,3,4,0,1,2,3,1,0,0,1.0,2269,0,26-35,0-2 Yrs,0,Junior Core,-2.2169,-0.3878
35,No,Non-Travel,1097,Research & Development,11,2,Medical,3,Male,79,2,3,Healthcare Representative,1,Married,9884.0,5k-10k,8302,2,Yes,13,3,3,1,10,3,3,4,0,2,3.0,9884,0,26-35,3-5 Yrs,1,Mid-Level Professionals,0.3113,-0.7123
35,No,Travel_Frequently,853,Sales,18,5,Life Sciences,2,Male,71,3,3,Sales Executive,1,Married,9069.0,5k-10k,11031,1,No,22,4,4,1,9,3,2,9,8,1,8.0,9069,0,26-35,6-10 Yrs,1,Mid-Level Professionals,0.9456,0.846
35,No,Travel_Rarely,1142,Research & Development,23,4,Medical,3,Female,30,3,1,Laboratory Technician,1,Married,4014.0,Upto 5k,16002,3,Yes,15,3,3,1,4,3,3,2,2,2,2.0,4014,0,26-35,0-2 Yrs,0,Junior Core,-1.6953,0.0062
35,No,Travel_Frequently,664,Research & Development,1,3,Medical,2,Male,79,3,1,Research Scientist,1,Married,2194.0,Upto 5k,5868,4,No,13,3,4,1,5,2,2,3,2,1,2.0,2194,0,26-35,3-5 Yrs,0,Junior Core,-1.767,-0.2251
35,No,Travel_Rarely,776,Sales,1,4,Marketing,3,Male,32,2,2,Sales Executive,1,Single,4312.0,Upto 5k,23016,0,No,14,3,2,0,16,2,3,15,13,2,3.0,4312,0,26-35,11-20 Yrs,1,Mid-Level Professionals,0.3881,0.4283
35,No,Travel_Rarely,1214,Research & Development,1,3,Medical,2,Male,30,2,1,Research Scientist,3,Single,2859.0,Upto 5k,26278,1,No,18,3,1,0,6,3,3,6,4,0,4.0,2859,0,26-35,6-10 Yrs,0,Junior Core,-1.2634,0.3476
35,No,Travel_Rarely,662,Sales,1,5,Marketing,3,Male,94,3,3,Sales Executive,2,Married,7295.0,5k-10k,11439,1,No,13,3,1,2,10,3,3,10,8,0,6.0,7295,0,26-35,6-10 Yrs,1,Mid-Level Professionals,0.6986,0.3199
35,Yes,Travel_Rarely,556,Research & Development,23,2,Life Sciences,2,Male,50,2,2,Manufacturing Director,3,Married,5916.0,5k-10k,15497,3,Yes,13,3,1,0,8,1,3,1,0,0,1.0,5916,1,26-35,0-2 Yrs,0,Junior Core,-1.0012,-0.6524
35,No,Travel_Frequently,138,Research & Development,2,3,Medical,2,Female,37,3,2,Laboratory Technician,2,Single,4425.0,Upto 5k,15986,5,No,11,3,4,0,10,5,3,6,2,1,2.0,4425,0,26-35,6-10 Yrs,0,Junior Core,-0.6304,-0.3833
35,No,Travel_Frequently,944,Sales,1,3,Marketing,3,Female,92,3,3,Sales Executive,3,Single,8789.0,5k-10k,9096,1,No,14,3,1,0,10,3,4,10,7,0,8.0,8789,0,26-35,6-10 Yrs,1,Mid-Level Professionals,1.0349,0.6169
35,No,Travel_Rarely,1315,Research & Development,22,3,Life Sciences,2,Female,71,4,3,Manager,2,Divorced,11996.0,10k-15k,19100,7,No,18,3,2,1,10,6,2,7,7,6,2.0,11996,0,26-35,6-10 Yrs,1,Mid-Level Professionals,0.6353,-0.5802
35,No,Travel_Rarely,1232,Sales,16,3,Marketing,3,Male,96,3,3,Sales Executive,2,Married,8020.0,5k-10k,5100,0,No,15,3,3,2,12,3,2,11,9,6,9.0,8020,0,26-35,11-20 Yrs,1,Mid-Level Professionals,1.2366,1.1731
35,No,Travel_Rarely,1296,Research & Development,5,4,Technical Degree,3,Male,62,3,3,Manufacturing Director,2,Single,8095.0,5k-10k,18264,0,No,13,3,4,0,17,5,3,16,6,0,13.0,8095,0,26-35,11-20 Yrs,1,Mid-Level Professionals,2.2264,2.0569
35,No,Travel_Rarely,755,Research & Development,9,4,Life Sciences,3,Male,97,2,2,Healthcare Representative,2,Single,6540.0,5k-10k,19394,9,No,19,3,3,0,10,5,3,1,1,0,0.0,6540,0,26-35,0-2 Yrs,0,Junior Core,-0.9125,-1.1695
35,No,Travel_Rarely,144,Research & Development,22,3,Life Sciences,4,Male,46,1,1,Laboratory Technician,3,Single,4230.0,Upto 5k,19225,0,No,15,3,3,0,6,2,3,5,4,4,3.0,4230,0,26-35,3-5 Yrs,0,Junior Core,-1.2692,0.3777
35,No,Travel_Rarely,1276,Research & Development,16,3,Life Sciences,4,Male,72,3,3,Healthcare Representative,3,Married,7632.0,5k-10k,14295,4,Yes,12,3,3,0,10,2,3,8,7,0,0.0,7632,0,26-35,6-10 Yrs,1,Mid-Level Professionals,0.0647,-0.7394
35,No,Travel_Rarely,619,Sales,1,3,Marketing,2,Male,85,3,2,Sales Executive,3,Married,4717.0,Upto 5k,18659,9,No,11,3,3,0,15,2,3,11,9,6,9.0,4717,0,26-35,11-20 Yrs,1,Mid-Level Professionals,0.6584,1.2449
35,No,Travel_Rarely,195,Sales,1,3,Medical,1,Female,80,3,2,Sales Executive,3,Single,4859.0,Upto 5k,6698,1,No,16,3,4,0,5,3,3,5,4,0,3.0,4859,0,26-35,3-5 Yrs,0,Junior Core,-0.8602,-0.2301
35,No,Travel_Rarely,538,Research & Development,25,2,Other,1,Male,54,2,2,Laboratory Technician,4,Single,3681.0,Upto 5k,14004,4,No,14,3,4,0,9,3,3,3,2,0,2.0,3681,0,26-35,3-5 Yrs,0,Junior Core,-0.9516,-0.1494
35,No,Travel_Rarely,1017,Research & Development,6,4,Life Sciences,2,Male,82,1,2,Research Scientist,4,Single,6646.0,5k-10k,19368,1,No,13,3,2,0,17,3,3,17,11,11,8.0,6646,0,26-35,11-20 Yrs,1,Mid-Level Professionals,1.2745,1.4888
35,No,Non-Travel,727,Research & Development,3,3,Life Sciences,3,Male,41,2,1,Laboratory Technician,3,Married,1281.0,Upto 5k,16900,1,No,18,3,3,2,1,3,3,1,0,0,0.0,1281,0,26-35,0-2 Yrs,0,Junior Core,-2.4117,-0.6134
35,No,Non-Travel,1225,Research & Development,2,4,Life Sciences,4,Female,61,3,2,Healthcare Representative,1,Divorced,5093.0,5k-10k,4761,2,No,11,3,1,1,16,2,4,1,0,0,0.0,5093,0,26-35,0-2 Yrs,0,Junior Core,-0.7034,-1.3174
35,No,Travel_Rarely,384,Sales,8,4,Life Sciences,1,Female,72,3,1,Sales Representative,4,Married,2572.0,Upto 5k,20317,1,No,16,3,2,1,3,1,2,3,2,0,2.0,2572,0,26-35,3-5 Yrs,0,Junior Core,-1.8457,-0.0848
35,No,Travel_Rarely,1258,Research & Development,1,4,Life Sciences,4,Female,40,4,1,Research Scientist,3,Single,2506.0,Upto 5k,13301,3,No,13,3,3,0,7,0,3,2,2,2,2.0,2506,0,26-35,0-2 Yrs,0,Junior Core,-1.6786,-0.3594
35,No,Travel_Rarely,950,Research & Development,7,3,Other,3,Male,59,3,3,Manufacturing Director,3,Single,10221.0,10k-15k,18869,3,No,21,4,2,0,17,3,4,8,5,1,6.0,10221,0,26-35,6-10 Yrs,1,Mid-Level Professionals,1.2959,-0.0241
35,No,Travel_Rarely,1343,Research & Development,27,1,Medical,3,Female,53,2,1,Research Scientist,1,Single,2559.0,Upto 5k,17852,1,No,11,3,4,0,6,3,2,6,5,1,1.0,2559,0,26-35,6-10 Yrs,0,Junior Core,-1.5576,0.2636
35,No,Travel_Rarely,607,Research & Development,9,3,Life Sciences,4,Female,66,2,3,Manufacturing Director,3,Married,10685.0,10k-15k,23457,1,Yes,20,4,2,1,17,2,3,17,14,5,15.0,10685,0,26-35,11-20 Yrs,1,Mid-Level Professionals,2.7416,2.4453
35,Yes,Travel_Frequently,130,Research & Development,25,4,Life Sciences,4,Female,96,3,1,Research Scientist,2,Divorced,2022.0,Upto 5k,16612,1,Yes,19,3,1,1,10,3,2,10,2,7,8.0,2022,1,26-35,6-10 Yrs,1,Mid-Level Professionals,-0.4793,1.8569
35,No,Travel_Rarely,672,Research & Development,25,3,Technical Degree,4,Male,78,2,3,Manufacturing Director,2,Married,10903.0,10k-15k,9129,3,No,16,3,1,0,16,2,3,13,10,4,8.0,10903,0,26-35,11-20 Yrs,1,Mid-Level Professionals,1.8161,1.0735
35,No,Travel_Rarely,1137,Research & Development,21,1,Life Sciences,4,Female,51,3,2,Healthcare Representative,4,Married,4014.0,Upto 5k,19170,1,Yes,25,4,4,1,10,2,1,10,6,0,7.0,4014,0,26-35,6-10 Yrs,1,Mid-Level Professionals,0.0461,1.2712
35,No,Travel_Rarely,1219,Sales,18,3,Medical,3,Female,86,3,2,Sales Executive,3,Married,4601.0,Upto 5k,6179,1,No,16,3,2,0,5,3,3,5,2,1,0.0,4601,0,26-35,3-5 Yrs,0,Junior Core,-1.1534,-0.4804
35,No,Travel_Rarely,882,Sales,3,4,Life Sciences,4,Male,92,3,3,Sales Executive,4,Divorced,7823.0,5k-10k,6812,6,No,13,3,2,1,12,2,3,10,9,0,8.0,7823,0,26-35,6-10 Yrs,1,Mid-Level Professionals,1.0562,0.6744
35,Yes,Travel_Rarely,622,Research & Development,14,4,Other,3,Male,39,2,1,Laboratory Technician,2,Divorced,3743.0,Upto 5k,10074,1,Yes,24,4,4,1,5,2,1,4,2,0,2.0,3743,1,26-35,3-5 Yrs,0,Junior Core,-1.5379,0.0041
35,No,Travel_Rarely,583,Research & Development,25,4,Medical,3,Female,57,3,3,Healthcare Representative,3,Divorced,10388.0,10k-15k,6975,1,Yes,11,3,3,1,16,3,2,16,10,10,1.0,10388,0,26-35,11-20 Yrs,1,Mid-Level Professionals,1.3189,0.0072
35,No,Travel_Rarely,802,Research & Development,10,3,Other,2,Male,45,3,1,Laboratory Technician,4,Divorced,3917.0,Upto 5k,9541,1,No,20,4,1,1,3,4,2,3,2,1,2.0,3917,0,26-35,3-5 Yrs,0,Junior Core,-1.7061,-0.1259
35,Yes,Travel_Rarely,1204,Sales,4,3,Technical Degree,4,Male,86,3,3,Sales Executive,1,Single,9582.0,5k-10k,10333,0,Yes,22,4,1,0,9,2,3,8,7,4,7.0,9582,1,26-35,6-10 Yrs,1,Mid-Level Professionals,0.8382,0.2881
35,No,Travel_Frequently,1182,Sales,11,2,Marketing,4,Male,54,3,2,Sales Executive,4,Divorced,4968.0,Upto 5k,18500,1,No,11,3,4,1,5,3,3,5,2,0,2.0,4968,0,26-35,3-5 Yrs,0,Junior Core,-0.9362,-0.2459
35,No,Travel_Rarely,528,Human Resources,8,4,Technical Degree,3,Male,100,3,1,Human Resources,3,Single,4323.0,Upto 5k,7108,1,No,17,3,2,0,6,2,1,5,4,1,4.0,4323,0,26-35,3-5 Yrs,0,Junior Core,-1.1738,0.309
35,No,Travel_Rarely,982,Research & Development,1,4,Medical,4,Male,58,2,1,Laboratory Technician,3,Married,2258.0,Upto 5k,16340,6,No,12,3,2,1,10,2,3,8,0,1,7.0,2258,0,26-35,6-10 Yrs,1,Mid-Level Professionals,-0.6833,1.0512
35,No,Travel_Rarely,819,Research & Development,2,3,Life Sciences,3,Male,44,2,3,Manufacturing Director,2,Divorced,10274.0,10k-15k,19588,2,No,18,3,2,1,15,2,4,7,7,6,4.0,10274,0,26-35,6-10 Yrs,1,Mid-Level Professionals,0.933,-0.5485
35,No,Travel_Frequently,636,Research & Development,4,4,Other,4,Male,47,2,1,Laboratory Technician,4,Married,2376.0,Upto 5k,26537,1,No,13,3,2,1,2,2,4,2,2,2,2.0,2376,0,26-35,0-2 Yrs,0,Junior Core,-1.9919,-0.2108
35,No,Travel_Rarely,1361,Sales,17,4,Life Sciences,3,Male,94,3,2,Sales Executive,1,Married,8966.0,5k-10k,21026,3,Yes,15,3,4,3,15,2,3,7,7,1,7.0,8966,0,26-35,6-10 Yrs,1,Mid-Level Professionals,0.6643,0.5812
35,No,Non-Travel,1212,Sales,8,2,Marketing,3,Female,78,2,3,Sales Executive,4,Married,10377.0,10k-15k,13755,4,Yes,11,3,2,1,16,6,2,13,2,4,12.0,10377,0,26-35,11-20 Yrs,1,Mid-Level Professionals,2.1193,1.5605
35,No,Travel_Rarely,735,Research & Development,6,1,Life Sciences,3,Male,66,3,1,Research Scientist,3,Married,3506.0,Upto 5k,6020,0,Yes,14,3,4,0,4,3,3,3,2,2,2.0,3506,0,26-35,3-5 Yrs,0,Junior Core,-1.6898,-0.1924
35,No,Travel_Frequently,482,Research & Development,4,4,Life Sciences,3,Male,87,3,2,Research Scientist,3,Single,4249.0,Upto 5k,2690,1,Yes,11,3,2,0,9,3,3,9,6,1,1.0,4249,0,26-35,6-10 Yrs,0,Junior Core,-0.6062,-0.2658
35,No,Travel_Rarely,817,Research & Development,1,3,Medical,4,Female,60,2,2,Laboratory Technician,4,Married,5363.0,5k-10k,10846,0,No,12,3,2,1,10,0,3,9,7,0,0.0,5363,0,26-35,6-10 Yrs,0,Junior Core,-0.523,-0.5936
35,Yes,Travel_Frequently,662,Sales,18,4,Marketing,4,Female,67,3,2,Sales Executive,3,Married,4614.0,Upto 5k,23288,0,Yes,18,3,3,1,5,0,2,4,2,3,2.0,4614,1,26-35,3-5 Yrs,0,Junior Core,-1.0344,-0.1797
35,No,Travel_Frequently,200,Research & Development,18,2,Life Sciences,3,Male,60,3,3,Manufacturing Director,4,Single,9362.0,5k-10k,19944,2,No,11,3,3,0,10,2,3,2,2,2,2.0,9362,0,26-35,0-2 Yrs,1,Mid-Level Professionals,0.0405,-0.9098
35,No,Travel_Rarely,660,Sales,7,1,Life Sciences,4,Male,76,3,1,Sales Representative,3,Married,2404.0,Upto 5k,16192,1,No,13,3,1,1,1,3,3,1,0,0,0.0,2404,0,26-35,0-2 Yrs,0,Junior Core,-2.2943,-0.6053
35,No,Travel_Rarely,1029,Research & Development,16,3,Life Sciences,4,Female,91,2,3,Healthcare Representative,2,Single,8606.0,5k-10k,21195,1,No,19,3,4,0,11,3,1,11,8,3,3.0,8606,0,26-35,11-20 Yrs,1,Mid-Level Professionals,0.6912,0.0071
35,No,Travel_Rarely,1402,Sales,28,4,Life Sciences,2,Female,98,2,1,Sales Representative,3,Married,2430.0,Upto 5k,26204,0,No,23,4,1,2,6,5,3,5,3,4,2.0,2430,0,26-35,3-5 Yrs,0,Junior Core,-1.5438,0.3991
35,No,Travel_Rarely,992,Research & Development,1,3,Medical,4,Male,68,2,1,Laboratory Technician,1,Single,2450.0,Upto 5k,21731,1,No,19,3,2,0,3,3,3,3,0,1,2.0,2450,0,26-35,3-5 Yrs,0,Junior Core,-1.8609,-0.2052
35,Yes,Travel_Rarely,104,Research & Development,2,3,Life Sciences,1,Female,69,3,1,Laboratory Technician,1,Divorced,2074.0,Upto 5k,26619,1,Yes,12,3,4,1,1,2,3,1,0,0,0.0,2074,1,26-35,0-2 Yrs,0,Junior Core,-2.3302,-0.6774
35,No,Travel_Rarely,670,Research & Development,10,4,Medical,1,Female,51,3,2,Healthcare Representative,3,Single,6142.0,5k-10k,4223,3,Yes,16,3,3,0,10,4,3,5,2,0,4.0,6142,0,26-35,3-5 Yrs,1,Mid-Level Professionals,-0.3324,-0.0351
35,No,Travel_Rarely,750,Research & Development,28,3,Life Sciences,2,Male,46,4,2,Laboratory Technician,3,Married,3407.0,Upto 5k,25348,1,No,17,3,4,2,10,3,2,10,9,6,8.0,3407,0,26-35,6-10 Yrs,1,Mid-Level Professionals,0.077,1.6253
35,No,Travel_Rarely,1349,Research & Development,7,2,Life Sciences,3,Male,63,2,1,Laboratory Technician,4,Married,2690.0,Upto 5k,7713,1,No,18,3,4,1,1,5,2,1,0,0,1.0,2690,0,26-35,0-2 Yrs,0,Junior Core,-2.1738,-0.4302
35,No,Travel_Rarely,819,Research & Development,18,5,Life Sciences,2,Male,48,4,2,Research Scientist,1,Married,5208.0,5k-10k,26312,1,No,11,3,4,0,16,2,3,16,15,1,10.0,5208,0,26-35,11-20 Yrs,1,Mid-Level Professionals,1.1879,2.109
35,No,Non-Travel,208,Research & Development,8,4,Life Sciences,3,Female,52,3,2,Healthcare Representative,3,Married,4148.0,Upto 5k,12250,1,No,12,3,4,1,15,5,3,14,11,2,9.0,4148,0,26-35,11-20 Yrs,1,Mid-Level Professionals,0.795,1.6503
35,Yes,Travel_Rarely,737,Sales,10,3,Medical,4,Male,55,2,3,Sales Executive,1,Married,10306.0,10k-15k,21530,9,No,17,3,3,0,15,3,3,13,12,6,0.0,10306,1,26-35,11-20 Yrs,1,Mid-Level Professionals,0.961,-0.6807
35,Yes,Travel_Rarely,763,Sales,15,2,Medical,1,Male,59,1,2,Sales Executive,4,Divorced,5440.0,5k-10k,22098,6,Yes,14,3,4,2,7,2,2,2,2,2,2.0,5440,1,26-35,0-2 Yrs,0,Junior Core,-0.9583,-0.48
35,Yes,Travel_Frequently,880,Sales,12,4,Other,4,Male,36,3,2,Sales Executive,4,Single,4581.0,Upto 5k,10414,3,Yes,24,4,1,0,13,2,4,11,9,6,7.0,4581,1,26-35,11-20 Yrs,1,Mid-Level Professionals,0.3462,1.1045
35,No,Travel_Frequently,146,Research & Development,2,4,Medical,1,Male,79,2,1,Research Scientist,4,Single,4930.0,Upto 5k,13970,0,Yes,14,3,3,0,6,2,4,5,4,1,4.0,4930,0,26-35,3-5 Yrs,0,Junior Core,-1.1134,0.1647
35,No,Travel_Rarely,1370,Research & Development,27,4,Life Sciences,4,Male,49,3,2,Manufacturing Director,3,Married,6883.0,5k-10k,5151,2,No,16,3,2,1,17,3,3,7,7,0,7.0,6883,0,26-35,6-10 Yrs,1,Mid-Level Professionals,0.5732,0.8488
35,Yes,Travel_Rarely,303,Sales,27,3,Life Sciences,3,Male,84,3,2,Sales Executive,4,Single,5813.0,5k-10k,13492,1,Yes,18,3,4,0,10,2,3,10,7,7,7.0,5813,1,26-35,6-10 Yrs,1,Mid-Level Professionals,0.2341,1.2768
35,No,Non-Travel,1180,Research & Development,2,2,Medical,2,Male,90,3,2,Manufacturing Director,4,Divorced,5762.0,5k-10k,24442,2,No,14,3,3,1,15,6,3,7,7,1,7.0,5762,0,26-35,6-10 Yrs,1,Mid-Level Professionals,0.3278,0.4928
35,No,Travel_Rarely,185,Research & Development,23,4,Medical,2,Male,91,1,1,Laboratory Technician,3,Married,2705.0,Upto 5k,9696,0,No,16,3,2,1,6,2,4,5,4,0,3.0,2705,0,26-35,3-5 Yrs,0,Junior Core,-1.4263,0.4838
35,No,Travel_Rarely,219,Research & Development,16,2,Other,4,Female,44,2,2,Manufacturing Director,2,Married,4788.0,Upto 5k,25388,0,Yes,11,3,4,0,4,2,3,3,2,0,2.0,4788,0,26-35,3-5 Yrs,0,Junior Core,-1.1416,-0.2906
35,No,Travel_Rarely,682,Sales,18,4,Medical,2,Male,71,3,2,Sales Executive,1,Married,5561.0,5k-10k,15975,0,No,16,3,4,1,6,2,1,5,3,0,4.0,5561,0,26-35,3-5 Yrs,0,Junior Core,-0.6302,0.2133
35,No,Travel_Rarely,1224,Sales,7,4,Life Sciences,3,Female,55,3,2,Sales Executive,4,Married,5204.0,5k-10k,13586,1,Yes,11,3,4,0,10,2,3,10,8,0,9.0,5204,0,26-35,6-10 Yrs,1,Mid-Level Professionals,0.3457,1.3309
35,No,TravelRarely,1490,Research & Development,11,4,Medical,4,Male,43,3,1,Laboratory Technician,3,Married,2660.0,Upto 5k,20232,7,Yes,11,3,3,1,5,3,3,2,2,2,2.0,2660,0,26-35,0-2 Yrs,0,Junior Core,-1.7794,-0.1516
35,No,Travel_Rarely,1395,Research & Development,9,4,Medical,2,Male,48,3,2,Research Scientist,3,Single,5098.0,5k-10k,18698,1,No,19,3,2,0,10,5,3,10,7,0,8.0,5098,0,26-35,6-10 Yrs,1,Mid-Level Professionals,0.2446,1.1818
35,No,Travel_Rarely,1146,Human Resources,26,4,Life Sciences,3,Female,31,3,3,Human Resources,4,Single,8837.0,5k-10k,16642,1,Yes,16,3,3,0,9,2,3,9,0,1,7.0,8837,0,26-35,6-10 Yrs,1,Mid-Level Professionals,0.8337,0.8134
35,No,Travel_Frequently,1199,Research & Development,18,4,Life Sciences,3,Male,80,3,2,Healthcare Representative,3,Married,5689.0,5k-10k,24594,1,Yes,14,3,4,2,10,2,4,10,2,0,2.0,5689,0,26-35,6-10 Yrs,1,Mid-Level Professionals,-0.2368,0.1621
35,No,Travel_Rarely,287,Research & Development,1,4,Life Sciences,3,Female,62,1,1,Research Scientist,4,Married,2977.0,Upto 5k,8952,1,No,12,3,4,1,4,5,3,4,3,1,1.0,2977,0,26-35,3-5 Yrs,0,Junior Core,-1.773,-0.3628
36,No,Travel_Rarely,1299,Research & Development,27,3,Medical,3,Male,94,3,2,Healthcare Representative,3,Married,5237.0,5k-10k,16577,6,No,13,3,2,2,17,3,2,7,7,7,7.0,5237,0,36-45,6-10 Yrs,1,Mid-Level Professionals,0.4405,0.9017
36,Yes,Travel_Rarely,1218,Sales,9,4,Life Sciences,3,Male,82,2,1,Sales Representative,1,Single,3407.0,Upto 5k,6986,7,No,23,4,2,0,10,4,3,5,3,0,3.0,3407,1,36-45,3-5 Yrs,0,Junior Core,-1.081,0.0772
36,No,Travel_Rarely,852,Research & Development,5,4,Life Sciences,2,Female,82,2,1,Research Scientist,1,Married,3419.0,Upto 5k,13072,9,Yes,14,3,4,1,6,3,4,1,1,0,0.0,3419,0,36-45,0-2 Yrs,0,Junior Core,-1.8519,-0.8287
36,No,Travel_Rarely,1223,Research & Development,8,3,Technical Degree,3,Female,59,3,3,Healthcare Representative,3,Divorced,10096.0,10k-15k,8202,1,No,13,3,2,3,17,2,3,17,14,12,8.0,10096,0,36-45,11-20 Yrs,1,Mid-Level Professionals,2.0809,1.078
36,No,Travel_Frequently,1195,Research & Development,11,3,Life Sciences,2,Male,95,2,2,Manufacturing Director,2,Single,6499.0,5k-10k,22656,1,No,13,3,3,0,6,3,3,6,5,0,3.0,6499,0,36-45,6-10 Yrs,0,Junior Core,-0.5254,-0.1201
36,Yes,Travel_Rarely,318,Research & Development,9,3,Medical,4,Male,79,2,1,Research Scientist,3,Married,3388.0,Upto 5k,21777,0,Yes,17,3,1,1,2,0,2,1,0,0,3.0,3388,1,36-45,0-2 Yrs,0,Junior Core,-1.8216,-0.1101
36,No,Travel_Rarely,132,Research & Development,6,3,Life Sciences,2,Female,55,4,1,Laboratory Technician,4,Married,3038.0,Upto 5k,22002,3,No,12,3,2,0,5,3,3,1,0,0,3.0,3038,0,36-45,0-2 Yrs,0,Junior Core,-1.6782,-0.1965
36,No,Travel_Frequently,1467,Sales,11,2,Technical Degree,2,Female,92,3,3,Sales Executive,4,Married,9738.0,5k-10k,22952,0,No,14,3,3,1,10,6,3,9,7,2,8.0,9738,0,36-45,6-10 Yrs,1,Mid-Level Professionals,1.1096,0.6207
36,No,Travel_Rarely,922,Research & Development,3,2,Life Sciences,1,Female,39,3,1,Laboratory Technician,4,Divorced,2835.0,Upto 5k,2561,5,No,22,4,1,1,7,2,3,1,0,0,0.0,2835,0,36-45,0-2 Yrs,0,Junior Core,-1.8528,-0.8488
36,No,Travel_Rarely,216,Research & Development,6,2,Medical,2,Male,84,3,2,Manufacturing Director,2,Divorced,4941.0,Upto 5k,2819,6,No,20,4,4,2,7,0,3,3,2,0,1.0,4941,0,36-45,3-5 Yrs,0,Junior Core,-1.0026,-0.767
36,No,Travel_Frequently,1480,Research & Development,3,2,Medical,4,Male,30,3,1,Laboratory Technician,2,Single,2088.0,Upto 5k,15062,4,No,12,3,3,0,13,3,2,8,7,7,2.0,2088,0,36-45,6-10 Yrs,0,Junior Core,-0.937,0.0456
36,No,Travel_Frequently,635,Research & Development,18,1,Medical,2,Female,73,3,1,Laboratory Technician,4,Single,2153.0,Upto 5k,7703,1,No,13,3,1,0,8,2,3,8,1,1,3.0,2153,0,36-45,6-10 Yrs,0,Junior Core,-1.1348,0.5932
36,No,Travel_Rarely,1396,Research & Development,5,2,Life Sciences,4,Male,62,3,2,Laboratory Technician,2,Single,5914.0,5k-10k,9945,8,No,16,3,4,0,16,3,4,13,11,3,7.0,5914,0,36-45,11-20 Yrs,1,Mid-Level Professionals,0.8276,0.9697
36,No,Travel_Rarely,1403,Research & Development,6,3,Life Sciences,4,Male,47,3,1,Laboratory Technician,4,Married,3210.0,Upto 5k,20251,0,No,11,3,3,1,16,4,3,15,13,10,11.0,3210,0,36-45,11-20 Yrs,1,Mid-Level Professionals,0.629,2.28
36,No,Travel_Rarely,506,Research & Development,3,3,Technical Degree,3,Male,30,3,2,Research Scientist,2,Single,4485.0,Upto 5k,26285,4,No,12,3,4,0,10,2,3,8,0,7,7.0,4485,0,36-45,6-10 Yrs,1,Mid-Level Professionals,-0.0032,0.7109
36,No,Travel_Frequently,566,Research & Development,18,4,Life Sciences,3,Male,81,4,1,Laboratory Technician,4,Married,3688.0,Upto 5k,7122,4,No,18,3,4,2,4,2,3,1,0,0,0.0,3688,0,36-45,0-2 Yrs,0,Junior Core,-1.9397,-0.5729
36,No,Non-Travel,1105,Research & Development,24,4,Life Sciences,2,Female,47,3,2,Laboratory Technician,2,Married,5674.0,5k-10k,6927,7,No,15,3,3,1,11,3,3,9,8,0,8.0,5674,0,36-45,6-10 Yrs,1,Mid-Level Professionals,0.3428,1.2808
36,No,Non-Travel,845,Sales,1,5,Medical,4,Female,45,3,2,Sales Executive,4,Single,6653.0,5k-10k,15276,4,No,15,3,2,0,7,6,3,1,0,0,3.0,6653,0,36-45,0-2 Yrs,0,Junior Core,-0.7743,-0.737
36,No,Travel_Frequently,541,Sales,3,4,Medical,1,Male,48,2,3,Sales Executive,4,Married,9699.0,5k-10k,7246,4,No,11,3,1,1,16,2,3,13,9,1,3.0,9699,0,36-45,11-20 Yrs,1,Mid-Level Professionals,1.266,-0.2577
36,No,Travel_Rarely,329,Research & Development,2,3,Life Sciences,4,Female,96,3,1,Research Scientist,3,Married,2543.0,Upto 5k,11868,4,No,13,3,2,1,6,3,3,2,2,2,2.0,2543,0,36-45,0-2 Yrs,0,Junior Core,-1.6973,-0.368
36,No,Travel_Rarely,164,Sales,2,2,Medical,2,Male,61,2,3,Sales Executive,3,Married,7596.0,5k-10k,3809,1,No,13,3,2,2,10,2,3,10,9,9,0.0,7596,0,36-45,6-10 Yrs,1,Mid-Level Professionals,0.2216,-0.8707
36,No,Non-Travel,635,Sales,10,4,Medical,2,Male,32,3,3,Sales Executive,4,Single,9980.0,5k-10k,15318,1,No,14,3,4,0,10,3,2,10,3,9,7.0,9980,0,36-45,6-10 Yrs,1,Mid-Level Professionals,1.1075,0.4786
36,No,Travel_Rarely,913,Research & Development,9,2,Medical,2,Male,48,2,2,Manufacturing Director,2,Divorced,8847.0,5k-10k,13934,2,Yes,11,3,3,1,13,2,3,3,2,0,2.0,8847,0,36-45,3-5 Yrs,0,Junior Core,-0.146,-0.8497
36,No,Non-Travel,427,Research & Development,8,3,Life Sciences,1,Female,63,4,3,Research Director,1,Married,11713.0,10k-15k,20335,9,No,14,3,1,1,10,2,3,8,7,0,5.0,11713,0,36-45,6-10 Yrs,1,Mid-Level Professionals,0.9753,-0.2043
36,No,Non-Travel,1434,Sales,8,4,Life Sciences,1,Male,76,2,3,Sales Executive,1,Single,7587.0,5k-10k,14229,1,No,15,3,2,0,10,1,3,10,7,0,9.0,7587,0,36-45,6-10 Yrs,1,Mid-Level Professionals,1.0415,0.9633
36,No,Travel_Rarely,676,Research & Development,1,3,Other,3,Female,35,3,2,Manufacturing Director,2,Married,5228.0,5k-10k,23361,0,No,15,3,1,1,10,2,3,9,7,0,5.0,5228,0,36-45,6-10 Yrs,1,Mid-Level Professionals,-0.0449,0.3302
36,No,Travel_Rarely,1041,Human Resources,13,3,Human Resources,3,Male,36,3,1,Human Resources,2,Married,2143.0,Upto 5k,25527,4,No,13,3,2,1,8,2,3,5,2,0,4.0,2143,0,36-45,3-5 Yrs,0,Junior Core,-1.2395,0.4491
36,No,Travel_Rarely,928,Sales,1,2,Life Sciences,2,Male,56,3,2,Sales Executive,4,Married,6201.0,5k-10k,2823,1,Yes,14,3,4,1,18,1,2,18,14,4,11.0,6201,0,36-45,11-20 Yrs,1,Mid-Level Professionals,1.6613,2.0207
36,No,Travel_Rarely,1278,Human Resources,8,3,Life Sciences,1,Male,77,2,1,Human Resources,1,Married,2342.0,Upto 5k,8635,0,No,21,4,3,0,6,3,3,5,4,0,3.0,2342,0,36-45,3-5 Yrs,0,Junior Core,-1.4321,0.1896
36,No,Travel_Rarely,1425,Research & Development,14,1,Life Sciences,3,Male,68,3,2,Healthcare Representative,4,Married,6586.0,5k-10k,4821,0,Yes,17,3,1,1,17,2,2,16,8,4,11.0,6586,0,36-45,11-20 Yrs,1,Mid-Level Professionals,1.5172,2.0891
36,No,Travel_Rarely,188,Research & Development,7,4,Other,2,Male,65,3,1,Research Scientist,4,Single,4678.0,Upto 5k,23293,2,No,18,3,3,0,8,6,3,6,2,0,1.0,4678,0,36-45,6-10 Yrs,0,Junior Core,-1.1885,-0.2993
36,No,Travel_Rarely,938,Research & Development,2,4,Medical,3,Male,79,3,1,Laboratory Technician,3,Single,2519.0,Upto 5k,12287,4,No,21,4,3,0,16,6,3,11,8,3,9.0,2519,0,36-45,11-20 Yrs,1,Mid-Level Professionals,0.1172,1.5369
36,Yes,Travel_Rarely,530,Sales,3,1,Life Sciences,3,Male,51,2,3,Sales Executive,4,Married,10325.0,10k-15k,5518,1,Yes,11,3,1,1,16,6,3,16,7,3,7.0,10325,1,36-45,11-20 Yrs,1,Mid-Level Professionals,1.8873,0.7178
36,No,Non-Travel,1229,Sales,8,4,Technical Degree,1,Male,84,3,2,Sales Executive,4,Divorced,5079.0,5k-10k,25952,4,No,13,3,4,2,12,3,3,7,7,0,7.0,5079,0,36-45,6-10 Yrs,1,Mid-Level Professionals,0.1161,0.6514
36,Yes,Travel_Rarely,885,Research & Development,16,4,Life Sciences,3,Female,43,4,1,Laboratory Technician,1,Single,2743.0,Upto 5k,8269,1,No,16,3,3,0,18,1,3,17,13,15,14.0,2743,1,36-45,11-20 Yrs,1,Mid-Level Professionals,1.1063,3.1926
36,Yes,Travel_Rarely,660,Research & Development,15,3,Other,1,Male,81,3,2,Laboratory Technician,3,Divorced,4834.0,Upto 5k,7858,7,No,14,3,2,1,9,3,2,1,0,0,0.0,4834,1,36-45,0-2 Yrs,0,Junior Core,-1.1094,-0.9865
36,No,Travel_Rarely,796,Research & Development,12,5,Medical,4,Female,51,2,3,Manufacturing Director,4,Single,8858.0,5k-10k,15669,0,No,11,3,2,0,15,2,2,14,8,7,8.0,8858,0,36-45,11-20 Yrs,1,Mid-Level Professionals,1.6413,1.0117
36,No,Non-Travel,217,Research & Development,18,4,Life Sciences,1,Male,78,3,2,Manufacturing Director,4,Single,7779.0,5k-10k,23238,2,No,20,4,1,0,18,0,3,11,9,0,9.0,7779,0,36-45,11-20 Yrs,1,Mid-Level Professionals,1.1988,1.2841
36,No,Travel_Rarely,917,Research & Development,6,4,Life Sciences,3,Male,60,1,1,Laboratory Technician,3,Divorced,2741.0,Upto 5k,6865,1,No,14,3,3,1,7,4,3,7,7,1,7.0,2741,0,36-45,6-10 Yrs,1,Mid-Level Professionals,-0.8391,1.0427
36,No,Travel_Rarely,363,Research & Development,1,3,Technical Degree,3,Female,77,1,3,Manufacturing Director,1,Divorced,10252.0,10k-15k,4235,2,Yes,21,4,3,1,17,2,3,7,7,7,7.0,10252,0,36-45,6-10 Yrs,1,Mid-Level Professionals,1.3608,-0.0673
36,No,Travel_Frequently,469,Research & Development,3,3,Technical Degree,3,Male,46,3,1,Research Scientist,2,Married,3692.0,Upto 5k,9256,1,No,12,3,3,0,12,2,2,11,10,0,7.0,3692,0,36-45,11-20 Yrs,1,Mid-Level Professionals,-0.184,1.1736
36,No,Travel_Rarely,429,Research & Development,2,4,Life Sciences,3,Female,53,3,2,Manufacturing Director,2,Single,5410.0,5k-10k,2323,9,Yes,11,3,4,0,18,2,3,16,14,5,12.0,5410,0,36-45,11-20 Yrs,1,Mid-Level Professionals,1.5424,2.1126
36,No,Travel_Rarely,325,Research & Development,10,4,Technical Degree,4,Female,63,3,3,Healthcare Representative,3,Married,7094.0,5k-10k,5747,3,No,12,3,1,0,10,0,3,7,7,1,7.0,7094,0,36-45,6-10 Yrs,1,Mid-Level Professionals,0.6167,0.3998
36,No,Travel_Frequently,607,Sales,7,3,Marketing,1,Female,83,4,2,Sales Executive,1,Married,4639.0,Upto 5k,2261,2,No,16,3,4,1,17,2,2,15,7,6,13.0,4639,0,36-45,11-20 Yrs,1,Mid-Level Professionals,1.4311,2.3753
36,No,Travel_Rarely,1174,Sales,3,4,Marketing,1,Female,99,3,2,Sales Executive,2,Single,9278.0,5k-10k,20763,3,Yes,16,3,4,0,15,3,3,5,4,0,1.0,9278,0,36-45,3-5 Yrs,0,Junior Core,0.0543,-1.0466
36,No,Travel_Rarely,172,Research & Development,4,4,Life Sciences,1,Male,37,2,2,Laboratory Technician,4,Single,5810.0,5k-10k,22604,1,No,16,3,3,0,10,2,2,10,4,1,8.0,5810,0,36-45,6-10 Yrs,1,Mid-Level Professionals,0.3535,1.0078
36,No,Travel_Rarely,329,Sales,16,4,Marketing,3,Female,98,2,2,Sales Executive,1,Married,5647.0,5k-10k,13494,4,No,13,3,1,2,11,3,2,3,2,0,2.0,5647,0,36-45,3-5 Yrs,0,Junior Core,-0.5943,-0.5032
36,No,Travel_Rarely,1157,Sales,2,4,Life Sciences,3,Male,70,3,1,Sales Representative,4,Single,2644.0,Upto 5k,17001,3,Yes,21,4,4,0,7,3,2,3,2,1,2.0,2644,0,36-45,3-5 Yrs,0,Junior Core,-1.5625,-0.3094
36,No,Travel_Rarely,884,Sales,1,4,Life Sciences,2,Female,73,3,2,Sales Executive,3,Single,6815.0,5k-10k,21447,6,No,13,3,1,0,15,5,3,1,0,0,0.0,6815,0,36-45,0-2 Yrs,0,Junior Core,-0.5489,-1.4595
36,No,Travel_Frequently,1302,Research & Development,6,4,Life Sciences,1,Male,80,4,2,Laboratory Technician,1,Married,5562.0,5k-10k,19711,3,Yes,13,3,4,1,9,3,3,3,2,0,2.0,5562,0,36-45,3-5 Yrs,0,Junior Core,-0.7271,-0.6458
36,No,Travel_Rarely,559,Research & Development,12,4,Life Sciences,3,Female,76,3,2,Manufacturing Director,3,Married,4663.0,Upto 5k,12421,9,Yes,12,3,2,2,7,2,3,3,2,1,1.0,4663,0,36-45,3-5 Yrs,0,Junior Core,-1.0291,-0.6417
36,No,Travel_Rarely,711,Research & Development,5,4,Life Sciences,2,Female,42,3,3,Healthcare Representative,1,Married,8008.0,5k-10k,22792,4,No,12,3,3,2,9,6,3,3,2,0,2.0,8008,0,36-45,3-5 Yrs,0,Junior Core,-0.0628,-1.0114
36,No,Travel_Rarely,311,Research & Development,7,3,Life Sciences,1,Male,77,3,1,Laboratory Technician,2,Single,2013.0,Upto 5k,10950,2,No,11,3,3,0,15,4,3,4,3,1,3.0,2013,0,36-45,3-5 Yrs,0,Junior Core,-0.989,-0.0471
36,No,Non-Travel,894,Research & Development,1,4,Medical,4,Female,33,2,2,Manufacturing Director,3,Married,4374.0,Upto 5k,15411,0,No,15,3,3,0,4,6,3,3,2,1,2.0,4374,0,36-45,3-5 Yrs,0,Junior Core,-1.1527,-0.5818
36,No,Travel_Rarely,1040,Research & Development,3,2,Life Sciences,4,Male,79,4,2,Healthcare Representative,1,Divorced,6842.0,5k-10k,26308,6,No,20,4,1,1,13,3,3,5,4,0,4.0,6842,0,36-45,3-5 Yrs,1,Mid-Level Professionals,-0.0448,-0.2968
36,No,Travel_Rarely,1351,Research & Development,26,4,Life Sciences,1,Male,80,3,2,Healthcare Representative,3,Married,5347.0,5k-10k,7419,6,No,14,3,2,2,10,2,2,3,2,0,2.0,5347,0,36-45,3-5 Yrs,0,Junior Core,-0.6817,-0.2865
36,No,Travel_Rarely,530,Sales,2,4,Life Sciences,3,Female,51,3,2,Sales Representative,4,Single,4502.0,Upto 5k,7439,3,No,15,3,3,0,17,2,2,13,7,6,7.0,4502,0,36-45,11-20 Yrs,1,Mid-Level Professionals,0.7409,0.9792
36,Yes,Travel_Rarely,1456,Sales,13,5,Marketing,2,Male,96,2,2,Sales Executive,1,Divorced,6134.0,5k-10k,8658,5,Yes,13,3,2,3,16,3,3,2,2,2,2.0,6134,1,36-45,0-2 Yrs,0,Junior Core,-0.3084,-0.7542
36,No,Travel_Rarely,1383,Research & Development,10,3,Life Sciences,4,Male,90,3,3,Healthcare Representative,1,Married,8321.0,5k-10k,25949,7,Yes,13,3,4,1,15,1,3,12,8,5,7.0,8321,0,36-45,11-20 Yrs,1,Mid-Level Professionals,1.3657,0.6512
36,No,Travel_Rarely,430,Research & Development,2,4,Other,4,Female,73,3,2,Research Scientist,2,Married,6962.0,5k-10k,19573,4,Yes,22,4,4,1,15,2,3,1,0,0,0.0,6962,0,36-45,0-2 Yrs,0,Junior Core,-0.5333,-1.4498
36,No,Travel_Rarely,1266,Sales,10,4,Technical Degree,2,Female,63,2,2,Sales Executive,3,Married,5673.0,5k-10k,6060,1,Yes,13,3,1,1,10,4,3,10,9,1,7.0,5673,0,36-45,6-10 Yrs,1,Mid-Level Professionals,0.2506,0.9333
36,No,Travel_Frequently,1213,Human Resources,2,1,Human Resources,2,Male,94,2,2,Human Resources,4,Single,3886.0,Upto 5k,4223,1,No,21,4,4,0,10,2,2,10,1,0,8.0,3886,0,36-45,6-10 Yrs,1,Mid-Level Professionals,0.154,1.0822
36,No,Travel_Rarely,335,Sales,17,2,Marketing,3,Male,33,2,2,Sales Executive,2,Married,5507.0,5k-10k,16822,2,No,16,3,3,2,12,1,1,4,2,1,3.0,5507,0,36-45,3-5 Yrs,0,Junior Core,-0.3929,-0.2209
36,No,Non-Travel,1351,Research & Development,9,4,Life Sciences,1,Male,66,4,1,Laboratory Technician,2,Married,2810.0,Upto 5k,9238,1,No,22,4,2,0,5,3,3,5,4,0,2.0,2810,0,36-45,3-5 Yrs,0,Junior Core,-1.5346,0.0066
36,No,Travel_Rarely,557,Sales,3,3,Medical,1,Female,94,2,3,Sales Executive,4,Married,7644.0,5k-10k,12695,0,No,19,3,3,2,10,2,3,9,7,3,4.0,7644,0,36-45,6-10 Yrs,1,Mid-Level Professionals,0.5265,-0.1707
36,No,Travel_Frequently,688,Research & Development,4,2,Life Sciences,4,Female,97,3,2,Manufacturing Director,2,Divorced,5131.0,5k-10k,9192,7,No,13,3,2,3,18,3,3,4,2,0,2.0,5131,0,36-45,3-5 Yrs,0,Junior Core,-0.1664,-0.7314
36,No,Non-Travel,301,Sales,15,4,Marketing,4,Male,88,1,2,Sales Executive,4,Divorced,5406.0,5k-10k,10436,1,No,24,4,1,1,15,4,2,15,12,11,11.0,5406,0,36-45,11-20 Yrs,1,Mid-Level Professionals,1.211,2.1282
36,No,Travel_Rarely,1120,Sales,11,4,Marketing,2,Female,100,2,2,Sales Executive,4,Married,6652.0,5k-10k,14369,4,No,13,3,1,1,8,2,2,6,3,0,0.0,6652,0,36-45,6-10 Yrs,0,Junior Core,-0.662,-0.7383
36,No,Travel_Frequently,884,Research & Development,23,2,Medical,3,Male,41,4,2,Laboratory Technician,4,Married,2571.0,Upto 5k,12290,4,No,17,3,3,1,17,3,3,5,2,0,3.0,2571,0,36-45,3-5 Yrs,1,Mid-Level Professionals,-0.3287,0.0528
36,No,Travel_Frequently,884,Research & Development,23,2,Medical,3,Male,41,4,2,Laboratory Technician,4,Married,2571.0,Upto 5k,12290,4,No,17,3,3,1,17,3,3,5,2,0,2.0,2571,0,36-45,3-5 Yrs,0,Junior Core,-0.4197,-0.1388
37,Yes,Travel_Rarely,1373,Research & Development,2,2,Other,4,Male,92,2,1,Laboratory Technician,3,Single,2090.0,Upto 5k,2396,6,Yes,15,3,2,0,7,3,3,0,0,0,0.0,2090,1,36-45,0-2 Yrs,0,Junior Core,-1.9571,-0.9477
37,No,Travel_Rarely,408,Research & Development,19,2,Life Sciences,2,Male,73,3,1,Research Scientist,2,Married,3022.0,Upto 5k,10227,4,No,21,4,1,0,8,1,3,1,0,0,0.0,3022,0,36-45,0-2 Yrs,0,Junior Core,-1.7301,-0.6275
37,No,Travel_Rarely,1115,Research & Development,1,4,Life Sciences,1,Male,51,2,2,Manufacturing Director,3,Divorced,5993.0,5k-10k,2689,1,No,18,3,3,1,7,2,4,7,5,0,7.0,5993,0,36-45,6-10 Yrs,1,Mid-Level Professionals,-0.0558,0.5158
37,No,Travel_Rarely,397,Research & Development,7,4,Medical,1,Male,30,3,3,Research Director,3,Single,13664.0,10k-15k,25258,4,No,13,3,1,0,16,3,4,5,2,0,2.0,13664,0,36-45,3-5 Yrs,1,Mid-Level Professionals,1.1092,-1.3007
37,Yes,Travel_Rarely,807,Human Resources,6,4,Human Resources,3,Male,63,3,1,Human Resources,1,Divorced,2073.0,Upto 5k,23648,4,Yes,22,4,4,0,7,3,3,3,2,0,2.0,2073,1,36-45,3-5 Yrs,0,Junior Core,-1.5827,-0.2456
37,No,Non-Travel,1040,Research & Development,2,2,Life Sciences,3,Male,100,2,2,Healthcare Representative,4,Divorced,5163.0,5k-10k,15850,5,No,14,3,4,1,17,2,4,1,0,0,0.0,5163,0,36-45,0-2 Yrs,0,Junior Core,-0.5615,-1.4227
37,No,Travel_Rarely,1189,Sales,3,3,Life Sciences,3,Male,87,3,3,Sales Executive,4,Single,7428.0,5k-10k,14506,2,No,12,3,1,0,12,3,3,5,3,1,3.0,7428,0,36-45,3-5 Yrs,1,Mid-Level Professionals,0.3138,-0.7533
37,No,Travel_Rarely,290,Research & Development,21,3,Life Sciences,2,Male,65,4,1,Research Scientist,1,Married,3564.0,Upto 5k,22977,1,Yes,12,3,1,1,8,3,2,8,7,1,7.0,3564,0,36-45,6-10 Yrs,1,Mid-Level Professionals,-0.5868,1.2909
37,No,Travel_Frequently,663,Research & Development,11,3,Other,2,Male,47,3,3,Research Director,4,Divorced,12185.0,10k-15k,10056,1,Yes,14,3,3,3,10,1,3,10,8,0,7.0,12185,0,36-45,6-10 Yrs,1,Mid-Level Professionals,1.3729,0.3278
37,No,Travel_Frequently,319,Sales,4,4,Marketing,1,Male,41,3,1,Sales Representative,4,Divorced,2793.0,Upto 5k,2539,4,No,17,3,3,1,13,2,3,9,8,5,8.0,2793,0,36-45,6-10 Yrs,1,Mid-Level Professionals,-0.2166,1.2125
37,No,Travel_Rarely,1017,Research & Development,1,2,Medical,3,Female,83,2,1,Research Scientist,1,Married,3920.0,Upto 5k,18697,2,No,14,3,1,1,17,2,2,3,1,0,3.0,3920,0,36-45,3-5 Yrs,0,Junior Core,-0.7009,-0.4246
37,Yes,Travel_Frequently,504,Research & Development,10,3,Medical,1,Male,61,3,3,Manufacturing Director,3,Divorced,10048.0,10k-15k,22573,6,No,11,3,2,2,17,5,3,1,0,0,3.0,10048,1,36-45,0-2 Yrs,1,Mid-Level Professionals,0.631,-1.1902
37,No,Travel_Rarely,228,Sales,6,4,Medical,3,Male,98,3,2,Sales Executive,4,Married,6502.0,5k-10k,22825,4,No,14,3,2,1,7,5,4,5,4,0,1.0,6502,0,36-45,3-5 Yrs,0,Junior Core,-0.6756,-0.7355
37,No,Non-Travel,728,Research & Development,1,4,Medical,1,Female,80,3,3,Research Director,4,Divorced,13603.0,10k-15k,11677,2,Yes,18,3,1,2,15,2,3,5,2,0,2.0,13603,0,36-45,3-5 Yrs,1,Mid-Level Professionals,1.0405,-1.3891
37,No,Travel_Rarely,1372,Research & Development,1,3,Life Sciences,4,Female,42,3,1,Research Scientist,4,Single,2115.0,Upto 5k,15881,1,No,12,3,2,0,17,3,3,17,12,5,7.0,2115,0,36-45,11-20 Yrs,1,Mid-Level Professionals,0.3762,1.5899
37,No,Travel_Frequently,889,Research & Development,9,3,Medical,2,Male,53,3,1,Research Scientist,4,Married,2326.0,Upto 5k,11411,1,Yes,12,3,3,3,4,3,2,4,2,1,2.0,2326,0,36-45,3-5 Yrs,0,Junior Core,-1.6718,-0.0719
37,No,Travel_Rarely,1192,Research & Development,5,2,Medical,4,Male,61,3,2,Manufacturing Director,4,Divorced,6347.0,5k-10k,23177,7,No,16,3,3,2,8,2,2,6,2,0,4.0,6347,0,36-45,6-10 Yrs,1,Mid-Level Professionals,-0.2947,-0.1056
37,No,Travel_Rarely,1319,Research & Development,6,3,Medical,3,Male,51,4,2,Research Scientist,1,Divorced,5974.0,5k-10k,17001,4,Yes,13,3,1,2,13,2,3,7,7,6,7.0,5974,0,36-45,6-10 Yrs,1,Mid-Level Professionals,0.3053,0.5041
37,No,Travel_Rarely,921,Research & Development,10,3,Medical,3,Female,98,3,1,Laboratory Technician,1,Married,3452.0,Upto 5k,17663,6,No,20,4,2,1,17,3,3,5,4,0,3.0,3452,0,36-45,3-5 Yrs,0,Junior Core,-0.6173,-0.0703
37,No,Travel_Rarely,1107,Research & Development,14,3,Life Sciences,4,Female,95,3,1,Laboratory Technician,1,Divorced,3034.0,Upto 5k,26914,1,No,12,3,3,1,18,2,2,18,7,12,17.0,3034,0,36-45,11-20 Yrs,1,Mid-Level Professionals,1.51,3.754
37,No,Travel_Rarely,1305,Research & Development,10,4,Life Sciences,3,Male,49,3,2,Manufacturing Director,2,Single,4197.0,Upto 5k,21123,2,Yes,12,3,4,0,18,2,2,1,0,0,1.0,4197,0,36-45,0-2 Yrs,0,Junior Core,-0.5071,-1.047
37,No,Non-Travel,1063,Research & Development,25,5,Medical,2,Female,72,3,2,Research Scientist,3,Married,4449.0,Upto 5k,23866,3,Yes,15,3,1,2,15,2,3,13,11,10,7.0,4449,0,36-45,11-20 Yrs,1,Mid-Level Professionals,0.6608,1.3937
37,No,Travel_Rarely,799,Research & Development,1,3,Technical Degree,2,Female,59,3,3,Manufacturing Director,4,Single,7491.0,5k-10k,23848,4,No,17,3,4,0,12,3,4,6,5,1,2.0,7491,0,36-45,6-10 Yrs,1,Mid-Level Professionals,0.2929,-0.9032
37,No,Non-Travel,142,Sales,9,4,Medical,1,Male,69,3,3,Sales Executive,2,Divorced,8834.0,5k-10k,24666,1,No,13,3,4,1,9,6,3,9,5,7,7.0,8834,0,36-45,6-10 Yrs,1,Mid-Level Professionals,0.9016,0.4201
37,No,Travel_Rarely,446,Research & Development,1,4,Life Sciences,2,Female,65,3,2,Manufacturing Director,2,Married,6447.0,5k-10k,15701,6,No,12,3,2,1,8,2,2,6,5,4,3.0,6447,0,36-45,6-10 Yrs,0,Junior Core,-0.3768,-0.3758
37,No,Travel_Rarely,558,Sales,2,3,Marketing,4,Male,75,3,2,Sales Executive,3,Married,9602.0,5k-10k,3010,4,Yes,11,3,3,1,17,3,2,3,0,1,0.0,9602,0,36-45,3-5 Yrs,0,Junior Core,0.0255,-1.5151
37,No,Travel_Rarely,482,Research & Development,3,3,Other,3,Male,36,3,3,Manufacturing Director,3,Married,9434.0,5k-10k,9606,1,No,15,3,3,1,10,2,3,10,7,7,8.0,9434,0,36-45,6-10 Yrs,1,Mid-Level Professionals,1.1767,0.5323
37,No,Travel_Rarely,1225,Research & Development,10,2,Life Sciences,4,Male,80,4,1,Research Scientist,4,Single,4680.0,Upto 5k,15232,3,No,17,3,1,0,4,2,3,1,0,0,0.0,4680,0,36-45,0-2 Yrs,0,Junior Core,-1.803,-0.8177
37,No,Travel_Rarely,571,Research & Development,10,1,Life Sciences,4,Female,82,3,1,Research Scientist,1,Divorced,2782.0,Upto 5k,19905,0,Yes,13,3,2,2,6,3,2,5,3,4,3.0,2782,0,36-45,3-5 Yrs,0,Junior Core,-1.3487,0.1587
37,No,Travel_Rarely,342,Sales,16,4,Marketing,4,Male,66,2,2,Sales Executive,3,Divorced,6334.0,5k-10k,24558,4,No,19,3,4,2,9,2,3,1,0,0,0.0,6334,0,36-45,0-2 Yrs,0,Junior Core,-0.9169,-1.0968
37,No,Travel_Frequently,1231,Sales,21,2,Medical,3,Female,54,3,1,Sales Representative,4,Married,2973.0,Upto 5k,21222,5,No,15,3,2,1,10,3,3,5,4,0,0.0,2973,0,36-45,3-5 Yrs,0,Junior Core,-1.357,-0.296
37,No,Non-Travel,1252,Sales,19,2,Medical,1,Male,32,3,3,Sales Executive,2,Single,7642.0,5k-10k,4814,1,Yes,13,3,4,0,10,2,3,10,0,0,9.0,7642,0,36-45,6-10 Yrs,1,Mid-Level Professionals,1.0886,1.1185
37,Yes,Travel_Rarely,625,Sales,1,4,Life Sciences,1,Male,46,2,3,Sales Executive,3,Married,10609.0,10k-15k,14922,5,No,11,3,3,0,17,2,1,14,1,11,7.0,10609,1,36-45,11-20 Yrs,1,Mid-Level Professionals,1.8848,0.4423
37,Yes,Travel_Rarely,1141,Research & Development,11,2,Medical,1,Female,61,1,2,Healthcare Representative,2,Married,4777.0,Upto 5k,14382,5,No,15,3,1,0,15,2,1,1,0,0,0.0,4777,1,36-45,0-2 Yrs,0,Junior Core,-0.7184,-1.2019
37,No,Travel_Rarely,124,Research & Development,3,3,Other,4,Female,35,3,2,Healthcare Representative,2,Single,4107.0,Upto 5k,13848,3,No,15,3,1,0,8,3,2,4,3,0,1.0,4107,0,36-45,3-5 Yrs,0,Junior Core,-0.9282,-0.7511
37,No,Travel_Rarely,309,Sales,10,4,Life Sciences,4,Female,88,2,2,Sales Executive,4,Divorced,6694.0,5k-10k,24223,2,Yes,14,3,3,3,8,5,3,1,0,0,0.0,6694,0,36-45,0-2 Yrs,0,Junior Core,-0.9421,-1.2095
37,No,Travel_Rarely,367,Research & Development,25,2,Medical,3,Female,52,2,2,Healthcare Representative,4,Divorced,5731.0,5k-10k,17171,7,No,13,3,3,2,9,2,3,6,2,1,3.0,5731,0,36-45,6-10 Yrs,1,Mid-Level Professionals,-0.3816,0.0853
37,No,Travel_Rarely,977,Research & Development,1,3,Life Sciences,4,Female,56,2,2,Manufacturing Director,4,Married,6474.0,5k-10k,9961,1,No,13,3,2,1,14,2,2,14,8,3,11.0,6474,0,36-45,11-20 Yrs,1,Mid-Level Professionals,1.2289,1.7053
37,No,Travel_Rarely,1439,Research & Development,4,1,Life Sciences,3,Male,54,3,1,Research Scientist,3,Married,2996.0,Upto 5k,5182,7,Yes,15,3,4,0,8,2,3,6,4,1,3.0,2996,0,36-45,6-10 Yrs,0,Junior Core,-1.1442,0.0842
37,No,Travel_Rarely,1462,Research & Development,11,3,Medical,1,Female,94,3,1,Laboratory Technician,3,Single,3629.0,Upto 5k,19106,4,No,18,3,1,0,8,6,3,3,2,0,2.0,3629,0,36-45,3-5 Yrs,0,Junior Core,-1.3599,-0.2615
37,No,Non-Travel,1413,Research & Development,5,2,Technical Degree,3,Male,84,4,1,Laboratory Technician,3,Single,3500.0,Upto 5k,25470,0,No,14,3,1,0,7,2,1,6,5,1,3.0,3500,0,36-45,6-10 Yrs,0,Junior Core,-1.1519,0.0907
37,No,Travel_Rarely,674,Research & Development,13,3,Medical,1,Male,47,3,2,Research Scientist,4,Married,4285.0,Upto 5k,3031,1,No,17,3,1,0,10,2,3,10,8,3,7.0,4285,0,36-45,6-10 Yrs,1,Mid-Level Professionals,0.1456,1.026
37,No,Travel_Rarely,671,Research & Development,19,3,Life Sciences,3,Male,85,3,2,Manufacturing Director,3,Married,5768.0,5k-10k,26493,3,No,17,3,1,3,9,2,2,4,3,0,2.0,5768,0,36-45,3-5 Yrs,0,Junior Core,-0.5995,-0.3812
37,No,Travel_Rarely,1470,Research & Development,10,3,Medical,2,Female,71,3,1,Research Scientist,2,Married,3936.0,Upto 5k,9953,1,No,11,3,1,1,8,2,1,8,4,7,7.0,3936,0,36-45,6-10 Yrs,1,Mid-Level Professionals,-0.5525,1.0691
37,No,Travel_Frequently,1278,Sales,1,4,Medical,3,Male,31,1,2,Sales Executive,4,Divorced,9525.0,5k-10k,7677,1,No,14,3,3,2,6,2,2,6,3,1,3.0,9525,0,36-45,6-10 Yrs,0,Junior Core,-0.1793,-0.5186
37,No,Travel_Rarely,589,Sales,9,2,Marketing,2,Male,46,2,2,Sales Executive,2,Married,4189.0,Upto 5k,8800,1,No,14,3,1,2,5,2,3,5,2,0,3.0,4189,0,36-45,3-5 Yrs,0,Junior Core,-0.8519,-0.1297
37,No,Travel_Rarely,1239,Human Resources,8,2,Other,3,Male,89,3,2,Human Resources,2,Divorced,4071.0,Upto 5k,12832,2,No,13,3,3,0,19,4,2,10,0,4,7.0,4071,0,36-45,6-10 Yrs,1,Mid-Level Professionals,0.6634,0.7915
37,Yes,Travel_Rarely,370,Research & Development,10,4,Medical,4,Male,58,3,2,Manufacturing Director,1,Single,4213.0,Upto 5k,4992,1,No,15,3,2,0,10,4,1,10,3,0,8.0,4213,1,36-45,6-10 Yrs,1,Mid-Level Professionals,0.228,1.1671
37,No,Travel_Rarely,783,Research & Development,7,4,Medical,4,Male,78,3,2,Research Scientist,1,Married,4284.0,Upto 5k,13588,5,Yes,22,4,3,1,16,2,3,5,3,0,4.0,4284,0,36-45,3-5 Yrs,1,Mid-Level Professionals,-0.0897,-0.1704
37,No,Travel_Rarely,161,Research & Development,10,3,Life Sciences,3,Female,42,4,3,Research Director,4,Married,13744.0,10k-15k,15471,1,Yes,25,4,1,1,16,2,3,16,11,6,8.0,13744,0,36-45,11-20 Yrs,2,Senior Leadership,2.3712,0.7978
38,No,Travel_Frequently,216,Research & Development,23,3,Life Sciences,4,Male,44,2,3,Manufacturing Director,3,Single,9526.0,5k-10k,8787,0,No,21,4,2,0,10,2,3,9,7,1,3.0,9526,0,36-45,6-10 Yrs,1,Mid-Level Professionals,0.7119,-0.1904
38,No,Travel_Rarely,371,Research & Development,2,3,Life Sciences,4,Male,45,3,1,Research Scientist,4,Single,3944.0,Upto 5k,4306,5,Yes,11,3,3,0,6,3,3,3,2,1,2.0,3944,0,36-45,3-5 Yrs,0,Junior Core,-1.4139,-0.4509
38,No,Travel_Frequently,653,Research & Development,29,5,Life Sciences,4,Female,50,3,2,Laboratory Technician,4,Single,2406.0,Upto 5k,5456,1,No,11,3,4,0,10,2,3,10,3,9,9.0,2406,0,36-45,6-10 Yrs,1,Mid-Level Professionals,0.1767,1.7669
38,No,Non-Travel,573,Research & Development,6,3,Medical,2,Female,79,1,2,Research Scientist,4,Divorced,5329.0,5k-10k,15717,7,Yes,12,3,4,3,17,3,3,13,11,1,9.0,5329,0,36-45,11-20 Yrs,1,Mid-Level Professionals,1.0842,1.3036
38,No,Travel_Rarely,364,Research & Development,3,5,Technical Degree,4,Female,32,3,2,Research Scientist,3,Single,4317.0,Upto 5k,2302,3,Yes,20,4,2,0,19,2,3,3,2,2,3.0,4317,0,36-45,3-5 Yrs,1,Mid-Level Professionals,-0.0894,-0.694
38,No,Travel_Rarely,702,Sales,1,4,Life Sciences,1,Female,59,2,2,Sales Executive,4,Single,8686.0,5k-10k,12930,4,No,22,4,3,0,12,2,4,8,3,0,7.0,8686,0,36-45,6-10 Yrs,1,Mid-Level Professionals,0.6249,0.3138
38,No,Travel_Rarely,1380,Research & Development,9,2,Life Sciences,3,Female,75,3,1,Laboratory Technician,4,Single,2288.0,Upto 5k,6319,1,No,12,3,3,0,2,3,3,2,2,2,1.0,2288,0,36-45,0-2 Yrs,0,Junior Core,-1.9783,-0.4321
38,No,Travel_Rarely,1261,Research & Development,2,4,Life Sciences,4,Male,88,3,2,Manufacturing Director,3,Married,6553.0,5k-10k,7259,9,No,14,3,2,0,14,3,3,1,0,0,0.0,6553,0,36-45,0-2 Yrs,0,Junior Core,-0.5612,-1.4928
38,No,Travel_Rarely,1084,Research & Development,29,3,Technical Degree,4,Male,54,3,2,Manufacturing Director,4,Married,6261.0,5k-10k,4185,3,No,18,3,1,1,9,3,1,7,7,1,7.0,6261,0,36-45,6-10 Yrs,1,Mid-Level Professionals,0.14,0.9337
38,Yes,Travel_Rarely,1180,Research & Development,29,1,Medical,2,Male,70,3,2,Healthcare Representative,1,Married,6673.0,5k-10k,11354,7,Yes,19,3,2,0,17,2,3,1,0,0,0.0,6673,1,36-45,0-2 Yrs,0,Junior Core,-0.3582,-1.0599
38,No,Travel_Rarely,119,Sales,3,3,Life Sciences,1,Male,76,3,3,Sales Executive,3,Divorced,10609.0,10k-15k,9647,0,No,12,3,3,2,17,6,2,16,10,5,13.0,10609,0,36-45,11-20 Yrs,1,Mid-Level Professionals,2.5971,1.7497
38,No,Non-Travel,1327,Sales,2,2,Life Sciences,4,Male,39,2,2,Sales Executive,4,Married,5249.0,5k-10k,19682,3,No,18,3,4,1,13,0,3,8,7,7,5.0,5249,0,36-45,6-10 Yrs,1,Mid-Level Professionals,0.1485,0.1296
38,No,Travel_Rarely,322,Sales,7,2,Medical,1,Female,44,4,2,Sales Executive,1,Divorced,5605.0,5k-10k,19191,1,Yes,24,4,3,1,8,3,3,8,0,7,7.0,5605,0,36-45,6-10 Yrs,1,Mid-Level Professionals,0.0681,0.6699
38,No,Travel_Rarely,688,Research & Development,23,4,Life Sciences,4,Male,82,3,2,Healthcare Representative,4,Divorced,5745.0,5k-10k,18899,9,No,14,3,2,1,10,2,3,2,2,1,2.0,5745,0,36-45,0-2 Yrs,0,Junior Core,-0.6315,-0.5297
38,No,Travel_Rarely,849,Research & Development,25,2,Life Sciences,1,Female,81,2,3,Research Director,2,Married,12061.0,10k-15k,26707,3,No,17,3,3,1,19,2,3,10,8,0,1.0,12061,0,36-45,6-10 Yrs,1,Mid-Level Professionals,1.3985,-0.7573
38,No,Travel_Rarely,343,Research & Development,15,2,Life Sciences,3,Male,92,2,3,Research Director,4,Divorced,11510.0,10k-15k,15682,0,Yes,14,3,2,1,12,3,3,11,10,2,9.0,11510,0,36-45,11-20 Yrs,1,Mid-Level Professionals,1.7085,0.8279
38,No,Travel_Frequently,1490,Research & Development,2,2,Life Sciences,4,Male,42,3,1,Laboratory Technician,4,Married,1702.0,Upto 5k,12106,1,Yes,23,4,3,1,1,3,3,1,0,0,0.0,1702,0,36-45,0-2 Yrs,0,Junior Core,-2.2568,-0.7818
38,No,Travel_Rarely,1495,Research & Development,10,3,Medical,3,Female,76,3,2,Healthcare Representative,3,Married,9824.0,5k-10k,22174,3,No,19,3,3,1,18,4,3,1,0,0,0.0,9824,0,36-45,0-2 Yrs,0,Junior Core,0.0204,-1.6049
38,No,Travel_Rarely,362,Research & Development,1,1,Life Sciences,3,Female,43,3,1,Research Scientist,1,Single,2619.0,Upto 5k,14561,3,No,17,3,4,0,8,3,2,0,0,0,0.0,2619,0,36-45,0-2 Yrs,0,Junior Core,-1.8054,-1.0557
38,No,Travel_Rarely,243,Sales,7,4,Marketing,4,Female,46,2,2,Sales Executive,4,Single,4028.0,Upto 5k,7791,0,No,20,4,1,0,8,2,3,7,7,0,5.0,4028,0,36-45,6-10 Yrs,1,Mid-Level Professionals,-0.341,0.2959
38,No,Travel_Rarely,827,Research & Development,1,4,Life Sciences,2,Female,33,4,2,Healthcare Representative,4,Single,7625.0,5k-10k,19383,0,No,13,3,3,0,10,4,2,9,7,1,8.0,7625,0,36-45,6-10 Yrs,1,Mid-Level Professionals,0.5501,0.6829
38,No,Travel_Rarely,168,Research & Development,1,3,Life Sciences,3,Female,81,3,3,Manufacturing Director,3,Single,7861.0,5k-10k,15397,4,Yes,14,3,4,0,10,4,4,1,0,0,0.0,7861,0,36-45,0-2 Yrs,0,Junior Core,-0.2552,-1.7236
38,No,Travel_Rarely,268,Research & Development,2,5,Medical,4,Male,92,3,1,Research Scientist,3,Married,3057.0,Upto 5k,20471,6,Yes,13,3,2,1,6,0,1,1,0,0,1.0,3057,0,36-45,0-2 Yrs,0,Junior Core,-1.7249,-0.7548
38,No,Travel_Frequently,240,Research & Development,2,4,Life Sciences,1,Female,75,4,2,Manufacturing Director,1,Single,5980.0,5k-10k,26085,6,Yes,12,3,4,0,17,2,3,15,7,4,12.0,5980,0,36-45,11-20 Yrs,1,Mid-Level Professionals,1.5514,1.9314
38,No,Travel_Frequently,471,Research & Development,12,3,Life Sciences,1,Male,45,2,2,Healthcare Representative,1,Divorced,6288.0,5k-10k,4284,2,No,15,3,3,1,13,3,2,4,3,1,2.0,6288,0,36-45,3-5 Yrs,0,Junior Core,-0.2704,-0.6498
38,No,Travel_Rarely,395,Sales,9,3,Marketing,2,Male,98,2,1,Sales Representative,2,Married,2899.0,Upto 5k,12102,0,No,19,3,4,1,3,3,3,2,2,1,2.0,2899,0,36-45,0-2 Yrs,0,Junior Core,-1.764,-0.293
38,No,Travel_Rarely,1333,Research & Development,1,3,Technical Degree,4,Female,80,3,3,Research Director,1,Married,13582.0,10k-15k,16292,1,No,13,3,2,1,15,3,3,15,12,5,11.0,13582,0,36-45,11-20 Yrs,2,Senior Leadership,2.5368,1.1116
38,No,Non-Travel,152,Sales,10,3,Technical Degree,3,Female,85,3,2,Sales Executive,4,Single,5666.0,5k-10k,19899,1,Yes,13,3,2,0,6,1,3,5,3,1,3.0,5666,0,36-45,3-5 Yrs,0,Junior Core,-0.6015,-0.2559
38,No,Travel_Frequently,1391,Research & Development,10,1,Medical,3,Male,66,3,1,Research Scientist,3,Married,2684.0,Upto 5k,12127,0,No,17,3,2,1,3,0,2,2,1,0,2.0,2684,0,36-45,0-2 Yrs,0,Junior Core,-1.7859,-0.2624
38,No,Travel_Rarely,1035,Sales,3,4,Life Sciences,2,Male,42,3,2,Sales Executive,4,Single,6861.0,5k-10k,4981,8,Yes,12,3,3,0,19,1,3,1,0,0,0.0,6861,0,36-45,0-2 Yrs,0,Junior Core,-0.2281,-1.5789
38,No,Travel_Frequently,1186,Research & Development,3,4,Other,3,Male,44,3,1,Research Scientist,3,Married,2821.0,Upto 5k,2997,3,No,16,3,1,1,8,2,3,2,2,2,2.0,2821,0,36-45,0-2 Yrs,0,Junior Core,-1.4733,-0.4843
38,No,Travel_Rarely,330,Research & Development,17,1,Life Sciences,3,Female,65,2,3,Healthcare Representative,3,Married,8823.0,5k-10k,24608,0,No,18,3,1,1,20,4,2,19,9,1,9.0,8823,0,36-45,11-20 Yrs,1,Mid-Level Professionals,2.4274,1.5345
38,No,Travel_Rarely,770,Sales,10,4,Marketing,3,Male,73,2,3,Sales Executive,3,Divorced,8740.0,5k-10k,5569,0,Yes,14,3,2,2,9,2,3,8,7,2,7.0,8740,0,36-45,6-10 Yrs,1,Mid-Level Professionals,0.8653,0.3201
38,No,Travel_Rarely,130,Sales,2,2,Marketing,4,Male,32,3,3,Sales Executive,2,Single,7351.0,5k-10k,20619,7,No,16,3,3,0,10,2,3,1,0,0,0.0,7351,0,36-45,0-2 Yrs,0,Junior Core,-0.3075,-1.676
38,No,Travel_Rarely,433,Human Resources,1,3,Human Resources,3,Male,37,4,1,Human Resources,3,Married,2844.0,Upto 5k,6004,1,No,13,3,4,1,7,2,4,7,6,5,0.0,2844,0,36-45,6-10 Yrs,0,Junior Core,-1.3925,-0.4793
38,No,Travel_Rarely,1009,Sales,2,2,Life Sciences,2,Female,31,3,2,Sales Executive,1,Divorced,6893.0,5k-10k,19461,3,No,15,3,4,1,11,3,3,7,7,1,7.0,6893,0,36-45,6-10 Yrs,1,Mid-Level Professionals,0.3156,0.3709
38,No,Travel_Frequently,693,Research & Development,7,3,Life Sciences,4,Male,57,4,1,Research Scientist,3,Divorced,2610.0,Upto 5k,15748,1,No,11,3,4,3,4,2,3,4,2,0,3.0,2610,0,36-45,3-5 Yrs,0,Junior Core,-1.5149,0.0249
38,No,Travel_Frequently,888,Human Resources,10,4,Human Resources,3,Male,71,3,2,Human Resources,3,Married,6077.0,5k-10k,14814,3,No,11,3,3,0,10,2,3,6,3,1,2.0,6077,0,36-45,6-10 Yrs,0,Junior Core,-0.345,-0.4587
38,Yes,Travel_Rarely,903,Research & Development,2,3,Medical,3,Male,81,3,2,Manufacturing Director,2,Married,4855.0,Upto 5k,7653,4,No,11,3,1,2,7,2,3,5,2,1,4.0,4855,1,36-45,3-5 Yrs,0,Junior Core,-0.5371,-0.1806
38,No,Travel_Rarely,1245,Sales,14,3,Life Sciences,3,Male,80,3,2,Sales Executive,2,Married,9924.0,5k-10k,12355,0,No,11,3,4,1,10,3,3,9,8,7,7.0,9924,0,36-45,6-10 Yrs,1,Mid-Level Professionals,0.7014,0.5955
38,No,Travel_Rarely,437,Sales,16,3,Life Sciences,2,Female,90,3,2,Sales Executive,2,Single,4198.0,Upto 5k,16379,2,No,12,3,2,0,8,5,4,3,2,1,2.0,4198,0,36-45,3-5 Yrs,0,Junior Core,-0.85,-0.4517
38,No,Travel_Rarely,397,Research & Development,2,2,Medical,4,Female,54,2,3,Manufacturing Director,3,Married,7756.0,5k-10k,14199,3,Yes,19,3,4,1,10,6,4,5,4,0,2.0,7756,0,36-45,3-5 Yrs,1,Mid-Level Professionals,0.1733,-0.9893
38,No,Travel_Frequently,1189,Research & Development,1,3,Life Sciences,4,Male,90,3,2,Research Scientist,4,Married,4735.0,Upto 5k,9867,7,No,15,3,4,2,19,4,4,13,11,2,9.0,4735,0,36-45,11-20 Yrs,1,Mid-Level Professionals,1.1414,1.2122
38,No,Travel_Frequently,148,Research & Development,2,3,Medical,4,Female,42,2,1,Laboratory Technician,2,Single,2440.0,Upto 5k,23826,1,No,22,4,2,0,4,3,3,4,3,3,3.0,2440,0,36-45,3-5 Yrs,0,Junior Core,-1.5344,-0.0563
38,No,Travel_Rarely,1495,Research & Development,4,2,Medical,4,Female,87,3,1,Laboratory Technician,3,Married,3306.0,Upto 5k,26176,7,No,19,3,4,1,7,5,2,0,0,0,0.0,3306,0,36-45,0-2 Yrs,0,Junior Core,-1.7935,-1.0234
38,No,Travel_Frequently,594,Research & Development,2,2,Medical,3,Female,75,2,1,Laboratory Technician,2,Married,2468.0,Upto 5k,15963,4,No,14,3,2,1,9,4,2,6,1,0,5.0,2468,0,36-45,6-10 Yrs,0,Junior Core,-0.9201,0.4022
38,No,Travel_Rarely,833,Research & Development,18,3,Medical,2,Male,60,1,2,Healthcare Representative,4,Married,5811.0,5k-10k,24539,3,Yes,16,3,3,1,15,2,3,1,0,1,0.0,5811,0,36-45,0-2 Yrs,0,Junior Core,-0.5717,-1.176
38,No,Travel_Rarely,1153,Research & Development,6,2,Other,4,Female,40,2,1,Laboratory Technician,3,Married,3702.0,Upto 5k,16376,1,No,11,3,2,1,5,3,3,5,4,0,4.0,3702,0,36-45,3-5 Yrs,0,Junior Core,-1.1871,0.1998
38,No,Non-Travel,1336,Human Resources,2,3,Human Resources,1,Male,100,3,1,Human Resources,2,Divorced,2592.0,Upto 5k,7129,5,No,13,3,4,3,13,3,3,11,10,3,8.0,2592,0,36-45,11-20 Yrs,1,Mid-Level Professionals,-0.0723,1.3092
38,No,Travel_Rarely,723,Sales,2,4,Marketing,2,Female,77,1,2,Sales Representative,4,Married,5405.0,5k-10k,4244,2,Yes,20,4,1,2,20,4,2,4,2,0,3.0,5405,0,36-45,3-5 Yrs,1,Mid-Level Professionals,0.147,-0.7105
38,No,Travel_Frequently,1394,Research & Development,8,3,Medical,4,Female,58,2,2,Research Scientist,2,Divorced,2133.0,Upto 5k,18115,1,Yes,16,3,3,1,20,3,3,20,11,0,7.0,2133,0,36-45,11-20 Yrs,1,Mid-Level Professionals,1.2033,1.6612
38,No,Travel_Rarely,1206,Research & Development,9,2,Life Sciences,2,Male,71,3,1,Research Scientist,4,Divorced,4771.0,Upto 5k,14293,2,No,19,3,4,2,10,0,4,5,2,0,3.0,4771,0,36-45,3-5 Yrs,0,Junior Core,-0.8656,-0.0853
38,No,Travel_Rarely,1404,Sales,1,3,Life Sciences,1,Male,59,2,1,Sales Representative,1,Single,2858.0,Upto 5k,11473,4,No,14,3,1,0,20,3,2,1,0,0,0.0,2858,0,36-45,0-2 Yrs,0,Junior Core,-0.9941,-1.1954
38,No,Travel_Frequently,1444,Human Resources,1,4,Other,4,Male,88,3,1,Human Resources,2,Married,2991.0,Upto 5k,5224,0,Yes,11,3,2,1,7,2,3,6,2,1,2.0,2991,0,36-45,6-10 Yrs,0,Junior Core,-1.2597,-0.1863
38,No,Travel_Rarely,1321,Sales,1,4,Life Sciences,4,Male,86,3,2,Sales Executive,2,Married,4440.0,Upto 5k,7636,0,No,15,3,1,2,16,3,3,15,13,5,8.0,4440,0,36-45,11-20 Yrs,1,Mid-Level Professionals,0.9679,1.253
38,No,Travel_Frequently,508,Research & Development,6,4,Life Sciences,1,Male,72,2,2,Manufacturing Director,3,Married,5321.0,5k-10k,14284,2,No,11,3,4,1,10,1,3,8,3,7,7.0,5321,0,36-45,6-10 Yrs,1,Mid-Level Professionals,0.1588,0.6334
38,No,Travel_Rarely,201,Research & Development,10,3,Medical,2,Female,99,1,3,Research Director,3,Married,13206.0,10k-15k,3376,3,No,12,3,1,1,20,3,3,18,16,1,11.0,13206,0,36-45,11-20 Yrs,2,Senior Leadership,2.9951,1.4558
38,No,TravelRarely,345,Sales,10,2,Life Sciences,1,Female,100,3,2,Sales Executive,4,Married,5343.0,5k-10k,5982,1,No,11,3,3,1,10,1,3,10,7,1,9.0,5343,0,36-45,6-10 Yrs,1,Mid-Level Professionals,0.473,1.2516
39,Yes,Travel_Rarely,895,Sales,5,3,Technical Degree,4,Male,56,3,2,Sales Representative,4,Married,2086.0,Upto 5k,3335,3,No,14,3,3,1,19,6,4,1,0,0,0.0,2086,1,36-45,0-2 Yrs,0,Junior Core,-0.6832,-1.3092
39,No,Travel_Rarely,1329,Sales,4,4,Life Sciences,4,Female,47,2,2,Sales Executive,3,Married,5902.0,5k-10k,14590,4,No,14,3,3,1,17,1,4,15,11,5,9.0,5902,0,36-45,11-20 Yrs,1,Mid-Level Professionals,1.3084,1.3556
39,No,Travel_Rarely,1431,Research & Development,1,4,Medical,3,Female,96,3,1,Laboratory Technician,3,Divorced,2232.0,Upto 5k,15417,7,No,14,3,3,3,7,1,3,3,2,1,2.0,2232,0,36-45,3-5 Yrs,0,Junior Core,-1.4936,-0.4297
39,No,Travel_Frequently,505,Research & Development,2,4,Technical Degree,3,Female,64,3,3,Healthcare Representative,3,Single,10938.0,10k-15k,6420,0,No,25,4,4,0,20,1,3,19,6,11,3.0,10938,0,36-45,11-20 Yrs,2,Senior Leadership,2.1317,-0.0521
39,No,Travel_Rarely,1132,Research & Development,1,3,Medical,3,Male,48,4,3,Healthcare Representative,4,Divorced,9613.0,5k-10k,10942,0,No,17,3,1,3,19,5,2,18,10,3,7.0,9613,0,36-45,11-20 Yrs,1,Mid-Level Professionals,2.2339,0.708
39,No,Travel_Rarely,117,Research & Development,10,1,Medical,3,Male,99,3,4,Manager,1,Married,16583.5,15k+,5355,1,Yes,14,3,4,0,21,3,3,21,9,11,10.0,17068,0,36-45,20+ Yrs,2,Senior Leadership,3.9553,1.049
39,No,Travel_Frequently,672,Research & Development,7,2,Medical,3,Male,54,2,5,Manager,4,Married,16583.5,15k+,21141,1,No,15,3,1,1,21,2,3,21,9,13,3.0,19272,0,36-45,20+ Yrs,2,Senior Leadership,3.7295,-0.5531
39,Yes,Travel_Rarely,1162,Sales,3,2,Medical,4,Female,41,3,2,Sales Executive,3,Married,5238.0,5k-10k,17778,4,Yes,18,3,1,0,12,3,2,1,0,0,0.0,5238,1,36-45,0-2 Yrs,0,Junior Core,-0.7798,-1.4061
39,No,Travel_Frequently,1218,Research & Development,1,1,Life Sciences,2,Male,52,3,5,Manager,3,Divorced,16583.5,15k+,8213,1,Yes,14,3,3,1,21,3,3,21,8,1,6.0,19197,0,36-45,20+ Yrs,2,Senior Leadership,4.0001,-0.0877
39,No,Travel_Frequently,443,Research & Development,8,1,Life Sciences,3,Female,48,3,1,Laboratory Technician,3,Married,3755.0,Upto 5k,17872,1,No,11,3,1,1,8,3,3,8,3,0,7.0,3755,0,36-45,6-10 Yrs,1,Mid-Level Professionals,-0.4974,0.9592
39,No,Travel_Rarely,408,Research & Development,2,4,Technical Degree,4,Female,80,2,2,Healthcare Representative,3,Single,4553.0,Upto 5k,20978,1,No,11,3,1,0,20,4,3,20,7,11,10.0,4553,0,36-45,11-20 Yrs,1,Mid-Level Professionals,1.7612,1.9453
39,No,Travel_Rarely,141,Human Resources,3,3,Human Resources,3,Female,44,4,2,Human Resources,2,Married,6389.0,5k-10k,18767,9,No,15,3,3,1,12,3,1,8,3,3,6.0,6389,0,36-45,6-10 Yrs,1,Mid-Level Professionals,0.3347,0.2491
39,No,Travel_Rarely,1383,Human Resources,2,3,Life Sciences,4,Female,42,2,2,Human Resources,4,Married,5204.0,5k-10k,7790,8,No,11,3,3,2,13,2,3,5,4,0,4.0,5204,0,36-45,3-5 Yrs,1,Mid-Level Professionals,-0.1026,-0.3465
39,Yes,Travel_Rarely,1122,Research & Development,6,3,Medical,4,Male,70,3,1,Laboratory Technician,1,Married,2404.0,Upto 5k,4303,7,Yes,21,4,4,0,8,2,1,2,2,2,2.0,2404,1,36-45,0-2 Yrs,0,Junior Core,-1.478,-0.4476
39,No,Travel_Rarely,903,Sales,2,5,Life Sciences,1,Male,41,4,3,Sales Executive,3,Single,7880.0,5k-10k,2560,0,No,18,3,4,0,9,3,3,8,7,0,7.0,7880,0,36-45,6-10 Yrs,1,Mid-Level Professionals,0.8107,0.182
39,No,Travel_Rarely,466,Research & Development,1,1,Life Sciences,4,Female,65,2,4,Manufacturing Director,4,Married,12742.0,10k-15k,7060,1,No,16,3,3,1,21,3,3,21,6,11,8.0,12742,0,36-45,20+ Yrs,2,Senior Leadership,3.3733,0.7234
39,No,Travel_Frequently,945,Research & Development,22,3,Medical,4,Female,82,3,3,Manufacturing Director,1,Single,10880.0,10k-15k,5083,1,Yes,13,3,3,0,21,2,3,21,6,2,8.0,10880,0,36-45,20+ Yrs,2,Senior Leadership,2.7767,1.4196
39,Yes,Travel_Frequently,203,Research & Development,2,3,Life Sciences,1,Male,84,3,4,Healthcare Representative,4,Divorced,12169.0,10k-15k,13547,7,No,11,3,4,3,21,4,3,18,7,11,5.0,12169,1,36-45,11-20 Yrs,2,Senior Leadership,2.8488,-0.0453
39,No,Non-Travel,439,Research & Development,9,3,Life Sciences,3,Male,70,3,2,Laboratory Technician,2,Single,6782.0,5k-10k,8770,9,No,15,3,3,0,9,2,2,5,4,0,3.0,6782,0,36-45,3-5 Yrs,1,Mid-Level Professionals,-0.2688,-0.4323
39,No,Travel_Rarely,412,Research & Development,13,4,Medical,3,Female,94,2,4,Manager,2,Divorced,16583.5,15k+,17334,6,Yes,13,3,4,2,21,4,3,19,9,15,2.0,17123,0,36-45,11-20 Yrs,2,Senior Leadership,3.1002,-0.5925
39,Yes,Travel_Rarely,360,Research & Development,23,3,Medical,3,Male,93,3,1,Research Scientist,1,Single,3904.0,Upto 5k,22154,0,No,13,3,1,0,6,2,3,5,2,0,3.0,3904,1,36-45,3-5 Yrs,0,Junior Core,-1.1534,0.2469
39,No,Travel_Rarely,524,Research & Development,18,2,Life Sciences,1,Male,32,3,2,Manufacturing Director,3,Single,4534.0,Upto 5k,13352,0,No,11,3,1,0,9,6,3,8,7,1,7.0,4534,0,36-45,6-10 Yrs,1,Mid-Level Professionals,0.059,0.8727
39,No,Travel_Rarely,1498,Sales,21,4,Life Sciences,1,Male,44,2,2,Sales Executive,4,Married,6120.0,5k-10k,3567,3,Yes,12,3,4,2,8,2,4,5,4,1,4.0,6120,0,36-45,3-5 Yrs,1,Mid-Level Professionals,-0.3019,0.0333
39,No,Non-Travel,1485,Research & Development,25,2,Life Sciences,3,Male,71,3,3,Healthcare Representative,3,Married,10920.0,10k-15k,3449,3,No,21,4,2,1,13,2,3,6,4,0,5.0,10920,0,36-45,6-10 Yrs,1,Mid-Level Professionals,1.0636,-0.1902
39,Yes,Non-Travel,592,Research & Development,2,3,Life Sciences,1,Female,54,2,1,Laboratory Technician,1,Single,3646.0,Upto 5k,17181,2,Yes,23,4,2,0,11,2,4,1,0,0,0.0,3646,1,36-45,0-2 Yrs,0,Junior Core,-1.4168,-1.1088
39,No,Travel_Rarely,1089,Research & Development,6,3,Life Sciences,2,Female,32,3,3,Manufacturing Director,2,Single,8376.0,5k-10k,9150,4,No,18,3,4,0,9,3,3,2,0,2,2.0,8376,0,36-45,0-2 Yrs,1,Mid-Level Professionals,0.0231,-1.222
39,No,Travel_Rarely,1462,Sales,6,3,Medical,4,Male,38,4,3,Sales Executive,3,Married,8237.0,5k-10k,4658,2,No,11,3,1,1,11,3,3,7,6,7,6.0,8237,0,36-45,6-10 Yrs,1,Mid-Level Professionals,0.8142,-0.0737
39,No,Travel_Rarely,1387,Research & Development,10,5,Medical,2,Male,76,3,2,Manufacturing Director,1,Married,5377.0,5k-10k,3835,2,No,13,3,4,3,10,3,3,7,7,7,7.0,5377,0,36-45,6-10 Yrs,1,Mid-Level Professionals,0.1391,0.5794
39,No,Travel_Rarely,170,Research & Development,3,2,Medical,3,Male,76,2,2,Laboratory Technician,3,Divorced,3069.0,Upto 5k,10302,0,No,15,3,4,1,11,3,3,10,8,0,7.0,3069,0,36-45,6-10 Yrs,1,Mid-Level Professionals,0.1511,0.8128
39,No,Travel_Frequently,711,Research & Development,4,3,Medical,1,Female,81,3,2,Manufacturing Director,3,Single,5042.0,5k-10k,3140,0,No,13,3,4,0,10,2,1,9,2,3,8.0,5042,0,36-45,6-10 Yrs,1,Mid-Level Professionals,0.3217,0.8444
39,No,Travel_Rarely,492,Research & Development,12,3,Medical,4,Male,66,3,2,Manufacturing Director,2,Married,5295.0,5k-10k,7693,4,No,21,4,3,0,7,3,3,5,4,1,0.0,5295,0,36-45,3-5 Yrs,0,Junior Core,-0.8145,-0.8321
39,No,Non-Travel,792,Research & Development,1,3,Life Sciences,4,Male,77,3,2,Laboratory Technician,4,Married,6472.0,5k-10k,8989,1,Yes,15,3,4,1,9,2,3,9,8,5,8.0,6472,0,36-45,6-10 Yrs,1,Mid-Level Professionals,0.4081,0.7247
39,No,Travel_Rarely,1253,Research & Development,10,1,Medical,3,Male,65,3,3,Research Director,3,Single,13464.0,10k-15k,7914,7,No,21,4,3,0,9,3,3,4,3,2,2.0,13464,0,36-45,3-5 Yrs,1,Mid-Level Professionals,0.6786,-1.279
39,No,Travel_Frequently,766,Sales,20,3,Life Sciences,3,Male,83,3,2,Sales Executive,4,Divorced,4127.0,Upto 5k,19188,2,No,18,3,4,1,7,6,3,2,1,2,2.0,4127,0,36-45,0-2 Yrs,0,Junior Core,-0.943,-0.4811
39,No,Travel_Rarely,835,Research & Development,19,4,Other,4,Male,41,3,2,Research Scientist,4,Divorced,3902.0,Upto 5k,5141,8,No,14,3,2,3,7,2,3,2,2,2,2.0,3902,0,36-45,0-2 Yrs,0,Junior Core,-0.9666,-0.4863
39,No,Non-Travel,1251,Sales,21,4,Life Sciences,1,Female,32,1,2,Sales Executive,3,Married,5736.0,5k-10k,3987,6,No,19,3,3,1,10,1,3,3,2,1,2.0,5736,0,36-45,3-5 Yrs,0,Junior Core,-0.5316,-0.5258
39,No,Travel_Rarely,867,Research & Development,9,2,Medical,1,Male,87,3,2,Manufacturing Director,1,Married,5151.0,5k-10k,12315,1,No,25,4,4,1,10,3,3,10,0,7,9.0,5151,0,36-45,6-10 Yrs,1,Mid-Level Professionals,0.49,1.2025
39,No,Travel_Rarely,119,Sales,15,4,Marketing,2,Male,77,3,4,Sales Executive,1,Single,13341.0,10k-15k,25098,0,No,12,3,1,0,21,3,3,20,8,11,10.0,13341,0,36-45,11-20 Yrs,2,Senior Leadership,3.558,1.2453
39,No,Travel_Rarely,116,Research & Development,24,1,Life Sciences,1,Male,52,3,2,Research Scientist,4,Single,4108.0,Upto 5k,5340,7,No,13,3,1,0,18,2,3,7,7,1,7.0,4108,0,36-45,6-10 Yrs,1,Mid-Level Professionals,0.4948,0.769
39,No,Non-Travel,105,Research & Development,9,3,Life Sciences,4,Male,87,3,5,Manager,4,Single,16583.5,15k+,15302,2,No,13,3,3,0,21,3,2,6,0,1,3.0,19431,0,36-45,6-10 Yrs,2,Senior Leadership,2.7663,-1.7425
39,No,Travel_Rarely,722,Sales,24,1,Marketing,2,Female,60,2,4,Sales Executive,4,Married,12031.0,10k-15k,8828,0,No,11,3,1,1,21,2,2,20,9,9,6.0,12031,0,36-45,11-20 Yrs,2,Senior Leadership,3.0622,0.7183
39,No,Travel_Rarely,613,Research & Development,6,1,Medical,4,Male,42,2,3,Healthcare Representative,1,Married,9991.0,5k-10k,21457,4,No,15,3,1,1,9,5,3,7,7,1,7.0,9991,0,36-45,6-10 Yrs,1,Mid-Level Professionals,0.966,0.0514
39,No,Travel_Rarely,613,Research & Development,6,1,Medical,4,Male,42,2,3,Healthcare Representative,1,Married,9991.0,5k-10k,21457,4,No,15,3,1,1,9,5,3,7,7,1,1.0,9991,0,36-45,6-10 Yrs,1,Mid-Level Professionals,0.4202,-1.0981
40,No,Travel_Frequently,530,Research & Development,1,4,Life Sciences,3,Male,78,2,4,Healthcare Representative,2,Married,13503.0,10k-15k,14115,1,No,22,4,4,1,22,3,2,22,3,11,11.0,13503,0,36-45,20+ Yrs,2,Senior Leadership,3.8865,1.2767
40,No,Travel_Frequently,1395,Research & Development,26,3,Medical,2,Female,54,3,2,Research Scientist,2,Divorced,5605.0,5k-10k,8504,1,No,11,3,1,1,20,2,3,20,7,2,13.0,5605,0,36-45,11-20 Yrs,1,Mid-Level Professionals,2.1889,2.8545
40,No,Travel_Rarely,630,Sales,4,4,Marketing,3,Male,67,2,3,Sales Executive,4,Married,10855.0,10k-15k,8552,7,No,11,3,1,1,15,2,2,12,11,2,11.0,10855,0,36-45,11-20 Yrs,1,Mid-Level Professionals,2.1381,0.9944
40,No,Travel_Rarely,989,Research & Development,4,1,Medical,4,Female,46,3,5,Manager,3,Married,16583.5,15k+,6499,1,No,14,3,2,1,21,2,3,20,8,9,9.0,19033,0,36-45,11-20 Yrs,2,Senior Leadership,4.2471,0.4181
40,No,Travel_Rarely,905,Research & Development,19,2,Medical,3,Male,99,3,2,Laboratory Technician,4,Married,2741.0,Upto 5k,16523,8,Yes,15,3,3,1,15,2,4,7,2,3,7.0,2741,0,36-45,6-10 Yrs,1,Mid-Level Professionals,0.2084,0.7667
40,No,Non-Travel,1151,Research & Development,9,5,Life Sciences,4,Male,63,2,2,Healthcare Representative,4,Married,4876.0,Upto 5k,14242,9,No,14,3,4,1,5,5,1,3,2,0,3.0,4876,0,36-45,3-5 Yrs,0,Junior Core,-0.7977,-0.4586
40,No,Travel_Rarely,1300,Research & Development,24,2,Technical Degree,1,Male,62,3,2,Research Scientist,4,Divorced,3319.0,Upto 5k,24447,1,No,17,3,1,2,9,3,3,9,8,4,7.0,3319,0,36-45,6-10 Yrs,1,Mid-Level Professionals,0.0373,1.0918
40,No,Travel_Rarely,1416,Research & Development,2,2,Medical,1,Male,49,3,5,Research Director,3,Divorced,16583.5,15k+,5949,0,No,19,3,4,1,22,5,3,21,7,3,3.0,19436,0,36-45,20+ Yrs,2,Senior Leadership,3.8251,-0.7035
40,No,Travel_Rarely,1124,Sales,1,2,Medical,2,Male,57,1,2,Sales Executive,4,Married,7457.0,5k-10k,13273,2,Yes,22,4,3,3,6,2,2,4,3,0,2.0,7457,0,36-45,3-5 Yrs,0,Junior Core,-0.5006,-0.8803
40,No,Travel_Rarely,1171,Research & Development,10,4,Life Sciences,4,Female,46,4,1,Laboratory Technician,3,Married,2213.0,Upto 5k,22495,3,Yes,13,3,3,1,10,3,3,7,7,1,3.0,2213,0,36-45,6-10 Yrs,0,Junior Core,-0.9264,0.1599
40,Yes,Travel_Rarely,575,Sales,22,2,Marketing,3,Male,68,2,2,Sales Executive,3,Married,6380.0,5k-10k,6110,2,Yes,12,3,1,2,8,6,3,6,4,1,0.0,6380,1,36-45,6-10 Yrs,0,Junior Core,-0.537,-0.6901
40,No,Travel_Rarely,759,Sales,2,2,Marketing,4,Female,46,3,2,Sales Executive,2,Divorced,5715.0,5k-10k,22553,7,No,12,3,3,2,8,5,3,5,4,1,3.0,5715,0,36-45,3-5 Yrs,0,Junior Core,-0.4045,-0.5229
40,No,Travel_Rarely,555,Research & Development,2,3,Medical,2,Female,78,2,2,Laboratory Technician,3,Married,3448.0,Upto 5k,13436,6,No,22,4,2,1,20,3,3,1,0,0,0.0,3448,0,36-45,0-2 Yrs,0,Junior Core,-0.4462,-1.5016
40,No,Travel_Rarely,1398,Sales,2,4,Life Sciences,3,Female,79,3,5,Manager,3,Married,16583.5,15k+,13022,0,No,14,3,4,0,21,2,3,20,15,1,12.0,18041,0,36-45,11-20 Yrs,2,Senior Leadership,4.5193,0.9564
40,No,Travel_Rarely,302,Research & Development,6,3,Life Sciences,2,Female,75,3,4,Manufacturing Director,3,Single,13237.0,10k-15k,20364,7,No,15,3,3,0,22,3,3,20,6,5,13.0,13237,0,36-45,11-20 Yrs,2,Senior Leadership,3.9142,1.6029
40,No,Non-Travel,1094,Sales,28,3,Other,3,Male,58,1,3,Sales Executive,1,Divorced,10932.0,10k-15k,11373,3,No,15,3,3,1,20,2,3,1,0,0,1.0,10932,0,36-45,0-2 Yrs,1,Mid-Level Professionals,0.8394,-1.4743
40,No,Travel_Frequently,580,Sales,5,4,Life Sciences,4,Male,48,2,3,Sales Executive,1,Married,10475.0,10k-15k,23772,5,Yes,21,4,3,1,20,2,3,18,13,1,12.0,10475,0,36-45,11-20 Yrs,2,Senior Leadership,2.8767,1.6299
40,No,Travel_Rarely,804,Research & Development,2,1,Medical,4,Female,86,2,1,Research Scientist,4,Single,2342.0,Upto 5k,22929,0,Yes,20,4,4,0,5,2,2,4,2,2,3.0,2342,0,36-45,3-5 Yrs,0,Junior Core,-1.4098,-0.1519
40,No,Travel_Frequently,791,Research & Development,2,2,Medical,3,Female,38,4,2,Healthcare Representative,2,Married,4244.0,Upto 5k,9931,1,No,24,4,4,1,8,2,3,8,7,3,7.0,4244,0,36-45,6-10 Yrs,1,Mid-Level Professionals,0.0002,0.5734
40,No,Travel_Frequently,720,Research & Development,16,4,Medical,1,Male,51,2,2,Laboratory Technician,3,Single,5094.0,5k-10k,11983,6,No,14,3,4,0,10,6,3,1,0,0,0.0,5094,0,36-45,0-2 Yrs,0,Junior Core,-0.873,-1.1684
40,No,Travel_Rarely,658,Sales,10,4,Marketing,1,Male,67,2,3,Sales Executive,2,Divorced,9705.0,5k-10k,20652,2,No,12,3,2,1,11,2,2,1,0,0,0.0,9705,0,36-45,0-2 Yrs,0,Junior Core,0.0733,-1.7672
40,No,Travel_Frequently,1469,Research & Development,9,4,Medical,4,Male,35,3,1,Research Scientist,2,Divorced,3617.0,Upto 5k,25063,8,Yes,14,3,4,1,3,2,3,1,1,0,0.0,3617,0,36-45,0-2 Yrs,0,Junior Core,-1.8615,-0.8832
40,Yes,Non-Travel,1479,Sales,24,3,Life Sciences,2,Female,100,4,4,Sales Executive,2,Single,13194.0,10k-15k,17071,4,Yes,16,3,4,0,22,2,2,1,0,0,0.0,13194,1,36-45,0-2 Yrs,2,Senior Leadership,1.5131,-2.1102
40,No,Travel_Rarely,300,Sales,26,3,Marketing,3,Male,74,3,2,Sales Executive,1,Married,8396.0,5k-10k,22217,1,No,14,3,2,1,8,3,2,7,7,7,5.0,8396,0,36-45,6-10 Yrs,1,Mid-Level Professionals,0.1918,0.3062
40,No,Travel_Rarely,1492,Research & Development,20,4,Technical Degree,1,Male,61,3,3,Healthcare Representative,4,Married,10322.0,10k-15k,26542,4,No,20,4,4,1,14,6,3,11,10,11,1.0,10322,0,36-45,11-20 Yrs,1,Mid-Level Professionals,1.0549,-0.6638
40,No,Travel_Rarely,1308,Research & Development,14,3,Medical,3,Male,44,2,5,Research Director,3,Single,16583.5,15k+,17544,1,No,14,3,1,0,21,2,4,20,7,4,9.0,19626,0,36-45,11-20 Yrs,2,Senior Leadership,4.2509,0.6002
40,No,Travel_Frequently,593,Research & Development,9,4,Medical,2,Female,88,3,3,Research Director,3,Single,13499.0,10k-15k,13782,9,No,17,3,3,0,20,3,2,18,7,2,13.0,13499,0,36-45,11-20 Yrs,2,Senior Leadership,3.2814,1.72
40,No,Travel_Frequently,902,Research & Development,26,2,Medical,3,Female,92,2,2,Research Scientist,4,Married,4422.0,Upto 5k,21203,3,Yes,13,3,4,1,16,3,1,1,1,0,0.0,4422,0,36-45,0-2 Yrs,0,Junior Core,-0.5775,-1.0514
40,No,Travel_Frequently,1184,Sales,2,4,Medical,2,Male,62,3,2,Sales Executive,2,Married,4327.0,Upto 5k,25440,5,No,12,3,4,3,5,2,3,0,0,0,0.0,4327,0,36-45,0-2 Yrs,0,Junior Core,-1.3226,-1.3744
40,No,Travel_Rarely,107,Sales,10,3,Technical Degree,2,Female,84,2,2,Sales Executive,2,Divorced,6852.0,5k-10k,11591,7,No,12,3,2,1,7,2,4,5,1,1,3.0,6852,0,36-45,3-5 Yrs,0,Junior Core,-0.3443,-0.4255
40,Yes,Travel_Rarely,299,Sales,25,4,Marketing,4,Male,57,2,3,Sales Executive,2,Single,9094.0,5k-10k,17235,2,Yes,12,3,3,0,9,2,3,5,4,1,0.0,9094,1,36-45,3-5 Yrs,1,Mid-Level Professionals,0.1524,-1.0973
40,No,Non-Travel,458,Research & Development,16,2,Life Sciences,3,Male,74,3,1,Research Scientist,3,Divorced,3544.0,Upto 5k,8532,9,No,16,3,2,1,6,0,3,4,2,0,0.0,3544,0,36-45,3-5 Yrs,0,Junior Core,-1.4931,-0.5583
40,No,Travel_Rarely,523,Research & Development,2,3,Life Sciences,3,Male,98,3,2,Research Scientist,4,Single,4661.0,Upto 5k,22455,1,No,13,3,3,0,9,4,3,9,8,8,8.0,4661,0,36-45,6-10 Yrs,1,Mid-Level Professionals,0.2587,0.8053
40,No,Travel_Rarely,329,Research & Development,1,4,Life Sciences,2,Male,88,3,1,Laboratory Technician,2,Married,2387.0,Upto 5k,6762,3,No,22,4,3,1,7,3,3,4,2,0,3.0,2387,0,36-45,3-5 Yrs,0,Junior Core,-1.2851,-0.2073
40,No,Travel_Rarely,1202,Research & Development,2,1,Medical,2,Female,89,4,2,Healthcare Representative,3,Divorced,6377.0,5k-10k,13888,5,No,20,4,2,3,15,0,3,12,11,11,8.0,6377,0,36-45,11-20 Yrs,1,Mid-Level Professionals,0.9899,0.8478
40,No,Non-Travel,663,Research & Development,9,4,Other,3,Male,81,3,2,Laboratory Technician,3,Divorced,3975.0,Upto 5k,23099,3,No,11,3,3,2,11,2,4,8,7,0,7.0,3975,0,36-45,6-10 Yrs,1,Mid-Level Professionals,0.1556,0.6644
40,No,Non-Travel,218,Research & Development,8,1,Medical,4,Male,55,2,3,Research Director,2,Divorced,13757.0,10k-15k,25178,2,No,11,3,3,1,16,5,3,9,8,4,8.0,13757,0,36-45,6-10 Yrs,1,Mid-Level Professionals,2.0338,0.0627
40,No,Travel_Rarely,896,Research & Development,2,3,Medical,3,Male,68,3,1,Research Scientist,3,Divorced,2345.0,Upto 5k,8045,2,No,14,3,3,1,8,3,4,3,1,1,2.0,2345,0,36-45,3-5 Yrs,0,Junior Core,-1.3841,-0.4773
40,Yes,Travel_Rarely,676,Research & Development,9,4,Life Sciences,4,Male,86,3,1,Laboratory Technician,1,Single,2018.0,Upto 5k,21831,3,No,14,3,2,0,15,3,1,5,4,1,0.0,2018,1,36-45,3-5 Yrs,0,Junior Core,-1.0473,-0.6718
40,No,Travel_Rarely,1342,Sales,9,2,Medical,1,Male,47,3,2,Sales Executive,1,Married,5473.0,5k-10k,19345,0,No,12,3,4,0,9,5,4,8,4,7,1.0,5473,0,36-45,6-10 Yrs,0,Junior Core,-0.3558,-0.5368
40,No,Travel_Rarely,898,Human Resources,6,2,Medical,3,Male,38,3,4,Manager,4,Single,16437.0,15k+,17381,1,Yes,21,4,4,0,21,2,3,21,7,7,7.0,16437,0,36-45,20+ Yrs,2,Senior Leadership,3.703,0.3679
40,No,Non-Travel,1142,Research & Development,8,2,Life Sciences,4,Male,72,3,2,Healthcare Representative,4,Divorced,4069.0,Upto 5k,8841,3,Yes,18,3,3,0,8,2,3,2,2,2,2.0,4069,0,36-45,0-2 Yrs,0,Junior Core,-0.856,-0.7555
40,No,Travel_Rarely,118,Sales,14,2,Life Sciences,4,Female,84,3,2,Sales Executive,1,Married,4639.0,Upto 5k,11262,1,No,15,3,3,1,5,2,3,5,4,1,2.0,4639,0,36-45,3-5 Yrs,0,Junior Core,-0.7827,-0.382
40,No,Travel_Rarely,884,Research & Development,15,3,Life Sciences,1,Female,80,2,3,Manufacturing Director,3,Married,10435.0,10k-15k,25800,1,No,13,3,4,2,18,2,3,18,15,14,12.0,10435,0,36-45,11-20 Yrs,1,Mid-Level Professionals,2.7559,1.8489
40,No,Travel_Rarely,448,Research & Development,16,3,Life Sciences,3,Female,84,3,3,Manufacturing Director,4,Single,7945.0,5k-10k,19948,6,Yes,15,3,4,0,18,2,2,4,2,3,3.0,7945,0,36-45,3-5 Yrs,1,Mid-Level Professionals,0.7808,-0.8577
40,Yes,Travel_Rarely,1329,Research & Development,7,3,Life Sciences,1,Male,73,3,1,Laboratory Technician,1,Single,2166.0,Upto 5k,3339,3,Yes,14,3,2,0,10,3,1,4,2,0,3.0,2166,1,36-45,3-5 Yrs,0,Junior Core,-1.1251,-0.1372
40,No,Travel_Rarely,369,Research & Development,8,2,Life Sciences,2,Female,92,3,2,Manufacturing Director,1,Married,6516.0,5k-10k,5041,2,Yes,16,3,2,1,18,3,3,1,0,0,0.0,6516,0,36-45,0-2 Yrs,0,Junior Core,-0.2475,-1.5345
40,No,Travel_Rarely,611,Sales,7,4,Medical,2,Male,88,3,5,Manager,2,Single,16583.5,15k+,4349,1,No,14,3,2,0,21,3,2,21,8,12,8.0,19833,0,36-45,20+ Yrs,2,Senior Leadership,4.2216,0.3628
40,No,Travel_Rarely,616,Research & Development,2,2,Life Sciences,3,Female,99,3,1,Laboratory Technician,1,Married,3377.0,Upto 5k,25605,4,No,17,3,4,1,7,5,2,4,3,0,2.0,3377,0,36-45,3-5 Yrs,0,Junior Core,-1.2734,-0.4377
40,No,Travel_Rarely,1194,Research & Development,1,3,Life Sciences,3,Female,52,3,2,Healthcare Representative,4,Divorced,6513.0,5k-10k,9060,4,No,17,3,4,1,12,3,3,5,3,0,3.0,6513,0,36-45,3-5 Yrs,1,Mid-Level Professionals,-0.0817,-0.6564
40,No,Travel_Rarely,750,Research & Development,12,3,Life Sciences,2,Female,47,3,2,Healthcare Representative,1,Divorced,4448.0,Upto 5k,10748,2,No,12,3,2,1,15,3,3,7,4,7,7.0,4448,0,36-45,6-10 Yrs,1,Mid-Level Professionals,0.3821,0.5409
40,No,Travel_Rarely,1137,Research & Development,1,4,Life Sciences,1,Male,98,3,4,Manager,1,Divorced,16583.5,15k+,18991,2,No,11,3,1,1,22,3,3,19,7,11,16.0,16823,0,36-45,11-20 Yrs,2,Senior Leadership,4.4666,1.8119
40,No,Travel_Frequently,692,Research & Development,11,3,Technical Degree,4,Female,73,3,2,Laboratory Technician,3,Married,6323.0,5k-10k,26849,1,No,11,3,1,1,10,2,4,10,9,9,4.0,6323,0,36-45,6-10 Yrs,1,Mid-Level Professionals,0.1943,0.1715
40,No,Travel_Rarely,444,Sales,2,2,Marketing,2,Female,92,3,2,Sales Executive,2,Married,5677.0,5k-10k,4258,3,No,14,3,3,1,15,4,3,11,8,5,10.0,5677,0,36-45,11-20 Yrs,1,Mid-Level Professionals,1.0352,1.1896
40,No,Travel_Rarely,543,Research & Development,1,4,Life Sciences,1,Male,83,3,1,Laboratory Technician,4,Married,2406.0,Upto 5k,4060,8,No,19,3,3,2,8,3,2,1,0,0,0.0,2406,0,36-45,0-2 Yrs,0,Junior Core,-1.6886,-1.0456
40,No,Travel_Rarely,1322,Research & Development,2,4,Life Sciences,3,Male,52,2,1,Research Scientist,3,Single,2809.0,Upto 5k,2725,2,No,14,3,4,0,8,2,3,2,2,2,2.0,2809,0,36-45,0-2 Yrs,0,Junior Core,-1.4004,-0.5857
40,No,Travel_Rarely,1194,Research & Development,2,4,Medical,3,Female,98,3,1,Research Scientist,3,Married,2001.0,Upto 5k,12549,2,No,14,3,2,3,20,2,3,5,3,0,2.0,2001,0,36-45,3-5 Yrs,0,Junior Core,-0.5687,-0.5017
41,Yes,Travel_Rarely,1102,Sales,1,2,Life Sciences,2,Female,94,3,2,Sales Executive,4,Single,5993.0,5k-10k,19479,8,Yes,11,3,1,0,8,0,1,6,4,0,5.0,5993,1,36-45,6-10 Yrs,1,Mid-Level Professionals,-0.0927,-0.1342
41,Yes,Travel_Rarely,1360,Research & Development,12,3,Technical Degree,2,Female,49,3,5,Research Director,3,Married,16583.5,15k+,16280,1,No,12,3,4,0,23,0,3,22,15,15,8.0,19545,1,36-45,20+ Yrs,2,Senior Leadership,4.4453,0.459
41,No,Travel_Rarely,802,Sales,9,1,Life Sciences,3,Male,96,3,3,Sales Executive,3,Divorced,8189.0,5k-10k,21196,3,Yes,13,3,3,1,12,2,3,9,7,0,7.0,8189,0,36-45,6-10 Yrs,1,Mid-Level Professionals,1.1646,0.2376
41,No,Travel_Frequently,857,Research & Development,10,3,Life Sciences,4,Male,91,2,4,Manager,1,Divorced,16583.5,15k+,12888,4,No,13,3,2,1,21,2,2,7,6,7,7.0,17181,0,36-45,6-10 Yrs,2,Senior Leadership,2.8573,-0.7537
41,No,Travel_Rarely,933,Research & Development,9,4,Life Sciences,3,Male,94,3,1,Laboratory Technician,1,Married,2238.0,Upto 5k,6961,2,No,21,4,4,1,7,2,3,5,0,1,4.0,2238,0,36-45,3-5 Yrs,0,Junior Core,-1.105,0.1783
41,No,Travel_Rarely,465,Research & Development,14,3,Life Sciences,1,Male,56,3,1,Research Scientist,3,Divorced,2451.0,Upto 5k,4609,4,No,12,3,1,1,13,2,3,9,8,1,8.0,2451,0,36-45,6-10 Yrs,1,Mid-Level Professionals,-0.0991,1.2465
41,Yes,Travel_Rarely,1356,Sales,20,2,Marketing,2,Female,70,3,1,Sales Representative,2,Single,3140.0,Upto 5k,21728,1,Yes,22,4,4,0,4,5,2,4,3,0,2.0,3140,1,36-45,3-5 Yrs,0,Junior Core,-1.4345,-0.0863
41,No,Travel_Rarely,896,Sales,6,3,Life Sciences,4,Female,75,3,3,Manager,4,Single,13591.0,10k-15k,14674,3,Yes,18,3,3,0,16,3,3,1,0,0,0.0,13591,0,36-45,0-2 Yrs,1,Mid-Level Professionals,0.8114,-2.1926
41,No,Travel_Rarely,1411,Research & Development,19,2,Life Sciences,3,Male,36,3,2,Research Scientist,1,Divorced,3072.0,Upto 5k,19877,2,No,16,3,1,2,17,2,2,1,0,0,0.0,3072,0,36-45,0-2 Yrs,0,Junior Core,-0.622,-1.1603
41,No,Travel_Rarely,334,Sales,2,4,Life Sciences,4,Male,88,3,4,Manager,2,Single,16015.0,15k+,15896,1,No,19,3,2,0,22,2,3,22,10,0,4.0,16015,0,36-45,20+ Yrs,2,Senior Leadership,3.5468,-0.2329
41,No,Travel_Rarely,483,Research & Development,6,3,Medical,4,Male,95,2,2,Manufacturing Director,2,Single,6032.0,5k-10k,10110,6,Yes,15,3,4,0,8,3,3,5,4,1,2.0,6032,0,36-45,3-5 Yrs,0,Junior Core,-0.424,-0.7019
41,Yes,Travel_Frequently,143,Sales,4,3,Marketing,1,Male,56,3,2,Sales Executive,2,Single,9355.0,5k-10k,9558,1,No,18,3,3,0,8,5,3,8,7,7,7.0,9355,1,36-45,6-10 Yrs,1,Mid-Level Professionals,0.5661,0.2732
41,No,Travel_Rarely,645,Sales,1,3,Marketing,2,Male,49,4,3,Sales Executive,1,Married,8392.0,5k-10k,19566,1,No,16,3,3,1,10,2,3,10,7,0,3.0,8392,0,36-45,6-10 Yrs,1,Mid-Level Professionals,0.7626,-0.5698
41,No,Non-Travel,267,Sales,10,2,Life Sciences,4,Male,56,3,2,Sales Executive,4,Single,6230.0,5k-10k,13430,7,No,14,3,4,0,16,3,3,14,3,1,10.0,6230,0,36-45,11-20 Yrs,1,Mid-Level Professionals,1.3856,1.4893
41,No,Non-Travel,509,Research & Development,2,4,Other,1,Female,62,2,2,Healthcare Representative,3,Single,6811.0,5k-10k,2112,2,Yes,17,3,1,0,10,3,3,8,7,0,7.0,6811,0,36-45,6-10 Yrs,1,Mid-Level Professionals,0.423,0.3488
41,No,Travel_Rarely,1276,Sales,2,5,Life Sciences,2,Female,91,3,4,Manager,1,Married,16583.5,15k+,5626,7,No,16,3,2,1,22,2,3,18,16,11,8.0,16595,0,36-45,11-20 Yrs,2,Senior Leadership,3.7123,0.1738
41,No,Travel_Rarely,427,Human Resources,10,4,Human Resources,2,Male,73,2,5,Manager,4,Divorced,16583.5,15k+,8861,3,No,15,3,2,3,23,2,2,21,6,12,6.0,19141,0,36-45,20+ Yrs,2,Senior Leadership,4.1984,-0.0423
41,No,Travel_Rarely,314,Human Resources,1,3,Human Resources,4,Male,59,2,5,Manager,3,Married,16583.5,15k+,19562,1,No,12,3,2,1,22,3,3,22,7,2,10.0,19189,0,36-45,20+ Yrs,2,Senior Leadership,4.563,0.6592
41,Yes,Travel_Rarely,1085,Research & Development,2,4,Life Sciences,2,Female,57,1,1,Laboratory Technician,4,Divorced,2778.0,Upto 5k,17725,4,Yes,13,3,3,1,10,1,2,7,7,1,0.0,2778,1,36-45,6-10 Yrs,0,Junior Core,-1.1066,-0.6351
41,No,Travel_Rarely,263,Research & Development,6,3,Medical,4,Male,59,3,1,Laboratory Technician,1,Single,4721.0,Upto 5k,3119,2,Yes,13,3,3,0,20,3,3,18,13,2,17.0,4721,0,36-45,11-20 Yrs,1,Mid-Level Professionals,1.9507,3.3086
41,No,Travel_Frequently,840,Research & Development,9,3,Medical,1,Male,64,3,5,Research Director,3,Divorced,16583.5,15k+,3735,2,No,17,3,2,1,21,2,4,18,16,0,11.0,19419,0,36-45,11-20 Yrs,2,Senior Leadership,4.3397,0.6869
41,No,Travel_Rarely,549,Research & Development,7,2,Medical,4,Female,42,3,2,Manufacturing Director,3,Single,5003.0,5k-10k,23371,6,No,14,3,2,0,8,6,3,2,2,2,1.0,5003,0,36-45,0-2 Yrs,0,Junior Core,-0.8136,-1.0611
41,No,Non-Travel,247,Research & Development,7,1,Life Sciences,2,Female,55,1,5,Research Director,3,Divorced,16583.5,15k+,20284,1,No,22,4,2,2,21,3,3,21,16,5,10.0,19973,0,36-45,20+ Yrs,2,Senior Leadership,4.4407,0.7041
41,No,Travel_Rarely,509,Research & Development,7,2,Technical Degree,2,Female,43,4,1,Research Scientist,3,Married,3376.0,Upto 5k,18863,1,No,13,3,3,0,10,3,3,10,6,0,8.0,3376,0,36-45,6-10 Yrs,1,Mid-Level Professionals,-0.1225,1.1994
41,No,Travel_Rarely,167,Research & Development,12,4,Life Sciences,2,Male,46,3,1,Laboratory Technician,4,Married,4766.0,Upto 5k,9051,3,Yes,11,3,1,1,6,4,3,1,0,0,0.0,4766,0,36-45,0-2 Yrs,0,Junior Core,-1.5239,-0.9887
41,Yes,Non-Travel,906,Research & Development,5,2,Life Sciences,1,Male,95,2,1,Research Scientist,1,Divorced,2107.0,Upto 5k,20293,6,No,17,3,1,1,5,2,1,1,0,0,0.0,2107,1,36-45,0-2 Yrs,0,Junior Core,-1.8613,-0.9456
41,No,Non-Travel,256,Sales,10,2,Medical,3,Male,40,1,2,Sales Executive,2,Single,6151.0,5k-10k,22074,1,No,13,3,1,0,19,4,3,19,2,11,9.0,6151,0,36-45,11-20 Yrs,1,Mid-Level Professionals,1.7883,1.6589
41,No,Travel_Frequently,1018,Sales,1,3,Marketing,3,Female,66,3,2,Sales Executive,1,Divorced,4103.0,Upto 5k,4297,0,No,17,3,4,1,10,2,3,9,3,1,7.0,4103,0,36-45,6-10 Yrs,1,Mid-Level Professionals,0.2072,0.5684
41,No,Travel_Frequently,1200,Research & Development,22,3,Life Sciences,4,Female,75,3,2,Research Scientist,4,Divorced,5467.0,5k-10k,13953,3,Yes,14,3,1,2,12,4,2,6,2,3,3.0,5467,0,36-45,6-10 Yrs,1,Mid-Level Professionals,-0.0804,-0.1739
41,No,Travel_Rarely,1283,Research & Development,5,5,Medical,2,Male,90,4,1,Research Scientist,3,Married,2127.0,Upto 5k,5561,2,Yes,12,3,1,0,7,5,2,4,2,0,3.0,2127,0,36-45,3-5 Yrs,0,Junior Core,-1.2732,-0.1614
41,No,Travel_Rarely,1206,Sales,23,2,Life Sciences,4,Male,80,3,3,Sales Executive,3,Single,7082.0,5k-10k,11591,3,Yes,16,3,4,0,21,2,3,2,0,0,2.0,7082,0,36-45,0-2 Yrs,1,Mid-Level Professionals,0.6926,-1.1294
41,No,Travel_Rarely,918,Sales,6,3,Marketing,4,Male,35,3,3,Sales Executive,3,Single,9241.0,5k-10k,15869,1,No,12,3,2,0,10,3,3,10,8,8,7.0,9241,0,36-45,6-10 Yrs,1,Mid-Level Professionals,1.216,0.2386
41,No,Non-Travel,552,Human Resources,4,3,Human Resources,3,Male,60,1,2,Human Resources,2,Married,6430.0,5k-10k,20794,6,No,19,3,2,1,10,4,3,3,2,1,2.0,6430,0,36-45,3-5 Yrs,0,Junior Core,-0.3917,-0.9593
41,No,Travel_Rarely,548,Research & Development,9,4,Life Sciences,3,Male,94,3,1,Laboratory Technician,1,Divorced,2289.0,Upto 5k,20520,1,No,20,4,2,2,5,2,3,5,3,0,4.0,2289,0,36-45,3-5 Yrs,0,Junior Core,-1.2202,0.21
41,No,Travel_Rarely,447,Research & Development,5,3,Life Sciences,2,Male,85,4,2,Healthcare Representative,2,Single,6870.0,5k-10k,15530,3,No,12,3,1,0,11,3,1,3,2,1,2.0,6870,0,36-45,3-5 Yrs,0,Junior Core,-0.2857,-0.9838
41,No,Travel_Rarely,796,Sales,4,1,Marketing,3,Female,81,3,3,Sales Executive,3,Divorced,10447.0,10k-15k,26458,0,Yes,13,3,4,1,23,3,4,22,14,13,5.0,10447,0,36-45,20+ Yrs,2,Senior Leadership,2.7116,0.5052
41,No,Travel_Rarely,337,Sales,8,3,Marketing,3,Female,54,3,2,Sales Executive,2,Married,4393.0,Upto 5k,26841,5,No,21,4,3,1,14,3,3,5,4,1,4.0,4393,0,36-45,3-5 Yrs,1,Mid-Level Professionals,-0.0494,-0.2917
41,No,Travel_Rarely,642,Research & Development,1,3,Life Sciences,4,Male,76,3,1,Research Scientist,4,Married,2782.0,Upto 5k,21412,3,No,22,4,1,1,12,3,3,5,3,1,0.0,2782,0,36-45,3-5 Yrs,0,Junior Core,-1.1147,-0.8516
41,No,Travel_Rarely,582,Research & Development,28,4,Life Sciences,1,Female,60,2,4,Manufacturing Director,2,Married,13570.0,10k-15k,5640,0,No,23,4,3,1,21,3,3,20,7,0,10.0,13570,0,36-45,11-20 Yrs,2,Senior Leadership,3.661,1.3849
41,No,Travel_Rarely,930,Sales,3,3,Life Sciences,3,Male,57,2,2,Sales Executive,2,Divorced,8938.0,5k-10k,12227,2,No,11,3,3,1,14,5,3,5,4,0,4.0,8938,0,36-45,3-5 Yrs,1,Mid-Level Professionals,0.4182,-0.6447
42,No,Travel_Rarely,691,Sales,8,4,Marketing,3,Male,48,3,2,Sales Executive,2,Married,6825.0,5k-10k,21173,0,No,11,3,4,1,10,2,3,9,7,4,3.0,6825,0,36-45,6-10 Yrs,1,Mid-Level Professionals,0.1643,-0.2693
42,No,Non-Travel,926,Research & Development,21,2,Medical,3,Female,36,3,2,Manufacturing Director,3,Divorced,5265.0,5k-10k,16439,2,No,16,3,2,1,11,5,3,5,3,0,2.0,5265,0,36-45,3-5 Yrs,1,Mid-Level Professionals,-0.2798,-0.4784
42,No,Travel_Rarely,532,Research & Development,4,2,Technical Degree,3,Male,58,3,5,Manager,4,Married,16583.5,15k+,4933,1,No,11,3,4,0,22,3,3,22,17,11,15.0,19232,0,36-45,20+ Yrs,2,Senior Leadership,5.0562,1.6298
42,No,Travel_Rarely,916,Research & Development,17,2,Life Sciences,4,Female,82,4,2,Research Scientist,1,Single,6545.0,5k-10k,23016,3,Yes,13,3,3,0,10,1,3,3,2,0,3.0,6545,0,36-45,3-5 Yrs,1,Mid-Level Professionals,-0.2468,-0.5796
42,No,Travel_Rarely,269,Research & Development,2,3,Medical,4,Female,56,2,1,Laboratory Technician,1,Divorced,2593.0,Upto 5k,8007,0,Yes,11,3,3,1,10,4,3,9,6,7,3.0,2593,0,36-45,6-10 Yrs,0,Junior Core,-0.687,0.0718
42,No,Travel_Rarely,635,Sales,1,1,Life Sciences,2,Male,99,3,2,Sales Executive,3,Married,4907.0,Upto 5k,24532,1,No,25,4,3,0,20,3,3,20,16,11,6.0,4907,0,36-45,11-20 Yrs,1,Mid-Level Professionals,1.5453,1.0144
42,No,Travel_Frequently,555,Sales,26,3,Marketing,3,Female,77,3,4,Sales Executive,2,Married,13525.0,10k-15k,14864,5,No,14,3,4,1,23,2,4,20,4,4,8.0,13525,0,36-45,11-20 Yrs,2,Senior Leadership,3.6313,0.8913
42,No,Travel_Rarely,810,Research & Development,23,5,Life Sciences,1,Female,44,3,4,Research Director,4,Single,15992.0,15k+,15901,2,No,14,3,2,0,16,2,3,1,0,0,0.0,15992,0,36-45,0-2 Yrs,2,Senior Leadership,1.515,-2.2697
42,No,Travel_Rarely,544,Human Resources,2,1,Technical Degree,3,Male,52,3,1,Human Resources,3,Divorced,2696.0,Upto 5k,24017,0,Yes,11,3,3,1,4,5,3,3,2,1,0.0,2696,0,36-45,3-5 Yrs,0,Junior Core,-1.696,-0.8954
42,No,Travel_Rarely,1332,Research & Development,2,4,Other,1,Male,98,2,2,Healthcare Representative,4,Single,6781.0,5k-10k,17078,3,No,23,4,2,0,14,6,3,1,0,0,0.0,6781,0,36-45,0-2 Yrs,0,Junior Core,-0.3886,-1.6738
42,No,Travel_Rarely,201,Research & Development,1,4,Life Sciences,2,Female,95,3,1,Laboratory Technician,1,Divorced,2576.0,Upto 5k,20490,3,No,16,3,2,1,8,5,3,5,2,1,2.0,2576,0,36-45,3-5 Yrs,0,Junior Core,-1.1575,-0.4293
42,No,Travel_Frequently,532,Research & Development,29,2,Life Sciences,1,Female,92,3,2,Research Scientist,3,Divorced,4556.0,Upto 5k,12932,2,No,11,3,2,1,19,3,3,5,4,0,2.0,4556,0,36-45,3-5 Yrs,1,Mid-Level Professionals,0.1316,-0.4303
42,No,Travel_Frequently,1368,Research & Development,28,4,Technical Degree,4,Female,88,2,2,Healthcare Representative,4,Married,4523.0,Upto 5k,4386,0,No,11,3,4,3,7,4,4,6,5,0,4.0,4523,0,36-45,6-10 Yrs,1,Mid-Level Professionals,-0.3484,0.226
42,No,Travel_Frequently,1474,Research & Development,5,2,Other,2,Male,97,3,1,Laboratory Technician,3,Married,2093.0,Upto 5k,9260,4,No,17,3,4,1,8,4,3,2,2,2,0.0,2093,0,36-45,0-2 Yrs,0,Junior Core,-1.5807,-0.9569
42,No,Travel_Rarely,319,Research & Development,24,3,Medical,4,Male,56,3,3,Manufacturing Director,1,Married,7406.0,5k-10k,6950,1,Yes,21,4,4,1,10,5,2,10,9,5,8.0,7406,0,36-45,6-10 Yrs,1,Mid-Level Professionals,1.1614,0.8218
42,No,Travel_Rarely,622,Research & Development,2,4,Life Sciences,3,Female,81,3,2,Healthcare Representative,4,Married,4089.0,Upto 5k,5718,1,No,13,3,2,2,10,4,3,10,2,2,2.0,4089,0,36-45,6-10 Yrs,1,Mid-Level Professionals,-0.1472,-0.3307
42,Yes,Travel_Frequently,933,Research & Development,19,3,Medical,3,Male,57,4,1,Research Scientist,3,Divorced,2759.0,Upto 5k,20366,6,Yes,12,3,4,0,7,2,3,2,2,2,2.0,2759,1,36-45,0-2 Yrs,0,Junior Core,-1.3849,-0.3399
42,No,Travel_Frequently,570,Research & Development,8,3,Life Sciences,2,Male,66,3,5,Manager,4,Divorced,16583.5,15k+,16225,1,No,13,3,2,1,24,4,2,24,7,14,9.0,18430,0,36-45,20+ Yrs,2,Senior Leadership,4.7608,0.682
42,No,Travel_Rarely,932,Research & Development,1,2,Life Sciences,4,Female,43,2,2,Manufacturing Director,4,Married,6062.0,5k-10k,4051,9,Yes,13,3,4,1,8,4,3,4,3,0,2.0,6062,0,36-45,3-5 Yrs,0,Junior Core,-0.4497,-0.9184
42,No,Travel_Rarely,933,Research & Development,29,3,Life Sciences,2,Male,98,3,2,Manufacturing Director,2,Married,4434.0,Upto 5k,11806,1,No,13,3,4,1,10,3,2,9,8,7,8.0,4434,0,36-45,6-10 Yrs,1,Mid-Level Professionals,0.38,1.2089
42,No,Travel_Frequently,1271,Research & Development,2,1,Medical,2,Male,35,3,1,Research Scientist,4,Single,2515.0,Upto 5k,9068,5,Yes,14,3,4,0,8,2,3,2,1,2,2.0,2515,0,36-45,0-2 Yrs,0,Junior Core,-1.3563,-0.6527
42,No,Travel_Rarely,1265,Research & Development,3,3,Life Sciences,3,Female,95,4,2,Laboratory Technician,4,Married,5231.0,5k-10k,23726,2,Yes,13,3,2,1,17,1,2,5,3,1,3.0,5231,0,36-45,3-5 Yrs,1,Mid-Level Professionals,0.1622,-0.7165
42,No,Travel_Rarely,462,Sales,14,2,Medical,3,Female,68,2,2,Sales Executive,3,Single,6244.0,5k-10k,7824,7,No,17,3,1,0,10,6,3,5,4,0,3.0,6244,0,36-45,3-5 Yrs,1,Mid-Level Professionals,-0.1505,-0.4534
42,No,Travel_Rarely,265,Sales,5,2,Marketing,4,Male,90,3,5,Manager,3,Married,16583.5,15k+,7770,6,No,13,3,2,0,21,3,4,1,0,0,0.0,18303,0,36-45,0-2 Yrs,2,Senior Leadership,2.2825,-2.9246
42,No,Travel_Rarely,469,Research & Development,2,2,Medical,4,Male,35,3,4,Manager,1,Married,16583.5,15k+,14399,0,No,17,3,4,1,23,3,3,22,6,13,7.0,17665,0,36-45,20+ Yrs,2,Senior Leadership,3.9759,0.2498
42,No,Travel_Rarely,188,Research & Development,29,3,Medical,2,Male,56,1,2,Laboratory Technician,4,Single,4272.0,Upto 5k,9558,4,No,19,3,1,0,16,3,3,1,0,0,0.0,4272,0,36-45,0-2 Yrs,0,Junior Core,-0.5173,-1.072
42,Yes,Travel_Frequently,481,Sales,12,3,Life Sciences,3,Male,44,3,4,Sales Executive,1,Single,13758.0,10k-15k,2447,0,Yes,12,3,2,0,22,2,2,21,9,13,14.0,13758,1,36-45,20+ Yrs,2,Senior Leadership,4.2,1.8715
42,No,Travel_Rarely,647,Sales,4,4,Marketing,2,Male,45,3,2,Sales Executive,1,Single,5155.0,5k-10k,2253,7,No,13,3,4,0,9,3,4,6,4,1,5.0,5155,0,36-45,6-10 Yrs,1,Mid-Level Professionals,-0.0807,-0.0905
42,No,Non-Travel,179,Human Resources,2,5,Medical,4,Male,79,4,2,Human Resources,1,Married,6272.0,5k-10k,12858,7,No,16,3,1,1,10,3,4,4,3,0,3.0,6272,0,36-45,3-5 Yrs,0,Junior Core,-0.2163,-0.7553
42,No,Travel_Frequently,458,Research & Development,26,5,Medical,1,Female,60,3,3,Research Director,1,Married,13191.0,10k-15k,23281,3,Yes,17,3,3,0,20,6,3,1,0,0,0.0,13191,0,36-45,0-2 Yrs,1,Mid-Level Professionals,1.0556,-1.9165
42,No,Travel_Rarely,603,Research & Development,7,4,Medical,2,Female,78,4,2,Research Scientist,2,Married,2372.0,Upto 5k,5628,6,Yes,16,3,4,0,18,2,3,1,0,0,0.0,2372,0,36-45,0-2 Yrs,0,Junior Core,-0.6013,-1.3978
42,No,Non-Travel,495,Research & Development,2,1,Life Sciences,3,Male,37,3,4,Manager,3,Married,16583.5,15k+,26582,0,Yes,13,3,4,0,21,3,2,20,8,2,10.0,17861,0,36-45,11-20 Yrs,2,Senior Leadership,3.9998,0.6958
42,No,Travel_Rarely,1147,Human Resources,10,3,Human Resources,3,Female,31,3,4,Manager,1,Married,16583.5,15k+,16616,0,No,14,3,3,1,21,5,3,20,7,0,9.0,16799,0,36-45,11-20 Yrs,2,Senior Leadership,3.9119,0.6499
42,No,Travel_Frequently,748,Research & Development,9,2,Medical,1,Female,74,3,1,Laboratory Technician,4,Single,3673.0,Upto 5k,16458,1,No,13,3,3,0,12,3,3,12,9,5,8.0,3673,0,36-45,11-20 Yrs,1,Mid-Level Professionals,0.1951,1.3055
42,No,Travel_Rarely,1210,Research & Development,2,3,Medical,3,Male,68,2,1,Laboratory Technician,2,Married,4841.0,Upto 5k,24052,4,No,14,3,2,1,4,3,3,1,0,0,0.0,4841,0,36-45,0-2 Yrs,0,Junior Core,-1.603,-1.1824
42,No,Travel_Frequently,288,Research & Development,2,3,Life Sciences,4,Male,40,3,3,Healthcare Representative,4,Married,10124.0,10k-15k,18611,2,Yes,14,3,3,1,24,3,1,20,8,13,9.0,10124,0,36-45,11-20 Yrs,2,Senior Leadership,3.0103,1.031
42,No,Travel_Rarely,1059,Research & Development,9,2,Other,4,Male,93,2,5,Manager,4,Single,16583.5,15k+,26362,8,No,22,4,4,0,24,2,3,1,0,0,1.0,19613,0,36-45,0-2 Yrs,2,Senior Leadership,2.5555,-2.7121
42,No,Travel_Rarely,855,Research & Development,12,3,Medical,2,Male,57,3,1,Laboratory Technician,2,Divorced,2766.0,Upto 5k,8952,8,No,22,4,2,3,7,6,2,5,3,0,4.0,2766,0,36-45,3-5 Yrs,0,Junior Core,-1.0121,0.1606
42,No,Travel_Rarely,1128,Research & Development,13,3,Medical,2,Male,95,4,2,Healthcare Representative,1,Married,5538.0,5k-10k,5696,5,No,18,3,3,2,10,2,2,0,0,0,0.0,5538,0,36-45,0-2 Yrs,0,Junior Core,-0.8179,-1.4143
42,No,Non-Travel,355,Research & Development,10,4,Technical Degree,3,Male,38,3,1,Research Scientist,3,Married,2936.0,Upto 5k,6161,3,No,22,4,2,2,10,1,2,6,3,3,3.0,2936,0,36-45,6-10 Yrs,0,Junior Core,-0.8414,-0.0474
42,No,Travel_Rarely,1142,Research & Development,8,3,Life Sciences,4,Male,81,3,1,Laboratory Technician,3,Single,3968.0,Upto 5k,13624,4,No,13,3,4,0,8,3,3,0,0,0,0.0,3968,0,36-45,0-2 Yrs,0,Junior Core,-1.5144,-1.1738
42,No,Travel_Rarely,1396,Research & Development,6,3,Medical,3,Male,83,3,3,Research Director,1,Married,13348.0,10k-15k,14842,9,No,13,3,2,1,18,3,4,13,7,5,7.0,13348,0,36-45,11-20 Yrs,2,Senior Leadership,2.3518,0.0666
42,No,Travel_Rarely,419,Sales,12,4,Marketing,2,Male,77,3,2,Sales Executive,4,Divorced,5087.0,5k-10k,2900,3,Yes,12,3,3,2,14,4,3,0,0,0,0.0,5087,0,36-45,0-2 Yrs,0,Junior Core,-0.6241,-1.4757
42,No,Non-Travel,335,Research & Development,23,2,Life Sciences,4,Male,37,2,2,Research Scientist,3,Single,4332.0,Upto 5k,14811,1,No,12,3,4,0,20,2,3,20,9,3,7.0,4332,0,36-45,11-20 Yrs,1,Mid-Level Professionals,1.5851,1.6398
42,No,Travel_Rarely,557,Research & Development,18,4,Life Sciences,4,Male,35,3,2,Research Scientist,1,Divorced,5410.0,5k-10k,11189,6,Yes,17,3,3,1,9,3,2,4,3,1,2.0,5410,0,36-45,3-5 Yrs,0,Junior Core,-0.4505,-0.5885
42,No,Travel_Rarely,300,Research & Development,2,3,Life Sciences,1,Male,56,3,5,Manager,3,Married,16583.5,15k+,17312,5,No,11,3,1,0,24,2,2,22,6,4,14.0,18880,0,36-45,20+ Yrs,2,Senior Leadership,5.0848,1.3672
43,No,Travel_Rarely,1273,Research & Development,2,2,Medical,4,Female,72,4,1,Research Scientist,3,Divorced,2645.0,Upto 5k,21923,1,No,12,3,4,2,6,3,2,5,3,1,4.0,2645,0,36-45,3-5 Yrs,0,Junior Core,-1.0513,-0.0392
43,No,Travel_Frequently,394,Sales,26,2,Life Sciences,3,Male,92,3,4,Manager,4,Married,16583.5,15k+,19494,1,Yes,12,3,4,2,25,3,4,25,12,4,12.0,16959,0,36-45,20+ Yrs,2,Senior Leadership,4.79,1.8134
43,No,Travel_Frequently,957,Research & Development,28,3,Medical,2,Female,72,4,1,Research Scientist,3,Single,4739.0,Upto 5k,16090,4,No,12,3,4,0,18,2,3,3,2,1,2.0,4739,0,36-45,3-5 Yrs,0,Junior Core,-0.4134,-0.4407
43,No,Non-Travel,1344,Research & Development,7,3,Medical,4,Male,37,4,1,Research Scientist,4,Divorced,2089.0,Upto 5k,5228,4,No,14,3,4,3,7,3,4,5,4,2,2.0,2089,0,36-45,3-5 Yrs,0,Junior Core,-1.2286,-0.3166
43,No,Travel_Rarely,1034,Sales,16,3,Marketing,4,Female,80,3,4,Manager,4,Married,16064.0,15k+,7744,5,Yes,22,4,3,1,22,3,3,17,13,1,9.0,16064,0,36-45,11-20 Yrs,2,Senior Leadership,3.7651,0.4847
43,No,Travel_Frequently,185,Research & Development,10,4,Life Sciences,3,Female,33,3,1,Laboratory Technician,4,Single,2455.0,Upto 5k,10675,0,No,19,3,1,0,9,5,3,8,7,1,7.0,2455,0,36-45,6-10 Yrs,1,Mid-Level Professionals,-0.4217,0.8855
43,No,Travel_Frequently,559,Research & Development,10,4,Life Sciences,3,Female,82,2,2,Laboratory Technician,3,Divorced,5257.0,5k-10k,6227,1,No,11,3,2,1,9,3,4,9,7,0,0.0,5257,0,36-45,6-10 Yrs,0,Junior Core,-0.2927,-0.7419
43,No,Travel_Rarely,1001,Research & Development,7,3,Life Sciences,3,Female,43,3,3,Healthcare Representative,1,Married,9985.0,5k-10k,9262,8,No,16,3,1,1,10,1,2,1,0,0,0.0,9985,0,36-45,0-2 Yrs,0,Junior Core,0.1527,-1.9465
43,No,Travel_Rarely,982,Research & Development,12,3,Life Sciences,1,Male,59,2,4,Research Director,2,Divorced,14336.0,10k-15k,4345,1,No,11,3,3,1,25,3,3,25,10,3,9.0,14336,0,36-45,20+ Yrs,2,Senior Leadership,4.2798,1.1133
43,No,Travel_Frequently,313,Research & Development,21,3,Medical,4,Male,61,3,1,Laboratory Technician,4,Married,2258.0,Upto 5k,15238,7,No,20,4,1,1,8,1,3,3,2,1,2.0,2258,0,36-45,3-5 Yrs,0,Junior Core,-1.2742,-0.2521
43,No,Travel_Rarely,1473,Research & Development,8,4,Other,3,Female,74,3,2,Healthcare Representative,3,Divorced,4522.0,Upto 5k,2227,4,Yes,14,3,4,0,8,3,3,5,2,0,2.0,4522,0,36-45,3-5 Yrs,0,Junior Core,-0.5046,-0.6623
43,No,Travel_Rarely,782,Research & Development,6,4,Other,2,Male,50,2,4,Research Director,4,Divorced,16583.5,15k+,2671,4,Yes,14,3,3,1,21,3,2,1,0,0,0.0,16627,0,36-45,0-2 Yrs,2,Senior Leadership,1.908,-2.7419
43,No,Travel_Frequently,1001,Research & Development,9,5,Medical,4,Male,72,3,2,Laboratory Technician,3,Divorced,5679.0,5k-10k,19627,3,Yes,13,3,2,1,10,3,3,8,7,4,7.0,5679,0,36-45,6-10 Yrs,1,Mid-Level Professionals,0.3832,0.4577
43,No,Travel_Frequently,775,Sales,15,3,Life Sciences,4,Male,47,2,2,Sales Executive,4,Married,6804.0,5k-10k,23683,3,No,18,3,3,1,7,5,3,2,2,2,2.0,6804,0,36-45,0-2 Yrs,0,Junior Core,-0.5193,-0.8943
43,No,Travel_Rarely,589,Research & Development,14,2,Life Sciences,2,Male,94,3,4,Research Director,1,Married,16583.5,15k+,5200,6,No,24,4,3,1,22,3,3,4,1,1,0.0,17159,0,36-45,3-5 Yrs,2,Senior Leadership,2.164,-2.3684
43,No,Travel_Frequently,422,Research & Development,1,3,Life Sciences,4,Female,33,3,2,Healthcare Representative,4,Married,5562.0,5k-10k,21782,4,No,13,3,2,1,12,2,2,5,2,2,2.0,5562,0,36-45,3-5 Yrs,0,Junior Core,-0.159,-0.919
43,No,Travel_Rarely,177,Research & Development,8,3,Life Sciences,1,Female,55,3,2,Manufacturing Director,2,Divorced,4765.0,Upto 5k,23814,4,No,21,4,3,1,4,2,4,1,0,0,0.0,4765,0,36-45,0-2 Yrs,0,Junior Core,-1.1593,-1.3172
43,No,Travel_Rarely,415,Sales,25,3,Medical,3,Male,79,2,3,Sales Executive,4,Divorced,10798.0,10k-15k,5268,5,No,13,3,3,1,18,5,3,1,0,0,0.0,10798,0,36-45,0-2 Yrs,1,Mid-Level Professionals,0.7249,-1.8041
43,No,Travel_Frequently,1082,Research & Development,27,3,Life Sciences,3,Female,83,3,3,Manufacturing Director,1,Married,10820.0,10k-15k,11535,8,No,11,3,3,1,18,1,3,8,7,0,1.0,10820,0,36-45,6-10 Yrs,1,Mid-Level Professionals,1.2687,-1.0053
43,Yes,Travel_Rarely,1372,Sales,9,3,Marketing,1,Female,85,1,2,Sales Executive,3,Single,5346.0,5k-10k,9489,8,No,13,3,2,0,7,2,2,4,3,1,3.0,5346,1,36-45,3-5 Yrs,0,Junior Core,-0.4527,-0.5645
43,No,Travel_Rarely,920,Research & Development,3,3,Life Sciences,3,Male,96,1,5,Research Director,4,Married,16583.5,15k+,18625,3,No,14,3,2,1,25,2,3,8,7,0,7.0,19740,0,36-45,6-10 Yrs,2,Senior Leadership,3.6463,-1.159
43,No,Travel_Rarely,531,Sales,4,4,Marketing,4,Female,56,2,3,Sales Executive,4,Single,10231.0,10k-15k,20364,3,No,14,3,4,0,23,3,4,21,7,15,17.0,10231,0,36-45,20+ Yrs,2,Senior Leadership,3.7911,2.6511
43,No,Travel_Rarely,930,Research & Development,6,3,Medical,1,Female,73,2,2,Research Scientist,3,Single,4081.0,Upto 5k,20003,1,Yes,14,3,1,0,20,3,1,20,7,1,8.0,4081,0,36-45,11-20 Yrs,1,Mid-Level Professionals,1.6811,1.4943
43,No,Travel_Rarely,990,Research & Development,27,3,Technical Degree,4,Male,87,4,1,Laboratory Technician,2,Divorced,4876.0,Upto 5k,5855,5,No,12,3,3,1,8,0,3,6,4,0,2.0,4876,0,36-45,6-10 Yrs,0,Junior Core,-0.8088,-0.0486
43,No,Travel_Rarely,1291,Research & Development,15,2,Life Sciences,3,Male,65,2,4,Research Director,3,Married,16583.5,15k+,3525,1,No,24,4,1,1,14,3,3,14,10,6,11.0,17603,0,36-45,11-20 Yrs,2,Senior Leadership,3.326,0.713
43,No,Travel_Rarely,1179,Sales,2,3,Medical,4,Male,73,3,2,Sales Executive,4,Married,7847.0,5k-10k,6069,1,Yes,17,3,1,1,10,3,3,10,9,8,8.0,7847,0,36-45,6-10 Yrs,1,Mid-Level Professionals,0.824,0.5602
43,Yes,Travel_Frequently,807,Research & Development,17,3,Technical Degree,3,Male,38,2,1,Research Scientist,3,Married,2437.0,Upto 5k,15587,9,Yes,16,3,4,1,6,4,3,1,0,0,0.0,2437,1,36-45,0-2 Yrs,0,Junior Core,-1.688,-0.8473
43,No,Travel_Rarely,244,Human Resources,2,3,Life Sciences,2,Male,97,3,1,Human Resources,4,Single,3539.0,Upto 5k,5033,0,No,13,3,2,0,10,5,3,9,7,1,8.0,3539,0,36-45,6-10 Yrs,1,Mid-Level Professionals,-0.0973,0.9333
43,No,Non-Travel,343,Research & Development,9,3,Life Sciences,1,Male,52,3,1,Research Scientist,3,Single,2438.0,Upto 5k,24978,4,No,13,3,3,0,7,2,2,3,2,1,2.0,2438,0,36-45,3-5 Yrs,0,Junior Core,-1.3203,-0.4637
43,No,Travel_Frequently,1422,Sales,2,4,Life Sciences,1,Male,92,3,2,Sales Executive,4,Married,5675.0,5k-10k,19246,1,No,20,4,3,1,7,5,3,7,7,7,7.0,5675,0,36-45,6-10 Yrs,1,Mid-Level Professionals,0.1353,0.3006
43,No,Travel_Rarely,823,Research & Development,6,3,Medical,1,Female,81,2,5,Manager,3,Married,16583.5,15k+,22539,7,No,13,3,4,0,21,2,3,16,12,6,14.0,19392,0,36-45,11-20 Yrs,2,Senior Leadership,4.5574,0.9597
43,No,Travel_Rarely,574,Research & Development,11,3,Life Sciences,1,Male,30,3,3,Healthcare Representative,3,Married,7510.0,5k-10k,16873,1,No,17,3,2,1,10,1,3,10,9,0,9.0,7510,0,36-45,6-10 Yrs,1,Mid-Level Professionals,1.2955,0.7287
44,No,Travel_Rarely,477,Research & Development,7,4,Medical,1,Female,42,2,3,Healthcare Representative,4,Married,10248.0,10k-15k,2094,3,No,14,3,4,1,24,4,3,22,6,5,3.0,10248,0,36-45,20+ Yrs,2,Senior Leadership,2.6822,0.045
44,No,Travel_Rarely,1459,Research & Development,10,4,Other,4,Male,41,3,2,Healthcare Representative,4,Married,6465.0,5k-10k,19121,2,Yes,13,3,4,0,9,5,4,4,2,1,3.0,6465,0,36-45,3-5 Yrs,1,Mid-Level Professionals,-0.1791,-0.6873
44,No,Travel_Rarely,1488,Sales,1,5,Marketing,2,Female,75,3,2,Sales Executive,1,Divorced,5454.0,5k-10k,4009,5,Yes,21,4,3,1,9,2,2,4,3,1,3.0,5454,0,36-45,3-5 Yrs,0,Junior Core,-0.2868,-0.7929
44,No,Non-Travel,489,Research & Development,23,3,Medical,2,Male,67,3,2,Laboratory Technician,2,Married,2042.0,Upto 5k,25043,4,No,12,3,3,1,17,3,4,3,2,1,2.0,2042,0,36-45,3-5 Yrs,1,Mid-Level Professionals,-0.3047,-0.6074
44,Yes,Travel_Frequently,920,Research & Development,24,3,Life Sciences,4,Male,43,3,1,Laboratory Technician,3,Divorced,3161.0,Upto 5k,19920,3,Yes,22,4,4,1,19,0,1,1,0,0,0.0,3161,1,36-45,0-2 Yrs,0,Junior Core,-0.7909,-1.0285
44,No,Travel_Rarely,1112,Human Resources,1,4,Life Sciences,1,Female,50,2,2,Human Resources,3,Single,5985.0,5k-10k,26894,4,No,11,3,2,0,10,1,4,2,2,0,2.0,5985,0,36-45,0-2 Yrs,0,Junior Core,-0.3913,-1.1959
44,No,Travel_Rarely,1315,Research & Development,3,4,Other,4,Male,35,3,5,Manager,4,Married,16583.5,15k+,9358,4,Yes,12,3,1,1,26,2,4,2,2,0,1.0,19513,0,36-45,0-2 Yrs,2,Senior Leadership,2.8124,-2.8581
44,No,Non-Travel,381,Research & Development,24,3,Medical,1,Male,49,1,1,Laboratory Technician,3,Single,3708.0,Upto 5k,2104,2,No,14,3,3,0,9,5,3,5,2,1,4.0,3708,0,36-45,3-5 Yrs,0,Junior Core,-0.7154,0.2063
44,No,Travel_Rarely,625,Research & Development,4,3,Medical,4,Male,50,3,2,Healthcare Representative,2,Single,5933.0,5k-10k,5197,9,No,12,3,4,0,10,2,2,5,2,2,3.0,5933,0,36-45,3-5 Yrs,1,Mid-Level Professionals,-0.1118,-0.7015
44,No,Travel_Rarely,986,Research & Development,8,4,Life Sciences,1,Male,62,4,1,Laboratory Technician,4,Married,2818.0,Upto 5k,5044,2,Yes,24,4,3,1,10,2,2,3,2,0,2.0,2818,0,36-45,3-5 Yrs,0,Junior Core,-1.0636,-0.5977
44,No,Travel_Rarely,661,Research & Development,9,2,Life Sciences,2,Male,61,3,1,Research Scientist,1,Married,2559.0,Upto 5k,7508,1,Yes,13,3,4,0,8,0,3,8,7,7,1.0,2559,0,36-45,6-10 Yrs,0,Junior Core,-0.98,-0.3129
44,No,Travel_Rarely,1448,Sales,28,3,Medical,4,Female,53,4,4,Sales Executive,4,Married,13320.0,10k-15k,11737,3,Yes,18,3,3,1,23,2,3,12,11,11,11.0,13320,0,36-45,11-20 Yrs,2,Senior Leadership,3.4442,0.7767
44,Yes,Travel_Rarely,1376,Human Resources,1,2,Medical,2,Male,91,2,3,Human Resources,1,Married,10482.0,10k-15k,2326,9,No,14,3,4,1,24,1,3,20,6,3,6.0,10482,1,36-45,11-20 Yrs,2,Senior Leadership,2.8485,0.3335
44,Yes,Travel_Rarely,1097,Research & Development,10,4,Life Sciences,3,Male,96,3,1,Research Scientist,3,Single,2936.0,Upto 5k,10826,1,Yes,11,3,3,0,6,4,3,6,4,0,2.0,2936,1,36-45,6-10 Yrs,0,Junior Core,-1.0986,-0.2537
44,No,Non-Travel,111,Research & Development,17,3,Life Sciences,4,Male,74,1,1,Research Scientist,3,Single,2290.0,Upto 5k,4279,2,No,13,3,4,0,6,3,3,0,0,0,0.0,2290,0,36-45,0-2 Yrs,0,Junior Core,-1.7302,-0.9625
44,No,Travel_Rarely,200,Research & Development,29,4,Other,4,Male,32,3,2,Research Scientist,4,Single,4541.0,Upto 5k,7744,1,No,25,4,2,0,20,3,3,20,11,13,17.0,4541,0,36-45,11-20 Yrs,1,Mid-Level Professionals,2.593,3.569
44,No,Travel_Rarely,1117,Research & Development,2,1,Life Sciences,1,Female,72,4,1,Research Scientist,4,Married,2011.0,Upto 5k,19982,1,No,13,3,4,1,10,5,3,10,5,7,7.0,2011,0,36-45,6-10 Yrs,1,Mid-Level Professionals,-0.2445,0.8695
44,No,Travel_Rarely,1099,Sales,5,3,Marketing,2,Male,88,3,5,Manager,2,Married,16583.5,15k+,8751,7,No,11,3,3,1,26,5,3,22,9,3,10.0,18213,0,36-45,20+ Yrs,2,Senior Leadership,4.917,0.537
44,No,Travel_Rarely,1199,Research & Development,4,2,Life Sciences,3,Male,92,4,5,Manager,1,Divorced,16583.5,15k+,17477,1,No,14,3,4,2,26,4,2,25,9,14,13.0,19190,0,36-45,20+ Yrs,2,Senior Leadership,5.3823,1.3387
44,Yes,Travel_Rarely,621,Research & Development,15,3,Medical,1,Female,73,3,3,Healthcare Representative,4,Married,7978.0,5k-10k,14075,1,No,11,3,4,1,10,2,3,10,7,0,5.0,7978,1,36-45,6-10 Yrs,1,Mid-Level Professionals,1.0188,-0.0337
44,Yes,Travel_Rarely,935,Research & Development,3,3,Life Sciences,1,Male,89,3,1,Laboratory Technician,1,Married,2362.0,Upto 5k,14669,4,No,12,3,3,0,10,4,4,3,2,1,2.0,2362,1,36-45,3-5 Yrs,0,Junior Core,-1.1125,-0.6625
44,No,Non-Travel,981,Research & Development,5,3,Life Sciences,3,Male,90,2,1,Laboratory Technician,3,Single,3162.0,Upto 5k,7973,3,No,14,3,4,0,7,5,3,5,2,0,3.0,3162,0,36-45,3-5 Yrs,0,Junior Core,-0.9902,-0.2652
44,No,Travel_Rarely,1467,Research & Development,20,3,Life Sciences,4,Male,49,3,1,Research Scientist,2,Single,3420.0,Upto 5k,21158,1,No,13,3,3,0,6,3,2,5,2,1,3.0,3420,0,36-45,3-5 Yrs,0,Junior Core,-1.0182,0.0104
44,No,Travel_Frequently,383,Sales,1,5,Marketing,1,Female,79,3,2,Sales Executive,3,Married,4768.0,Upto 5k,9282,7,No,12,3,3,1,11,4,2,1,0,0,0.0,4768,0,36-45,0-2 Yrs,0,Junior Core,-0.7029,-1.6079
44,No,Travel_Frequently,1193,Research & Development,2,1,Medical,2,Male,86,3,3,Manufacturing Director,3,Single,10209.0,10k-15k,19719,5,Yes,18,3,2,0,16,2,2,2,2,2,2.0,10209,0,36-45,0-2 Yrs,1,Mid-Level Professionals,0.8186,-1.7314
44,No,Travel_Rarely,136,Research & Development,28,3,Life Sciences,4,Male,32,3,4,Research Director,1,Married,16328.0,15k+,22074,3,No,13,3,3,1,24,1,4,20,6,14,17.0,16328,0,36-45,11-20 Yrs,2,Senior Leadership,4.8749,2.3893
44,No,Travel_Rarely,1313,Research & Development,7,3,Medical,2,Female,31,3,5,Research Director,4,Divorced,16583.5,15k+,3549,0,Yes,14,3,4,1,23,4,2,22,7,1,10.0,19049,0,36-45,20+ Yrs,2,Senior Leadership,4.7372,0.6253
44,No,Travel_Frequently,602,Human Resources,1,5,Human Resources,1,Male,37,3,2,Human Resources,4,Married,5743.0,5k-10k,10503,4,Yes,11,3,3,0,14,3,3,10,7,0,2.0,5743,0,36-45,6-10 Yrs,1,Mid-Level Professionals,0.3386,-0.5974
44,No,Travel_Rarely,528,Human Resources,1,3,Life Sciences,3,Female,44,3,1,Human Resources,4,Divorced,3195.0,Upto 5k,4167,4,Yes,18,3,1,3,8,2,3,2,2,2,2.0,3195,0,36-45,0-2 Yrs,0,Junior Core,-1.2119,-0.794
44,No,Travel_Rarely,921,Research & Development,2,3,Life Sciences,3,Female,96,4,3,Healthcare Representative,4,Married,7879.0,5k-10k,14810,1,Yes,19,3,2,1,9,2,3,8,7,6,7.0,7879,0,36-45,6-10 Yrs,1,Mid-Level Professionals,0.9969,-0.0277
44,Yes,Travel_Frequently,429,Research & Development,1,2,Medical,3,Male,99,3,1,Research Scientist,2,Divorced,2342.0,Upto 5k,11092,1,Yes,12,3,3,3,6,2,2,5,3,2,3.0,2342,1,36-45,3-5 Yrs,0,Junior Core,-1.1366,-0.2735
44,No,Travel_Rarely,170,Research & Development,1,4,Life Sciences,2,Male,78,4,2,Healthcare Representative,1,Married,5033.0,5k-10k,9364,2,No,15,3,4,1,10,5,3,2,0,2,2.0,5033,0,36-45,0-2 Yrs,0,Junior Core,-0.4896,-1.141
44,No,Travel_Rarely,1037,Research & Development,1,3,Medical,2,Male,42,3,1,Research Scientist,4,Single,2436.0,Upto 5k,13422,6,Yes,12,3,3,0,6,2,3,4,3,1,2.0,2436,0,36-45,3-5 Yrs,0,Junior Core,-1.2821,-0.5522
45,No,Travel_Rarely,1339,Research & Development,7,3,Life Sciences,2,Male,59,3,3,Research Scientist,1,Divorced,9724.0,5k-10k,18787,2,No,17,3,3,1,25,2,3,1,0,0,0.0,9724,0,36-45,0-2 Yrs,1,Mid-Level Professionals,1.1032,-2.275
45,No,Travel_Rarely,193,Research & Development,6,4,Other,4,Male,52,3,3,Research Director,1,Married,13245.0,10k-15k,15067,4,Yes,14,3,2,0,17,3,4,0,0,0,3.0,13245,0,36-45,0-2 Yrs,1,Mid-Level Professionals,1.1936,-1.8647
45,No,Travel_Rarely,1316,Research & Development,29,3,Medical,3,Male,83,3,1,Research Scientist,4,Single,3452.0,Upto 5k,9752,5,No,13,3,2,0,9,2,2,6,5,0,3.0,3452,0,36-45,6-10 Yrs,0,Junior Core,-0.7295,0.1603
45,No,Travel_Rarely,194,Research & Development,9,3,Life Sciences,2,Male,60,3,2,Laboratory Technician,2,Divorced,2348.0,Upto 5k,10901,8,No,18,3,3,1,20,2,1,17,9,0,15.0,2348,0,36-45,11-20 Yrs,1,Mid-Level Professionals,2.0217,2.6609
45,No,Travel_Rarely,1268,Sales,4,2,Life Sciences,3,Female,30,3,2,Sales Executive,1,Divorced,5006.0,5k-10k,6319,4,Yes,11,3,1,1,9,3,4,5,4,0,3.0,5006,0,36-45,3-5 Yrs,1,Mid-Level Professionals,-0.2305,-0.6727
45,No,Non-Travel,1195,Research & Development,2,2,Medical,1,Male,65,2,4,Manager,4,Married,16583.5,15k+,20462,9,No,23,4,4,1,22,1,3,20,8,11,8.0,16792,0,36-45,11-20 Yrs,2,Senior Leadership,3.9899,0.1694
45,No,Non-Travel,1052,Sales,6,3,Medical,4,Female,57,2,3,Sales Executive,4,Single,8865.0,5k-10k,16840,6,No,12,3,4,0,23,2,3,19,7,12,8.0,8865,0,36-45,11-20 Yrs,2,Senior Leadership,2.7781,0.7946
45,No,Travel_Rarely,252,Research & Development,1,3,Other,3,Male,70,4,5,Manager,4,Married,16583.5,15k+,15970,0,No,11,3,3,1,25,2,3,24,0,1,7.0,19202,0,36-45,20+ Yrs,2,Senior Leadership,4.7483,0.0282
45,No,Travel_Frequently,1199,Research & Development,7,4,Life Sciences,1,Male,77,4,2,Manufacturing Director,3,Married,6434.0,5k-10k,5118,4,No,17,3,4,1,9,1,3,3,2,0,3.0,6434,0,36-45,3-5 Yrs,1,Mid-Level Professionals,-0.2104,-0.8638
45,No,Travel_Rarely,1385,Research & Development,20,2,Medical,3,Male,79,3,4,Healthcare Representative,4,Married,13496.0,10k-15k,7501,0,Yes,14,3,2,0,21,2,3,20,7,4,10.0,13496,0,36-45,11-20 Yrs,2,Senior Leadership,3.7994,1.0757
45,No,Travel_Frequently,1249,Research & Development,7,3,Life Sciences,1,Male,97,3,3,Laboratory Technician,1,Divorced,5210.0,5k-10k,20308,1,No,18,3,1,1,24,2,3,24,9,9,11.0,5210,0,36-45,20+ Yrs,2,Senior Leadership,3.0553,1.9895
45,No,Travel_Rarely,549,Research & Development,8,4,Other,4,Male,75,3,2,Research Scientist,4,Married,3697.0,Upto 5k,9278,9,No,14,3,1,2,12,3,3,10,9,9,8.0,3697,0,36-45,6-10 Yrs,1,Mid-Level Professionals,0.5925,0.7902
45,No,Travel_Rarely,192,Research & Development,10,2,Life Sciences,1,Male,69,3,1,Research Scientist,4,Married,2654.0,Upto 5k,9655,3,No,21,4,4,2,8,3,2,2,2,0,3.0,2654,0,36-45,0-2 Yrs,0,Junior Core,-1.1362,-0.4493
45,No,Travel_Rarely,561,Sales,2,3,Other,4,Male,61,3,2,Sales Executive,2,Married,4805.0,Upto 5k,16177,0,No,19,3,2,1,9,3,4,8,7,3,7.0,4805,0,36-45,6-10 Yrs,1,Mid-Level Professionals,0.3047,0.314
45,Yes,Travel_Frequently,306,Sales,26,4,Life Sciences,1,Female,100,3,2,Sales Executive,1,Married,4286.0,Upto 5k,5630,2,No,14,3,4,2,5,4,3,1,1,0,0.0,4286,1,36-45,0-2 Yrs,0,Junior Core,-1.0674,-1.063
45,No,Travel_Rarely,954,Sales,2,2,Technical Degree,2,Male,46,1,2,Sales Representative,3,Single,6632.0,5k-10k,12388,0,No,13,3,1,0,9,3,3,8,7,3,1.0,6632,0,36-45,6-10 Yrs,0,Junior Core,-0.0524,-0.9409
45,No,Travel_Rarely,252,Research & Development,2,3,Life Sciences,2,Female,95,2,1,Research Scientist,3,Single,2274.0,Upto 5k,6153,1,No,14,3,4,0,1,3,3,1,0,0,0.0,2274,0,36-45,0-2 Yrs,0,Junior Core,-1.9369,-1.1084
45,No,Travel_Rarely,930,Sales,9,3,Marketing,4,Male,74,3,3,Sales Executive,1,Divorced,10761.0,10k-15k,19239,4,Yes,12,3,3,1,18,2,3,5,4,0,2.0,10761,0,36-45,3-5 Yrs,1,Mid-Level Professionals,1.2286,-1.4672
45,No,Non-Travel,805,Research & Development,4,2,Life Sciences,3,Male,57,3,2,Laboratory Technician,2,Married,4447.0,Upto 5k,23163,1,No,12,3,2,0,9,5,2,9,7,0,8.0,4447,0,36-45,6-10 Yrs,1,Mid-Level Professionals,0.4236,0.6443
45,No,Travel_Rarely,974,Research & Development,1,4,Medical,4,Female,91,3,1,Laboratory Technician,4,Divorced,2270.0,Upto 5k,11005,3,No,14,3,4,2,8,2,3,5,3,0,2.0,2270,0,36-45,3-5 Yrs,0,Junior Core,-1.0774,-0.5375
45,No,Non-Travel,248,Research & Development,23,2,Life Sciences,4,Male,42,3,2,Laboratory Technician,1,Married,3633.0,Upto 5k,14039,1,Yes,15,3,3,1,9,2,3,9,8,0,8.0,3633,0,36-45,6-10 Yrs,1,Mid-Level Professionals,0.3466,1.0373
45,No,Travel_Rarely,1234,Sales,11,2,Life Sciences,4,Female,90,3,4,Manager,4,Married,16583.5,15k+,5404,3,No,13,3,2,1,26,4,4,9,3,1,1.0,17650,0,36-45,6-10 Yrs,2,Senior Leadership,2.8905,-1.9759
45,No,Travel_Rarely,788,Human Resources,24,4,Medical,2,Male,36,3,1,Human Resources,2,Single,2177.0,Upto 5k,8318,1,No,16,3,1,0,6,3,3,6,3,0,4.0,2177,0,36-45,6-10 Yrs,0,Junior Core,-0.9526,0.3862
45,No,Non-Travel,1050,Sales,9,4,Life Sciences,2,Female,65,2,2,Sales Executive,3,Married,5593.0,5k-10k,17970,1,No,13,3,4,1,15,2,3,15,10,4,12.0,5593,0,36-45,11-20 Yrs,1,Mid-Level Professionals,1.6544,1.8222
45,No,Travel_Rarely,1457,Research & Development,7,3,Medical,1,Female,83,3,1,Research Scientist,3,Married,4477.0,Upto 5k,20100,4,Yes,19,3,3,1,7,2,2,3,2,0,2.0,4477,0,36-45,3-5 Yrs,0,Junior Core,-1.0359,-0.7016
45,Yes,Travel_Rarely,1449,Sales,2,3,Marketing,1,Female,94,1,5,Manager,2,Single,16583.5,15k+,2493,2,Yes,16,3,1,0,26,2,3,24,10,1,11.0,18824,1,36-45,20+ Yrs,2,Senior Leadership,5.1727,0.7954
45,No,Travel_Frequently,364,Research & Development,25,3,Medical,2,Female,83,3,5,Manager,2,Single,16583.5,15k+,13035,3,No,22,4,3,0,22,4,3,0,0,0,0.0,18061,0,36-45,0-2 Yrs,2,Senior Leadership,2.3976,-2.7853
45,No,Travel_Rarely,1038,Research & Development,20,3,Medical,2,Male,95,1,3,Healthcare Representative,1,Divorced,10851.0,10k-15k,19863,2,Yes,18,3,2,1,24,2,3,7,7,0,7.0,10851,0,36-45,6-10 Yrs,2,Senior Leadership,2.1865,-0.2545
45,No,Travel_Rarely,1448,Research & Development,29,3,Technical Degree,2,Male,55,3,3,Manufacturing Director,4,Married,9380.0,5k-10k,14720,4,Yes,18,3,4,2,10,4,4,3,1,1,2.0,9380,0,36-45,3-5 Yrs,1,Mid-Level Professionals,0.4834,-1.0483
45,No,Travel_Rarely,950,Research & Development,28,3,Technical Degree,4,Male,97,3,1,Research Scientist,4,Married,2132.0,Upto 5k,4585,4,No,20,4,4,1,8,3,3,5,4,0,3.0,2132,0,36-45,3-5 Yrs,0,Junior Core,-0.9906,0.1538
45,No,Travel_Rarely,538,Research & Development,1,4,Technical Degree,1,Male,66,3,3,Healthcare Representative,2,Divorced,7441.0,5k-10k,20933,1,No,12,3,1,3,10,4,3,10,8,7,7.0,7441,0,36-45,6-10 Yrs,1,Mid-Level Professionals,1.1773,0.0835
45,No,Travel_Rarely,1015,Research & Development,5,5,Medical,3,Female,50,1,2,Laboratory Technician,1,Single,5769.0,5k-10k,23447,1,Yes,14,3,1,0,10,3,3,10,7,1,4.0,5769,0,36-45,6-10 Yrs,1,Mid-Level Professionals,0.3212,-0.1156
45,No,Non-Travel,336,Sales,26,3,Marketing,1,Male,52,2,2,Sales Executive,1,Married,4385.0,Upto 5k,24162,1,No,15,3,1,1,10,2,3,10,7,4,5.0,4385,0,36-45,6-10 Yrs,1,Mid-Level Professionals,0.277,0.5382
45,No,Travel_Rarely,1329,Research & Development,2,2,Other,4,Female,59,2,2,Manufacturing Director,4,Divorced,5770.0,5k-10k,5388,1,No,19,3,1,2,10,3,3,10,7,3,9.0,5770,0,36-45,6-10 Yrs,1,Mid-Level Professionals,0.775,0.7877
45,No,Non-Travel,1238,Research & Development,1,1,Life Sciences,3,Male,74,2,3,Healthcare Representative,3,Married,10748.0,10k-15k,3395,3,No,23,4,4,1,25,3,2,23,15,14,4.0,10748,0,36-45,20+ Yrs,2,Senior Leadership,2.9843,0.1209
45,No,Travel_Rarely,1005,Research & Development,28,2,Technical Degree,4,Female,48,2,4,Research Director,2,Single,16583.5,15k+,17119,1,No,11,3,3,0,21,2,3,21,6,8,6.0,16704,0,36-45,20+ Yrs,2,Senior Leadership,3.8217,0.3588
45,No,Travel_Rarely,176,Human Resources,4,3,Life Sciences,3,Female,56,1,3,Human Resources,3,Married,9756.0,5k-10k,6595,4,No,21,4,3,2,9,2,4,5,0,0,3.0,9756,0,36-45,3-5 Yrs,1,Mid-Level Professionals,0.6722,-1.1529
45,No,Non-Travel,589,Sales,2,4,Life Sciences,3,Female,67,3,2,Sales Executive,3,Married,5154.0,5k-10k,19665,4,No,22,4,2,2,10,3,4,8,7,5,7.0,5154,0,36-45,6-10 Yrs,1,Mid-Level Professionals,0.4009,0.2765
45,No,Travel_Rarely,556,Research & Development,25,2,Life Sciences,2,Female,93,2,2,Manufacturing Director,4,Married,5906.0,5k-10k,23888,0,No,13,3,4,2,10,2,2,9,8,3,8.0,5906,0,36-45,6-10 Yrs,1,Mid-Level Professionals,0.6423,0.9254
45,No,Travel_Frequently,1297,Research & Development,1,4,Medical,2,Male,44,3,2,Healthcare Representative,3,Single,5399.0,5k-10k,14511,4,No,12,3,3,0,12,3,3,4,2,0,3.0,5399,0,36-45,3-5 Yrs,1,Mid-Level Professionals,-0.0747,-0.8836
45,No,Travel_Rarely,374,Sales,20,3,Life Sciences,4,Female,50,3,2,Sales Executive,3,Single,4850.0,Upto 5k,23333,8,No,15,3,3,0,8,3,3,5,3,0,1.0,4850,0,36-45,3-5 Yrs,0,Junior Core,-0.4827,-0.7382
46,No,Travel_Rarely,705,Sales,2,4,Marketing,2,Female,83,3,5,Manager,1,Single,16583.5,15k+,22822,3,No,12,3,4,0,22,2,2,2,2,2,3.0,18947,0,46-55,0-2 Yrs,2,Senior Leadership,2.8277,-2.5079
46,No,Travel_Frequently,1211,Sales,5,4,Marketing,1,Male,98,3,2,Sales Executive,4,Single,5772.0,5k-10k,20445,4,Yes,21,4,3,0,14,4,3,9,6,0,8.0,5772,0,46-55,6-10 Yrs,1,Mid-Level Professionals,0.8991,0.4577
46,No,Travel_Rarely,945,Human Resources,5,2,Medical,2,Male,80,3,2,Human Resources,2,Divorced,5021.0,5k-10k,10425,8,Yes,22,4,4,1,16,2,3,4,2,0,2.0,5021,0,46-55,3-5 Yrs,1,Mid-Level Professionals,0.0749,-1.0918
46,Yes,Travel_Rarely,669,Sales,9,2,Medical,3,Male,64,2,3,Sales Executive,4,Single,9619.0,5k-10k,13596,1,No,16,3,4,0,9,3,3,9,8,4,7.0,9619,1,46-55,6-10 Yrs,1,Mid-Level Professionals,1.318,-0.0027
46,No,Travel_Frequently,638,Research & Development,1,3,Medical,3,Male,40,2,3,Healthcare Representative,1,Married,10673.0,10k-15k,3142,2,Yes,13,3,3,1,21,5,2,10,9,9,5.0,10673,0,46-55,6-10 Yrs,2,Senior Leadership,2.0286,-0.7183
46,No,Travel_Rarely,526,Sales,1,2,Marketing,2,Female,92,3,3,Sales Executive,1,Divorced,10453.0,10k-15k,2137,1,No,25,4,3,3,24,2,3,24,13,15,7.0,10453,0,46-55,20+ Yrs,2,Senior Leadership,3.268,0.7698
46,No,Travel_Rarely,644,Research & Development,1,4,Medical,4,Male,97,3,3,Healthcare Representative,1,Divorced,9396.0,5k-10k,12368,7,No,16,3,3,1,17,3,3,4,2,0,3.0,9396,0,46-55,3-5 Yrs,1,Mid-Level Professionals,1.0885,-1.4489
46,No,Travel_Rarely,488,Sales,2,3,Technical Degree,3,Female,75,1,4,Manager,2,Married,16583.5,15k+,14977,3,Yes,12,3,2,1,28,2,2,7,7,7,7.0,16872,0,46-55,6-10 Yrs,2,Senior Leadership,3.462,-1.2303
46,No,Non-Travel,1144,Research & Development,7,4,Medical,3,Female,30,3,2,Manufacturing Director,3,Married,5258.0,5k-10k,16044,2,No,14,3,3,0,7,2,4,1,0,0,0.0,5258,0,46-55,0-2 Yrs,0,Junior Core,-0.8164,-1.5416
46,No,Travel_Rarely,1485,Research & Development,18,3,Medical,3,Female,87,3,2,Manufacturing Director,3,Divorced,4810.0,Upto 5k,26314,2,No,14,3,3,1,19,5,2,10,7,0,8.0,4810,0,46-55,6-10 Yrs,1,Mid-Level Professionals,1.1698,0.7451
46,No,Travel_Rarely,1009,Research & Development,2,3,Life Sciences,1,Male,51,3,4,Research Director,3,Married,16583.5,15k+,2288,6,No,13,3,3,0,26,2,1,3,2,0,1.0,17861,0,46-55,3-5 Yrs,2,Senior Leadership,2.5388,-2.6721
46,No,Travel_Rarely,1125,Sales,10,3,Marketing,3,Female,94,2,3,Sales Executive,4,Married,9071.0,5k-10k,11563,2,Yes,19,3,3,1,15,3,3,3,2,1,2.0,9071,0,46-55,3-5 Yrs,1,Mid-Level Professionals,0.7826,-1.505
46,No,Travel_Frequently,1034,Research & Development,18,1,Medical,1,Female,86,3,3,Healthcare Representative,3,Married,10527.0,10k-15k,8984,5,No,11,3,4,0,28,3,2,2,2,1,2.0,10527,0,46-55,0-2 Yrs,2,Senior Leadership,1.6543,-1.7499
46,No,Travel_Rarely,566,Research & Development,7,2,Medical,4,Male,75,3,3,Manufacturing Director,3,Divorced,10845.0,10k-15k,24208,6,No,13,3,2,1,13,3,3,8,7,0,7.0,10845,0,46-55,6-10 Yrs,1,Mid-Level Professionals,1.6204,-0.2607
46,No,Travel_Rarely,430,Research & Development,1,4,Medical,4,Male,40,3,5,Research Director,4,Divorced,16583.5,15k+,21445,9,No,17,3,4,2,23,0,3,2,2,2,2.0,19627,0,46-55,0-2 Yrs,2,Senior Leadership,2.7966,-2.735
46,No,Travel_Rarely,1003,Research & Development,8,4,Life Sciences,4,Female,74,2,2,Research Scientist,1,Divorced,4615.0,Upto 5k,21029,8,Yes,23,4,1,3,19,2,3,16,13,1,7.0,4615,0,46-55,11-20 Yrs,1,Mid-Level Professionals,1.4406,0.8729
46,No,Travel_Rarely,406,Sales,3,1,Marketing,1,Male,52,3,4,Manager,3,Married,16583.5,15k+,15596,3,No,12,3,4,1,23,3,3,12,9,4,9.0,17465,0,46-55,11-20 Yrs,2,Senior Leadership,3.6646,-0.3338
46,No,Travel_Rarely,1402,Sales,2,3,Marketing,3,Female,69,3,4,Manager,1,Married,16583.5,15k+,24097,8,No,23,4,1,0,28,2,3,26,15,15,9.0,17048,0,46-55,20+ Yrs,2,Senior Leadership,4.8649,0.7055
46,No,Travel_Rarely,1450,Research & Development,15,2,Life Sciences,4,Male,52,3,5,Research Director,2,Married,16583.5,15k+,10849,5,No,11,3,1,1,25,2,3,4,2,0,3.0,19081,0,46-55,3-5 Yrs,2,Senior Leadership,3.1417,-2.1596
46,No,Travel_Rarely,150,Research & Development,2,4,Technical Degree,4,Male,60,3,2,Manufacturing Director,4,Divorced,7379.0,5k-10k,17433,2,No,11,3,3,1,12,3,2,6,3,1,4.0,7379,0,46-55,6-10 Yrs,1,Mid-Level Professionals,0.387,-0.6665
46,No,Travel_Rarely,168,Sales,4,2,Marketing,4,Female,33,2,5,Manager,2,Married,16583.5,15k+,9946,2,No,14,3,3,1,26,2,3,11,4,0,8.0,18789,0,46-55,11-20 Yrs,2,Senior Leadership,4.1024,-0.8472
46,No,Travel_Rarely,991,Human Resources,1,2,Life Sciences,4,Female,44,3,1,Human Resources,1,Single,3423.0,Upto 5k,22957,6,No,12,3,3,0,10,3,4,7,6,5,7.0,3423,0,46-55,6-10 Yrs,1,Mid-Level Professionals,-0.2173,0.4409
46,Yes,Travel_Rarely,377,Sales,9,3,Marketing,1,Male,52,3,3,Sales Executive,4,Divorced,10096.0,10k-15k,15986,4,No,11,3,1,1,28,1,4,7,7,4,3.0,10096,1,46-55,6-10 Yrs,2,Senior Leadership,2.0187,-1.2888
46,No,Travel_Rarely,228,Sales,3,3,Life Sciences,3,Female,51,3,4,Manager,2,Married,16583.5,15k+,11380,8,No,12,3,4,1,23,2,4,13,12,5,1.0,16606,0,46-55,11-20 Yrs,2,Senior Leadership,3.0012,-1.7848
46,No,Travel_Rarely,563,Sales,1,4,Life Sciences,4,Male,56,4,4,Manager,1,Single,16583.5,15k+,3156,1,No,15,3,2,0,27,5,1,26,0,0,12.0,17567,0,46-55,20+ Yrs,2,Senior Leadership,5.0772,1.2794
46,No,Travel_Rarely,717,Research & Development,13,4,Life Sciences,3,Male,34,3,2,Healthcare Representative,2,Single,5562.0,5k-10k,9697,6,No,14,3,4,0,19,3,3,10,7,0,9.0,5562,0,46-55,6-10 Yrs,1,Mid-Level Professionals,1.3366,0.8023
46,No,Travel_Rarely,1277,Sales,2,3,Life Sciences,3,Male,74,3,3,Sales Executive,4,Divorced,10368.0,10k-15k,5596,4,Yes,12,3,2,1,13,5,2,10,6,0,3.0,10368,0,46-55,6-10 Yrs,1,Mid-Level Professionals,1.334,-0.9272
46,No,Travel_Rarely,734,Research & Development,2,4,Medical,3,Male,46,3,5,Research Director,4,Divorced,16583.5,15k+,14218,7,Yes,17,3,3,1,24,3,3,2,1,2,2.0,19328,0,46-55,0-2 Yrs,2,Senior Leadership,2.8572,-2.7341
46,No,Non-Travel,849,Sales,26,2,Life Sciences,2,Male,98,2,2,Sales Executive,2,Single,7991.0,5k-10k,25166,8,No,15,3,3,0,6,3,3,2,2,2,2.0,7991,0,46-55,0-2 Yrs,0,Junior Core,-0.341,-0.8709
46,Yes,Travel_Rarely,261,Research & Development,21,2,Medical,4,Female,66,3,2,Healthcare Representative,2,Married,8926.0,5k-10k,10842,4,No,22,4,4,1,13,2,4,9,7,3,7.0,8926,1,46-55,6-10 Yrs,1,Mid-Level Professionals,1.0797,0.393
46,No,Travel_Rarely,706,Research & Development,2,2,Life Sciences,4,Male,82,3,3,Manufacturing Director,4,Divorced,8578.0,5k-10k,19989,3,No,14,3,3,1,12,4,2,9,8,4,7.0,8578,0,46-55,6-10 Yrs,1,Mid-Level Professionals,1.3885,-0.1221
46,No,Travel_Rarely,1319,Sales,3,3,Technical Degree,1,Female,45,4,4,Sales Executive,1,Divorced,13225.0,10k-15k,7739,2,No,12,3,4,1,25,5,3,19,17,2,8.0,13225,0,46-55,11-20 Yrs,2,Senior Leadership,3.797,0.2056
46,Yes,Travel_Rarely,1254,Sales,10,3,Life Sciences,3,Female,64,3,3,Sales Executive,2,Married,7314.0,5k-10k,14011,5,No,21,4,3,3,14,2,3,8,7,0,7.0,7314,1,46-55,6-10 Yrs,1,Mid-Level Professionals,1.3171,-0.0199
47,Yes,Non-Travel,666,Research & Development,29,4,Life Sciences,1,Male,88,3,3,Manager,2,Married,11849.0,10k-15k,10268,1,Yes,12,3,4,1,10,2,2,10,7,9,9.0,11849,1,46-55,6-10 Yrs,1,Mid-Level Professionals,1.8994,0.6386
47,No,Travel_Rarely,1482,Research & Development,5,5,Life Sciences,4,Male,42,3,5,Research Director,3,Married,16583.5,15k+,16375,4,No,11,3,2,1,21,2,3,3,2,1,1.0,18300,0,46-55,3-5 Yrs,2,Senior Leadership,2.6883,-2.7793
47,No,Travel_Frequently,1309,Sales,4,1,Medical,2,Male,99,3,2,Sales Representative,3,Single,2976.0,Upto 5k,25751,3,No,19,3,1,0,5,3,3,0,0,0,0.0,2976,0,46-55,0-2 Yrs,0,Junior Core,-1.2006,-1.5537
47,No,Travel_Rarely,983,Research & Development,2,2,Medical,1,Female,65,3,2,Manufacturing Director,4,Divorced,5070.0,5k-10k,7389,5,No,13,3,3,3,20,2,3,5,0,0,4.0,5070,0,46-55,3-5 Yrs,1,Mid-Level Professionals,0.6031,-0.7955
47,No,Travel_Rarely,703,Sales,14,4,Marketing,4,Male,42,3,2,Sales Executive,1,Single,4960.0,Upto 5k,11825,2,No,12,3,4,0,20,2,3,7,7,1,7.0,4960,0,46-55,6-10 Yrs,1,Mid-Level Professionals,0.9975,0.1676
47,No,Travel_Frequently,217,Sales,3,3,Medical,4,Female,49,3,4,Sales Executive,3,Divorced,13770.0,10k-15k,10225,9,Yes,12,3,4,2,28,2,2,22,2,11,13.0,13770,0,46-55,20+ Yrs,2,Senior Leadership,4.7187,1.2835
47,Yes,Travel_Frequently,719,Sales,27,2,Life Sciences,2,Female,77,4,2,Sales Executive,3,Single,6397.0,5k-10k,10339,4,Yes,12,3,4,0,8,2,3,5,4,1,3.0,6397,1,46-55,3-5 Yrs,1,Mid-Level Professionals,-0.0639,-0.4006
47,No,Travel_Rarely,202,Research & Development,2,2,Other,3,Female,33,3,4,Manager,4,Married,16583.5,15k+,12982,1,Yes,11,3,3,1,26,3,2,26,14,3,0.0,16752,0,46-55,20+ Yrs,2,Senior Leadership,3.9631,-1.0261
47,No,Travel_Rarely,249,Sales,2,2,Marketing,3,Female,35,3,2,Sales Executive,4,Married,4537.0,Upto 5k,17783,0,Yes,22,4,1,1,8,2,3,7,6,7,7.0,4537,0,46-55,6-10 Yrs,1,Mid-Level Professionals,0.2271,0.1811
47,No,Travel_Rarely,1454,Sales,2,4,Life Sciences,4,Female,65,2,1,Sales Representative,4,Single,3294.0,Upto 5k,13137,1,Yes,18,3,1,0,3,3,2,3,2,1,2.0,3294,0,46-55,3-5 Yrs,0,Junior Core,-1.3262,-0.7391
47,No,Travel_Frequently,1379,Research & Development,16,4,Medical,3,Male,64,4,2,Manufacturing Director,3,Divorced,5067.0,5k-10k,6759,1,Yes,19,3,3,0,20,3,4,19,10,2,7.0,5067,0,46-55,11-20 Yrs,1,Mid-Level Professionals,1.7805,1.1785
47,No,Travel_Rarely,955,Sales,4,2,Life Sciences,4,Female,83,3,2,Sales Executive,4,Single,4163.0,Upto 5k,8571,1,Yes,17,3,3,0,9,0,3,9,0,0,7.0,4163,0,46-55,6-10 Yrs,1,Mid-Level Professionals,0.3779,0.3852
47,No,Travel_Rarely,465,Research & Development,1,3,Technical Degree,1,Male,74,3,1,Research Scientist,4,Married,3420.0,Upto 5k,10205,7,No,12,3,3,1,17,2,2,6,5,1,2.0,3420,0,46-55,6-10 Yrs,0,Junior Core,-0.278,-0.7617
47,No,Travel_Rarely,359,Research & Development,2,4,Medical,1,Female,82,3,4,Research Director,3,Married,16583.5,15k+,26703,3,No,19,3,2,2,26,2,4,20,17,5,6.0,17169,0,46-55,11-20 Yrs,2,Senior Leadership,4.1233,-0.3669
47,No,Travel_Rarely,571,Sales,14,3,Medical,3,Female,78,3,2,Sales Executive,3,Married,4591.0,Upto 5k,24200,3,Yes,17,3,3,1,11,4,2,5,4,1,2.0,4591,0,46-55,3-5 Yrs,1,Mid-Level Professionals,-0.1656,-0.7768
47,No,Travel_Rarely,1176,Human Resources,26,4,Life Sciences,4,Female,98,3,5,Manager,3,Married,16583.5,15k+,5220,3,No,11,3,3,1,27,2,3,5,2,1,0.0,19658,0,46-55,3-5 Yrs,2,Senior Leadership,3.0948,-2.5289
47,No,Travel_Rarely,1225,Sales,2,4,Life Sciences,2,Female,47,4,4,Manager,2,Divorced,15972.0,15k+,21086,6,No,14,3,3,3,29,2,3,3,2,1,2.0,15972,0,46-55,3-5 Yrs,2,Senior Leadership,2.7845,-2.5391
47,Yes,Travel_Frequently,1093,Sales,9,3,Life Sciences,3,Male,82,1,4,Sales Executive,3,Married,12936.0,10k-15k,24164,7,No,11,3,3,0,25,3,1,23,5,14,10.0,12936,1,46-55,20+ Yrs,2,Senior Leadership,4.2456,0.9997
47,No,Non-Travel,543,Sales,2,4,Marketing,3,Male,87,3,2,Sales Executive,2,Married,4978.0,Upto 5k,3536,7,No,11,3,4,1,4,3,1,1,0,0,0.0,4978,0,46-55,0-2 Yrs,0,Junior Core,-0.9905,-1.6065
47,No,Travel_Rarely,1001,Research & Development,4,3,Life Sciences,3,Female,92,2,3,Manufacturing Director,2,Divorced,10333.0,10k-15k,19271,8,Yes,12,3,3,1,28,4,3,22,11,14,10.0,10333,0,46-55,20+ Yrs,2,Senior Leadership,3.6792,1.1314
47,No,Travel_Rarely,207,Research & Development,9,4,Life Sciences,2,Female,64,3,1,Laboratory Technician,3,Single,2105.0,Upto 5k,5411,4,No,12,3,3,0,7,2,3,2,2,2,0.0,2105,0,46-55,0-2 Yrs,0,Junior Core,-1.4518,-1.0772
47,No,Non-Travel,1169,Research & Development,14,4,Technical Degree,3,Male,64,3,2,Research Scientist,2,Married,5467.0,5k-10k,2125,8,No,18,3,3,1,16,4,4,8,7,1,7.0,5467,0,46-55,6-10 Yrs,1,Mid-Level Professionals,0.8734,0.2893
47,No,Travel_Rarely,1180,Research & Development,25,3,Medical,1,Male,84,3,3,Healthcare Representative,3,Single,8633.0,5k-10k,13084,2,No,23,4,2,0,25,3,3,17,14,12,11.0,8633,0,46-55,11-20 Yrs,2,Senior Leadership,3.1005,1.4468
47,No,Non-Travel,1162,Research & Development,1,1,Medical,3,Female,98,3,3,Research Director,2,Married,11957.0,10k-15k,17231,0,No,18,3,1,2,14,3,1,13,8,5,12.0,11957,0,46-55,11-20 Yrs,2,Senior Leadership,2.6066,0.8732
48,Yes,Travel_Rarely,626,Research & Development,1,2,Life Sciences,1,Male,98,2,3,Laboratory Technician,3,Single,5381.0,5k-10k,19294,9,Yes,13,3,4,0,23,2,3,1,0,0,0.0,5381,1,46-55,0-2 Yrs,1,Mid-Level Professionals,0.6438,-2.2252
48,No,Travel_Rarely,530,Sales,29,1,Medical,1,Female,91,3,3,Manager,3,Married,12504.0,10k-15k,23978,3,No,21,4,2,1,15,3,1,0,0,0,0.0,12504,0,46-55,0-2 Yrs,1,Mid-Level Professionals,0.8441,-2.0691
48,No,Travel_Rarely,163,Sales,2,5,Marketing,2,Female,37,3,2,Sales Executive,4,Married,4051.0,Upto 5k,19658,2,No,14,3,1,1,14,2,3,9,7,6,7.0,4051,0,46-55,6-10 Yrs,1,Mid-Level Professionals,0.7038,0.2268
48,No,Travel_Rarely,1236,Research & Development,1,4,Life Sciences,4,Female,40,2,4,Manager,1,Married,15402.0,15k+,17997,7,No,11,3,1,1,21,3,1,3,2,0,2.0,15402,0,46-55,3-5 Yrs,2,Senior Leadership,2.2809,-2.428
48,No,Travel_Rarely,817,Sales,2,1,Marketing,2,Male,56,4,2,Sales Executive,2,Married,8120.0,5k-10k,18597,3,No,12,3,4,0,12,3,3,2,2,2,2.0,8120,0,46-55,0-2 Yrs,1,Mid-Level Professionals,0.0991,-1.5031
48,No,Travel_Rarely,1469,Research & Development,20,4,Medical,4,Male,51,3,1,Research Scientist,3,Married,2259.0,Upto 5k,5543,4,No,17,3,1,2,13,2,2,0,0,0,0.0,2259,0,46-55,0-2 Yrs,0,Junior Core,-1.1619,-1.195
48,No,Travel_Rarely,277,Research & Development,6,3,Life Sciences,1,Male,97,2,2,Healthcare Representative,3,Single,4240.0,Upto 5k,13119,2,No,13,3,4,0,19,0,3,2,2,2,2.0,4240,0,46-55,0-2 Yrs,1,Mid-Level Professionals,0.1212,-1.3278
48,No,Travel_Rarely,1355,Research & Development,4,4,Life Sciences,3,Male,78,2,3,Healthcare Representative,3,Single,10999.0,10k-15k,22245,7,No,14,3,2,0,27,3,3,15,11,4,8.0,10999,0,46-55,11-20 Yrs,2,Senior Leadership,3.0933,0.1132
48,No,Non-Travel,1262,Research & Development,1,4,Medical,1,Male,35,4,4,Manager,4,Single,16583.5,15k+,16154,2,No,22,4,3,0,27,3,2,5,4,2,1.0,16885,0,46-55,3-5 Yrs,2,Senior Leadership,2.8017,-2.6281
48,No,Travel_Rarely,969,Research & Development,2,2,Technical Degree,4,Male,76,4,1,Laboratory Technician,2,Single,2559.0,Upto 5k,16620,5,No,11,3,3,0,7,4,2,1,0,0,0.0,2559,0,46-55,0-2 Yrs,0,Junior Core,-1.4345,-1.3545
48,No,Travel_Rarely,715,Research & Development,1,3,Life Sciences,4,Male,76,2,5,Research Director,4,Single,16583.5,15k+,8733,6,No,12,3,3,0,25,3,4,1,0,0,0.0,18265,0,46-55,0-2 Yrs,2,Senior Leadership,2.7453,-3.3184
48,No,Travel_Rarely,855,Research & Development,4,3,Life Sciences,4,Male,54,3,3,Manufacturing Director,4,Single,7898.0,5k-10k,18706,1,No,11,3,3,0,11,2,3,10,9,0,8.0,7898,0,46-55,6-10 Yrs,1,Mid-Level Professionals,1.4886,0.1602
48,No,Travel_Rarely,1221,Sales,7,3,Marketing,3,Male,96,3,2,Sales Executive,1,Divorced,5486.0,5k-10k,24795,4,No,11,3,1,3,15,3,3,2,2,2,2.0,5486,0,46-55,0-2 Yrs,1,Mid-Level Professionals,0.0095,-1.3122
48,No,Travel_Rarely,492,Sales,16,4,Life Sciences,3,Female,96,3,2,Sales Executive,3,Divorced,6439.0,5k-10k,13693,8,No,14,3,3,1,18,2,3,8,7,7,7.0,6439,0,46-55,6-10 Yrs,1,Mid-Level Professionals,1.1322,0.1931
48,No,Travel_Rarely,1108,Research & Development,15,4,Other,3,Female,65,3,1,Research Scientist,1,Married,2367.0,Upto 5k,16530,8,No,12,3,4,1,10,3,2,8,2,7,6.0,2367,0,46-55,6-10 Yrs,1,Mid-Level Professionals,-0.2733,0.5629
48,No,Travel_Frequently,365,Research & Development,4,5,Medical,3,Male,89,2,4,Manager,4,Married,15202.0,15k+,5602,2,No,25,4,2,1,23,3,3,2,2,2,2.0,15202,0,46-55,0-2 Yrs,2,Senior Leadership,2.3175,-2.4782
48,Yes,Travel_Frequently,708,Sales,7,2,Medical,4,Female,95,3,1,Sales Representative,3,Married,2655.0,Upto 5k,11740,2,Yes,11,3,3,2,19,3,3,9,7,7,7.0,2655,1,46-55,6-10 Yrs,1,Mid-Level Professionals,0.4504,0.5182
48,No,Travel_Rarely,1224,Research & Development,10,3,Life Sciences,4,Male,91,2,5,Research Director,2,Married,16583.5,15k+,13583,4,No,12,3,4,0,29,3,3,22,10,12,9.0,19665,0,46-55,20+ Yrs,2,Senior Leadership,5.1576,0.2167
48,No,Travel_Frequently,117,Research & Development,22,3,Medical,4,Female,58,3,4,Manager,4,Divorced,16583.5,15k+,2437,3,No,11,3,2,1,24,3,3,22,17,4,7.0,17174,0,46-55,20+ Yrs,2,Senior Leadership,4.2671,0.345
49,No,Travel_Frequently,279,Research & Development,8,1,Life Sciences,3,Male,61,2,2,Research Scientist,2,Married,5130.0,5k-10k,24907,1,No,23,4,4,1,10,3,3,10,7,1,7.0,5130,0,46-55,6-10 Yrs,1,Mid-Level Professionals,0.6782,0.3828
49,No,Travel_Rarely,470,Research & Development,20,4,Medical,3,Female,96,3,2,Manufacturing Director,1,Married,6567.0,5k-10k,5549,1,No,14,3,3,0,16,2,2,15,11,5,11.0,6567,0,46-55,11-20 Yrs,1,Mid-Level Professionals,1.8774,1.5896
49,No,Non-Travel,1002,Research & Development,18,4,Life Sciences,4,Male,92,3,2,Manufacturing Director,4,Divorced,6804.0,5k-10k,23793,1,Yes,15,3,1,2,7,0,3,7,7,1,7.0,6804,0,46-55,6-10 Yrs,1,Mid-Level Professionals,0.4815,0.2752
49,No,Travel_Frequently,636,Research & Development,10,4,Life Sciences,3,Female,35,3,5,Research Director,1,Single,16583.5,15k+,25594,9,Yes,11,3,4,0,22,4,3,3,2,1,2.0,18665,0,46-55,3-5 Yrs,2,Senior Leadership,2.9158,-2.5979
49,No,Travel_Rarely,1091,Research & Development,1,2,Technical Degree,3,Female,90,2,4,Healthcare Representative,3,Single,13964.0,10k-15k,17810,7,Yes,12,3,4,0,25,2,3,7,1,0,7.0,13964,0,46-55,6-10 Yrs,2,Senior Leadership,3.1223,-1.1715
49,No,Travel_Rarely,1261,Research & Development,7,3,Other,2,Male,31,2,3,Healthcare Representative,3,Single,10965.0,10k-15k,12066,8,No,24,4,3,0,26,2,3,5,2,0,0.0,10965,0,46-55,3-5 Yrs,2,Senior Leadership,1.6977,-2.2048
49,No,Travel_Rarely,1245,Research & Development,18,4,Life Sciences,4,Male,58,2,5,Research Director,3,Divorced,16583.5,15k+,2125,1,Yes,17,3,3,1,31,5,3,31,9,0,9.0,19502,0,46-55,20+ Yrs,2,Senior Leadership,5.8965,1.0213
49,Yes,Travel_Rarely,1184,Sales,11,3,Marketing,3,Female,43,3,3,Sales Executive,4,Married,7654.0,5k-10k,5860,1,No,18,3,1,2,9,3,4,9,8,7,7.0,7654,1,46-55,6-10 Yrs,1,Mid-Level Professionals,1.2276,0.0211
49,No,Travel_Rarely,1418,Research & Development,1,3,Technical Degree,3,Female,36,3,1,Research Scientist,1,Married,3580.0,Upto 5k,10554,2,No,16,3,2,1,7,2,3,4,2,0,2.0,3580,0,46-55,3-5 Yrs,0,Junior Core,-0.9175,-0.8452
49,No,Travel_Rarely,527,Research & Development,8,2,Other,1,Female,51,3,3,Laboratory Technician,2,Married,7403.0,5k-10k,22477,4,No,11,3,3,1,29,3,2,26,9,1,7.0,7403,0,46-55,20+ Yrs,2,Senior Leadership,3.4969,1.0241
49,No,Travel_Rarely,174,Sales,8,4,Technical Degree,4,Male,56,2,4,Sales Executive,2,Married,13120.0,10k-15k,11879,6,No,17,3,2,1,22,3,3,9,8,2,3.0,13120,0,46-55,6-10 Yrs,2,Senior Leadership,2.6218,-1.5463
49,No,Travel_Rarely,1098,Research & Development,4,2,Medical,1,Male,85,2,5,Manager,3,Married,16583.5,15k+,12124,2,No,13,3,3,1,23,2,4,1,0,0,0.0,18711,0,46-55,0-2 Yrs,2,Senior Leadership,2.6633,-3.2711
49,Yes,Travel_Frequently,1475,Research & Development,28,2,Life Sciences,1,Male,97,2,2,Laboratory Technician,1,Single,4284.0,Upto 5k,22710,3,No,20,4,1,0,20,2,3,4,3,1,3.0,4284,1,46-55,3-5 Yrs,1,Mid-Level Professionals,0.4508,-0.6339
49,No,Travel_Rarely,1495,Research & Development,5,4,Technical Degree,1,Male,96,3,2,Healthcare Representative,3,Married,6651.0,5k-10k,21534,2,No,14,3,2,1,20,0,2,3,2,1,2.0,6651,0,46-55,3-5 Yrs,1,Mid-Level Professionals,0.5315,-1.4625
49,No,Travel_Rarely,1490,Research & Development,7,4,Life Sciences,3,Male,35,3,3,Healthcare Representative,2,Divorced,10466.0,10k-15k,20948,3,No,14,3,2,2,29,3,3,8,7,0,7.0,10466,0,46-55,6-10 Yrs,2,Senior Leadership,2.6562,-0.6416
49,No,Travel_Rarely,271,Research & Development,3,2,Medical,3,Female,43,2,2,Laboratory Technician,1,Married,4789.0,Upto 5k,23070,4,No,25,4,1,1,10,3,3,3,2,1,2.0,4789,0,46-55,3-5 Yrs,0,Junior Core,-0.2635,-1.2185
49,No,Travel_Rarely,722,Research & Development,25,4,Life Sciences,3,Female,84,3,1,Laboratory Technician,1,Married,3211.0,Upto 5k,22102,1,No,14,3,4,1,10,3,2,9,6,1,4.0,3211,0,46-55,6-10 Yrs,1,Mid-Level Professionals,-0.2628,0.353
49,No,Travel_Rarely,301,Research & Development,22,4,Other,1,Female,72,3,4,Research Director,2,Married,16413.0,15k+,3498,3,No,16,3,2,2,27,2,3,4,2,1,2.0,16413,0,46-55,3-5 Yrs,2,Senior Leadership,2.8558,-2.1679
49,No,Travel_Rarely,465,Research & Development,6,1,Life Sciences,3,Female,41,2,4,Healthcare Representative,3,Married,13966.0,10k-15k,11652,2,Yes,19,3,2,1,30,3,3,15,11,2,12.0,13966,0,46-55,11-20 Yrs,2,Senior Leadership,4.3942,0.4446
49,No,Travel_Rarely,464,Research & Development,16,3,Medical,4,Female,74,3,1,Laboratory Technician,1,Divorced,2587.0,Upto 5k,24941,4,Yes,16,3,2,1,17,2,2,2,2,2,2.0,2587,0,46-55,0-2 Yrs,0,Junior Core,-0.541,-0.8513
49,No,Travel_Rarely,809,Research & Development,1,3,Life Sciences,3,Male,36,3,4,Manager,3,Single,15379.0,15k+,22384,4,No,14,3,1,0,23,2,3,8,7,0,0.0,15379,0,46-55,6-10 Yrs,2,Senior Leadership,2.5756,-2.4778
49,No,Travel_Rarely,1313,Sales,11,4,Marketing,4,Female,80,3,2,Sales Executive,4,Single,4507.0,Upto 5k,8191,3,No,12,3,3,0,8,1,4,5,1,0,4.0,4507,0,46-55,3-5 Yrs,1,Mid-Level Professionals,-0.0996,-0.4754
49,No,Travel_Frequently,1064,Research & Development,2,1,Life Sciences,2,Male,42,3,5,Research Director,4,Married,16583.5,15k+,13738,3,No,15,3,4,0,28,3,3,5,4,4,3.0,19161,0,46-55,3-5 Yrs,2,Senior Leadership,3.4935,-2.4924
49,No,Travel_Frequently,1023,Sales,2,3,Medical,4,Male,63,2,2,Sales Executive,2,Married,5390.0,5k-10k,13243,2,No,14,3,4,0,17,3,2,9,6,0,8.0,5390,0,46-55,6-10 Yrs,1,Mid-Level Professionals,1.1509,0.2473
50,Yes,Travel_Rarely,869,Sales,3,2,Marketing,1,Male,86,2,1,Sales Representative,3,Married,2683.0,Upto 5k,3810,1,Yes,14,3,3,0,3,2,3,3,2,0,2.0,2683,1,46-55,3-5 Yrs,0,Junior Core,-1.2771,-0.8115
50,No,Travel_Rarely,989,Research & Development,7,2,Medical,2,Female,43,2,5,Research Director,3,Divorced,16583.5,15k+,16701,5,Yes,12,3,4,1,29,2,2,27,3,13,8.0,18740,0,46-55,20+ Yrs,2,Senior Leadership,5.4613,0.2952
50,No,Travel_Frequently,1115,Research & Development,1,3,Life Sciences,1,Female,73,3,5,Research Director,2,Married,16583.5,15k+,9755,3,Yes,19,3,1,0,28,1,2,8,3,0,7.0,18172,0,46-55,6-10 Yrs,2,Senior Leadership,4.087,-1.541
50,No,Travel_Frequently,809,Sales,12,3,Marketing,3,Female,77,3,3,Sales Executive,4,Single,9208.0,5k-10k,6645,4,No,11,3,4,0,16,3,3,2,2,2,1.0,9208,0,46-55,0-2 Yrs,1,Mid-Level Professionals,0.8516,-1.9349
50,No,Travel_Rarely,1452,Research & Development,11,3,Life Sciences,3,Female,53,3,5,Manager,2,Single,16583.5,15k+,17053,3,No,15,3,2,0,21,5,3,5,4,4,4.0,19926,0,46-55,3-5 Yrs,2,Senior Leadership,3.2037,-2.0577
50,No,Travel_Rarely,328,Research & Development,1,3,Medical,3,Male,86,2,1,Laboratory Technician,3,Married,3690.0,Upto 5k,3425,2,No,15,3,4,1,5,2,2,3,2,0,2.0,3690,0,46-55,3-5 Yrs,0,Junior Core,-1.0535,-0.9406
50,No,Travel_Rarely,854,Sales,1,4,Medical,4,Female,68,3,5,Manager,4,Divorced,16583.5,15k+,24118,3,No,11,3,3,1,32,3,2,7,0,0,6.0,19517,0,46-55,6-10 Yrs,2,Senior Leadership,4.1726,-1.8836
50,No,Travel_Rarely,797,Research & Development,4,1,Life Sciences,1,Male,96,3,5,Research Director,2,Divorced,16583.5,15k+,15815,3,No,14,3,1,2,28,4,2,10,4,1,6.0,19144,0,46-55,6-10 Yrs,2,Senior Leadership,4.1257,-1.5146
50,No,Travel_Rarely,1046,Research & Development,10,3,Technical Degree,4,Male,100,2,3,Healthcare Representative,4,Single,10496.0,10k-15k,2755,6,No,15,3,4,0,20,2,3,4,3,1,3.0,10496,0,46-55,3-5 Yrs,1,Mid-Level Professionals,1.5351,-1.5682
50,No,Travel_Rarely,1099,Research & Development,29,4,Life Sciences,2,Male,88,2,4,Manager,3,Married,16583.5,15k+,9314,0,No,15,3,2,1,28,2,3,27,10,15,7.0,17046,0,46-55,20+ Yrs,2,Senior Leadership,4.9063,0.728
50,No,Travel_Frequently,1246,Human Resources,3,3,Medical,1,Male,99,3,5,Manager,2,Married,16583.5,15k+,7999,1,No,11,3,3,1,32,2,3,32,5,10,7.0,18200,0,46-55,20+ Yrs,2,Senior Leadership,5.8708,0.3874
50,No,Travel_Rarely,1207,Research & Development,28,1,Medical,4,Male,74,4,1,Laboratory Technician,3,Married,3221.0,Upto 5k,3297,1,Yes,11,3,3,3,20,3,3,20,8,3,8.0,3221,0,46-55,11-20 Yrs,1,Mid-Level Professionals,1.4492,1.8573
50,Yes,Travel_Frequently,562,Sales,8,2,Technical Degree,2,Male,50,3,2,Sales Executive,3,Married,6796.0,5k-10k,23452,3,Yes,14,3,1,1,18,4,3,4,3,1,3.0,6796,1,46-55,3-5 Yrs,1,Mid-Level Professionals,0.6197,-1.1503
50,No,Travel_Rarely,316,Sales,8,4,Marketing,4,Male,54,3,1,Sales Representative,2,Married,3875.0,Upto 5k,9983,7,No,15,3,4,1,4,2,3,2,2,2,2.0,3875,0,46-55,0-2 Yrs,0,Junior Core,-1.1562,-0.8882
50,No,Travel_Rarely,691,Research & Development,2,3,Medical,3,Male,64,3,4,Research Director,3,Married,16583.5,15k+,6881,5,No,16,3,4,0,30,3,3,4,3,0,3.0,17639,0,46-55,3-5 Yrs,2,Senior Leadership,3.1748,-2.4442
50,No,Non-Travel,881,Research & Development,2,4,Life Sciences,1,Male,98,3,4,Manager,1,Divorced,16583.5,15k+,4544,1,No,11,3,4,1,31,3,3,31,6,14,7.0,17924,0,46-55,20+ Yrs,2,Senior Leadership,5.3339,0.5113
50,No,Travel_Rarely,1126,Research & Development,1,2,Medical,4,Male,66,3,4,Research Director,4,Divorced,16583.5,15k+,6615,9,No,22,4,3,1,32,1,2,5,4,1,3.0,17399,0,46-55,3-5 Yrs,2,Senior Leadership,3.3591,-2.4154
50,No,Travel_Rarely,939,Research & Development,24,3,Life Sciences,4,Male,95,3,4,Manufacturing Director,3,Married,13973.0,10k-15k,4161,3,Yes,18,3,4,1,22,2,3,12,11,1,5.0,13973,0,46-55,11-20 Yrs,2,Senior Leadership,3.1278,-0.7177
50,No,Travel_Rarely,804,Research & Development,9,3,Life Sciences,1,Male,64,3,1,Laboratory Technician,4,Married,2380.0,Upto 5k,20165,4,No,18,3,2,0,8,5,3,1,0,0,0.0,2380,0,46-55,0-2 Yrs,0,Junior Core,-1.3157,-1.3179
50,No,Non-Travel,145,Sales,1,3,Life Sciences,4,Female,95,3,2,Sales Executive,3,Married,6347.0,5k-10k,24920,0,No,12,3,1,1,19,3,3,18,7,0,13.0,6347,0,46-55,11-20 Yrs,1,Mid-Level Professionals,2.4402,1.7908
50,No,Travel_Rarely,1464,Research & Development,2,4,Medical,2,Male,62,3,5,Research Director,3,Married,16583.5,15k+,12853,2,Yes,11,3,4,1,29,2,2,8,1,7,7.0,19237,0,46-55,6-10 Yrs,2,Senior Leadership,4.1476,-1.5401
50,Yes,Travel_Frequently,959,Sales,1,4,Other,4,Male,81,3,2,Sales Executive,3,Single,4728.0,Upto 5k,17251,3,Yes,14,3,4,0,5,4,3,0,0,0,0.0,4728,1,46-55,0-2 Yrs,0,Junior Core,-0.9089,-1.8352
50,No,Travel_Frequently,1421,Research & Development,2,3,Medical,4,Female,30,3,4,Manager,1,Married,16583.5,15k+,9490,2,No,22,4,3,1,32,3,3,2,2,2,2.0,17856,0,46-55,0-2 Yrs,2,Senior Leadership,3.0757,-2.8339
50,No,Travel_Rarely,1322,Research & Development,28,3,Life Sciences,4,Female,43,3,4,Research Director,1,Married,16583.5,15k+,22422,4,Yes,11,3,2,0,25,2,3,3,2,1,2.0,16880,0,46-55,3-5 Yrs,2,Senior Leadership,2.7283,-2.1575
50,No,Travel_Frequently,333,Research & Development,22,5,Medical,3,Male,88,1,4,Research Director,4,Single,14411.0,10k-15k,24450,1,Yes,13,3,4,0,32,2,3,32,6,13,9.0,14411,0,46-55,20+ Yrs,2,Senior Leadership,5.4233,1.4483
50,No,Travel_Rarely,264,Sales,9,3,Marketing,3,Male,59,3,5,Manager,3,Married,16583.5,15k+,19519,4,Yes,16,3,3,1,27,2,3,1,0,0,0.0,19331,0,46-55,0-2 Yrs,2,Senior Leadership,2.9432,-3.2912
50,No,Travel_Frequently,1234,Research & Development,20,5,Medical,2,Male,41,3,4,Healthcare Representative,3,Married,11245.0,10k-15k,20689,2,Yes,15,3,3,1,32,3,3,30,8,12,13.0,11245,0,46-55,20+ Yrs,2,Senior Leadership,5.3309,2.1973
50,No,Travel_Rarely,813,Research & Development,17,5,Life Sciences,4,Female,50,2,3,Research Director,1,Divorced,13269.0,10k-15k,21981,5,No,15,3,3,3,19,3,3,14,11,1,11.0,13269,0,46-55,11-20 Yrs,2,Senior Leadership,3.1342,0.7667
50,Yes,Travel_Frequently,878,Sales,1,4,Life Sciences,2,Male,94,3,2,Sales Executive,3,Divorced,6728.0,5k-10k,14255,7,No,12,3,4,2,12,3,3,6,3,0,1.0,6728,1,46-55,6-10 Yrs,1,Mid-Level Professionals,0.1955,-1.3897
50,Yes,Travel_Rarely,410,Sales,28,3,Marketing,4,Male,39,2,3,Sales Executive,1,Divorced,10854.0,10k-15k,16586,4,Yes,13,3,2,1,20,3,3,3,2,2,0.0,10854,1,46-55,3-5 Yrs,1,Mid-Level Professionals,1.2416,-1.9175
51,No,Travel_Rarely,432,Research & Development,9,4,Life Sciences,4,Male,96,3,1,Laboratory Technician,4,Married,2075.0,Upto 5k,18725,3,No,23,4,2,2,10,4,3,4,2,0,3.0,2075,0,46-55,3-5 Yrs,0,Junior Core,-0.7239,-0.557
51,No,Travel_Rarely,632,Sales,21,4,Marketing,3,Male,71,3,2,Sales Executive,4,Single,5441.0,5k-10k,8423,0,Yes,22,4,4,0,11,2,1,10,7,1,0.0,5441,0,46-55,6-10 Yrs,1,Mid-Level Professionals,0.2132,-0.8407
51,No,Travel_Frequently,1456,Research & Development,1,4,Medical,1,Female,30,2,3,Healthcare Representative,1,Single,7484.0,5k-10k,25796,3,No,20,4,3,0,23,1,2,13,12,12,8.0,7484,0,46-55,11-20 Yrs,2,Senior Leadership,2.4716,0.0411
51,No,Travel_Rarely,684,Research & Development,6,3,Life Sciences,1,Male,51,3,5,Research Director,3,Single,16583.5,15k+,6462,7,No,13,3,3,0,23,5,3,20,18,15,15.0,19537,0,46-55,11-20 Yrs,2,Senior Leadership,5.324,1.1079
51,Yes,Travel_Frequently,1150,Research & Development,8,4,Life Sciences,1,Male,53,1,3,Manufacturing Director,4,Single,10650.0,10k-15k,25150,2,No,15,3,4,0,18,2,3,4,2,0,3.0,10650,1,46-55,3-5 Yrs,1,Mid-Level Professionals,1.4671,-1.6208
51,No,Travel_Rarely,1169,Research & Development,7,4,Medical,2,Male,34,2,2,Manufacturing Director,3,Married,6132.0,5k-10k,13983,2,No,17,3,3,0,10,2,3,1,0,0,0.0,6132,0,46-55,0-2 Yrs,0,Junior Core,-0.3592,-1.8536
51,No,Travel_Rarely,313,Research & Development,3,3,Medical,4,Female,98,3,4,Healthcare Representative,2,Single,13734.0,10k-15k,7192,3,No,18,3,3,0,21,6,3,7,7,1,0.0,13734,0,46-55,6-10 Yrs,2,Senior Leadership,2.2963,-2.4776
51,No,Travel_Rarely,1469,Research & Development,8,4,Life Sciences,2,Male,81,2,3,Research Director,2,Married,12490.0,10k-15k,15736,5,No,16,3,4,2,16,5,1,10,9,4,7.0,12490,0,46-55,6-10 Yrs,2,Senior Leadership,2.2862,-0.4356
51,No,Travel_Rarely,833,Research & Development,1,3,Life Sciences,3,Male,96,3,1,Research Scientist,4,Married,2723.0,Upto 5k,23231,1,No,11,3,2,0,1,0,2,1,0,0,3.0,2723,0,46-55,0-2 Yrs,0,Junior Core,-1.3944,-0.8295
51,No,Travel_Rarely,1302,Research & Development,2,3,Medical,4,Male,84,1,2,Manufacturing Director,2,Divorced,5482.0,5k-10k,16321,5,No,18,3,4,1,13,3,3,4,1,1,2.0,5482,0,46-55,3-5 Yrs,1,Mid-Level Professionals,0.1271,-1.3308
51,No,Travel_Rarely,1178,Sales,14,2,Life Sciences,3,Female,87,3,2,Sales Executive,4,Married,4936.0,Upto 5k,14862,4,No,11,3,3,1,18,2,2,7,7,0,7.0,4936,0,46-55,6-10 Yrs,1,Mid-Level Professionals,1.0237,0.0358
51,No,Travel_Rarely,1318,Sales,26,4,Marketing,1,Female,66,3,4,Manager,3,Married,16307.0,15k+,5594,2,No,14,3,3,1,29,2,2,20,6,4,17.0,16307,0,46-55,11-20 Yrs,2,Senior Leadership,5.4339,1.9739
51,Yes,Travel_Rarely,1323,Research & Development,4,4,Life Sciences,1,Male,34,3,1,Research Scientist,3,Married,2461.0,Upto 5k,10332,9,Yes,12,3,3,3,18,2,4,10,0,2,7.0,2461,1,46-55,6-10 Yrs,1,Mid-Level Professionals,0.5451,0.4479
51,No,Travel_Frequently,237,Sales,9,3,Life Sciences,4,Male,83,3,5,Manager,2,Divorced,16583.5,15k+,19196,4,Yes,24,4,1,1,31,5,2,29,10,11,10.0,19847,0,46-55,20+ Yrs,2,Senior Leadership,5.9302,0.8017
51,No,Travel_Frequently,968,Research & Development,6,2,Medical,2,Female,40,2,1,Laboratory Technician,3,Single,2838.0,Upto 5k,4257,0,No,14,3,2,0,8,6,2,7,0,7,7.0,2838,0,46-55,6-10 Yrs,1,Mid-Level Professionals,-0.2099,0.3905
51,No,Travel_Rarely,770,Human Resources,5,3,Life Sciences,3,Male,84,3,4,Manager,2,Divorced,14026.0,10k-15k,17588,1,Yes,11,3,2,1,33,2,3,33,9,0,10.0,14026,0,46-55,20+ Yrs,2,Senior Leadership,5.6299,1.3749
51,No,Travel_Rarely,1405,Research & Development,11,2,Technical Degree,4,Female,82,2,4,Manufacturing Director,2,Single,13142.0,10k-15k,24439,3,No,16,3,2,0,29,1,2,5,2,0,3.0,13142,0,46-55,3-5 Yrs,2,Senior Leadership,2.8641,-2.0249
51,No,Travel_Frequently,541,Sales,2,3,Marketing,2,Male,52,3,3,Sales Executive,2,Married,10596.0,10k-15k,15395,2,No,11,3,2,0,14,5,3,4,2,3,2.0,10596,0,46-55,3-5 Yrs,1,Mid-Level Professionals,1.1276,-1.8493
51,No,Travel_Rarely,942,Research & Development,3,3,Technical Degree,1,Female,53,3,3,Manager,3,Married,13116.0,10k-15k,22984,2,No,11,3,4,0,15,2,3,2,2,2,2.0,13116,0,46-55,0-2 Yrs,1,Mid-Level Professionals,1.3199,-2.1571
52,No,Travel_Rarely,699,Research & Development,1,4,Life Sciences,3,Male,65,2,5,Manager,3,Married,16583.5,15k+,5678,0,No,14,3,1,1,34,5,3,33,18,11,9.0,19999,0,46-55,20+ Yrs,2,Senior Leadership,6.3111,0.6974
52,No,Travel_Rarely,1323,Research & Development,2,3,Life Sciences,3,Female,89,2,1,Laboratory Technician,4,Single,3212.0,Upto 5k,3300,7,No,15,3,2,0,6,3,2,2,2,2,2.0,3212,0,46-55,0-2 Yrs,0,Junior Core,-1.032,-1.0778
52,No,Non-Travel,771,Sales,2,4,Life Sciences,1,Male,79,2,5,Manager,3,Single,16583.5,15k+,21030,1,Yes,18,3,4,0,33,2,4,33,7,15,12.0,19068,0,46-55,20+ Yrs,2,Senior Leadership,6.5242,1.3077
52,Yes,Travel_Rarely,723,Research & Development,8,4,Medical,3,Male,85,2,2,Research Scientist,2,Married,4941.0,Upto 5k,17747,2,No,15,3,1,0,11,3,2,8,2,7,7.0,4941,1,46-55,6-10 Yrs,1,Mid-Level Professionals,0.7022,0.0871
52,No,Travel_Rarely,319,Research & Development,3,3,Medical,4,Male,39,2,3,Manufacturing Director,3,Married,7969.0,5k-10k,19609,2,Yes,14,3,3,0,28,4,3,5,4,0,3.0,7969,0,46-55,3-5 Yrs,2,Senior Leadership,1.8918,-1.6906
52,No,Travel_Rarely,1490,Research & Development,4,2,Life Sciences,4,Female,30,3,4,Manager,4,Married,16555.0,15k+,10310,2,No,13,3,4,0,31,2,1,5,2,1,4.0,16555,0,46-55,3-5 Yrs,2,Senior Leadership,3.4626,-2.2341
52,No,Travel_Rarely,956,Research & Development,6,2,Technical Degree,4,Male,78,3,2,Research Scientist,1,Divorced,5577.0,5k-10k,22087,3,Yes,12,3,2,2,18,3,3,10,9,6,9.0,5577,0,46-55,6-10 Yrs,1,Mid-Level Professionals,1.4989,0.4395
52,No,Travel_Rarely,621,Sales,3,4,Marketing,3,Male,31,2,4,Manager,1,Married,16583.5,15k+,10084,1,No,11,3,1,0,34,3,4,34,6,1,16.0,16856,0,46-55,20+ Yrs,2,Senior Leadership,6.6008,2.3631
52,No,Non-Travel,715,Research & Development,19,4,Medical,4,Male,41,3,1,Research Scientist,4,Married,4258.0,Upto 5k,26589,0,No,18,3,1,1,5,3,3,4,3,1,2.0,4258,0,46-55,3-5 Yrs,0,Junior Core,-0.8493,-0.6477
52,No,Travel_Rarely,1325,Research & Development,11,4,Life Sciences,4,Female,82,3,2,Laboratory Technician,3,Married,3149.0,Upto 5k,21821,8,No,20,4,2,1,9,3,3,5,2,1,4.0,3149,0,46-55,3-5 Yrs,1,Mid-Level Professionals,-0.0678,-0.5403
52,No,Travel_Frequently,890,Research & Development,25,4,Medical,3,Female,81,2,4,Manufacturing Director,4,Married,13826.0,10k-15k,19028,3,No,22,4,3,0,31,3,3,9,8,0,0.0,13826,0,46-55,6-10 Yrs,2,Senior Leadership,3.0817,-2.1338
52,No,Travel_Rarely,1053,Research & Development,1,2,Life Sciences,4,Male,70,3,4,Manager,4,Married,16583.5,15k+,13829,2,No,15,3,2,1,26,2,2,9,8,7,8.0,17099,0,46-55,6-10 Yrs,2,Senior Leadership,3.7843,-1.1106
52,Yes,Travel_Rarely,266,Sales,2,1,Marketing,1,Female,57,1,5,Manager,4,Married,16583.5,15k+,25846,1,No,15,3,4,1,33,3,3,32,14,6,9.0,19845,1,46-55,20+ Yrs,2,Senior Leadership,6.187,0.6512
52,No,Travel_Rarely,994,Research & Development,7,4,Life Sciences,2,Male,87,3,3,Healthcare Representative,2,Single,10445.0,10k-15k,15322,7,No,19,3,4,0,18,4,3,8,6,4,0.0,10445,0,46-55,6-10 Yrs,2,Senior Leadership,1.467,-1.917
52,Yes,Travel_Rarely,1030,Sales,5,3,Life Sciences,2,Male,64,3,3,Sales Executive,2,Single,8446.0,5k-10k,21534,9,Yes,19,3,3,0,10,2,2,8,7,7,7.0,8446,1,46-55,6-10 Yrs,1,Mid-Level Professionals,1.4149,-0.3587
52,No,Travel_Frequently,322,Research & Development,28,2,Medical,4,Female,59,4,4,Manufacturing Director,3,Married,13247.0,10k-15k,9731,2,Yes,11,3,2,1,24,3,2,5,3,0,2.0,13247,0,46-55,3-5 Yrs,2,Senior Leadership,2.5265,-1.8684
52,No,Travel_Rarely,258,Research & Development,8,4,Other,3,Female,54,3,1,Laboratory Technician,1,Married,2950.0,Upto 5k,17363,9,No,13,3,3,0,12,2,1,5,4,0,4.0,2950,0,46-55,3-5 Yrs,1,Mid-Level Professionals,-0.321,-0.4289
52,No,Non-Travel,585,Sales,29,4,Life Sciences,1,Male,40,3,1,Sales Representative,4,Divorced,3482.0,Upto 5k,19788,2,No,15,3,2,2,16,3,2,9,8,0,0.0,3482,0,46-55,6-10 Yrs,1,Mid-Level Professionals,-0.1242,-0.5858
53,No,Travel_Rarely,1219,Sales,2,4,Life Sciences,1,Female,78,2,4,Manager,4,Married,15427.0,15k+,22021,2,No,16,3,3,0,31,3,3,25,8,3,7.0,15427,0,46-55,20+ Yrs,2,Senior Leadership,4.9407,-0.0383
53,No,Travel_Rarely,1282,Research & Development,5,3,Other,3,Female,58,3,5,Manager,3,Divorced,16583.5,15k+,10735,4,No,11,3,4,1,26,3,2,14,13,4,3.0,19094,0,46-55,11-20 Yrs,2,Senior Leadership,4.1016,-1.8355
53,No,Travel_Rarely,1436,Sales,6,2,Marketing,2,Male,34,3,2,Sales Representative,3,Married,2306.0,Upto 5k,16047,2,Yes,20,4,4,1,13,3,1,7,7,4,5.0,2306,0,46-55,6-10 Yrs,1,Mid-Level Professionals,0.3408,-0.3389
53,No,Travel_Rarely,1084,Research & Development,13,2,Medical,4,Female,57,4,2,Manufacturing Director,1,Divorced,4450.0,Upto 5k,26250,1,No,11,3,3,2,5,3,3,4,2,1,3.0,4450,0,46-55,3-5 Yrs,1,Mid-Level Professionals,-0.2915,-0.8249
53,No,Travel_Rarely,1070,Research & Development,3,4,Medical,3,Male,45,3,4,Research Director,3,Married,16583.5,15k+,21016,3,Yes,16,3,4,3,21,5,2,5,3,1,3.0,17584,0,46-55,3-5 Yrs,2,Senior Leadership,2.8095,-2.3144
53,No,Travel_Rarely,238,Sales,1,1,Medical,4,Female,34,3,2,Sales Executive,1,Single,8381.0,5k-10k,7507,7,No,20,4,4,0,18,2,4,14,7,8,10.0,8381,0,46-55,11-20 Yrs,1,Mid-Level Professionals,2.1719,0.6633
53,No,Travel_Rarely,970,Research & Development,7,3,Life Sciences,3,Male,59,4,4,Research Director,3,Married,14814.0,10k-15k,13514,3,No,19,3,3,0,32,3,3,5,1,1,3.0,14814,0,46-55,3-5 Yrs,2,Senior Leadership,3.2904,-2.3299
53,No,Travel_Rarely,346,Research & Development,6,3,Life Sciences,4,Male,86,3,2,Laboratory Technician,4,Single,2450.0,Upto 5k,10919,2,No,17,3,4,0,19,4,3,2,2,2,2.0,2450,0,46-55,0-2 Yrs,1,Mid-Level Professionals,0.1226,-1.4344
53,No,Travel_Rarely,661,Sales,7,2,Marketing,1,Female,78,2,3,Sales Executive,4,Married,10934.0,10k-15k,20715,7,Yes,18,3,4,1,35,3,3,5,2,0,4.0,10934,0,46-55,3-5 Yrs,2,Senior Leadership,2.7491,-1.7602
53,No,Travel_Rarely,868,Sales,8,3,Marketing,1,Male,73,3,4,Sales Executive,4,Married,11836.0,10k-15k,22789,5,No,14,3,3,1,28,3,3,2,0,2,2.0,11836,0,46-55,0-2 Yrs,2,Senior Leadership,2.4586,-2.5076
53,No,Travel_Rarely,102,Research & Development,23,4,Life Sciences,4,Female,72,3,4,Research Director,4,Single,14275.0,10k-15k,20206,6,No,18,3,3,0,33,0,3,12,9,3,8.0,14275,0,46-55,11-20 Yrs,2,Senior Leadership,4.2055,-0.4948
53,No,Travel_Rarely,1376,Sales,2,2,Medical,3,Male,45,3,4,Manager,3,Divorced,14852.0,10k-15k,13938,6,No,13,3,3,1,22,3,4,17,13,15,2.0,14852,0,46-55,11-20 Yrs,2,Senior Leadership,3.3707,-1.4611
53,No,Travel_Frequently,124,Sales,2,3,Marketing,3,Female,38,2,3,Sales Executive,2,Married,7525.0,5k-10k,23537,2,No,12,3,1,1,30,2,3,15,7,6,12.0,7525,0,46-55,11-20 Yrs,2,Senior Leadership,3.4645,0.7817
53,No,Travel_Rarely,1223,Research & Development,7,2,Medical,4,Female,50,3,5,Manager,3,Divorced,16583.5,15k+,18640,3,No,18,3,2,1,26,6,3,7,7,4,7.0,18606,0,46-55,6-10 Yrs,2,Senior Leadership,4.0164,-1.6047
53,No,Travel_Rarely,447,Research & Development,2,3,Medical,4,Male,39,4,4,Research Director,2,Single,16583.5,15k+,19764,4,No,12,3,2,0,35,2,2,9,8,8,8.0,16598,0,46-55,6-10 Yrs,2,Senior Leadership,4.3637,-1.2901
53,Yes,Travel_Rarely,607,Research & Development,2,5,Technical Degree,3,Female,78,2,3,Manufacturing Director,4,Married,10169.0,10k-15k,14618,0,No,16,3,2,1,34,4,3,33,7,1,9.0,10169,1,46-55,20+ Yrs,2,Senior Leadership,4.8622,1.4563
53,No,Travel_Rarely,1395,Research & Development,24,4,Medical,2,Male,48,4,3,Healthcare Representative,4,Married,7005.0,5k-10k,3458,3,No,15,3,3,0,11,2,3,4,3,1,2.0,7005,0,46-55,3-5 Yrs,1,Mid-Level Professionals,0.6588,-1.2737
53,No,Non-Travel,661,Research & Development,1,4,Medical,1,Female,60,2,4,Manufacturing Director,3,Married,12965.0,10k-15k,22308,4,Yes,20,4,4,3,27,2,2,3,2,0,2.0,12965,0,46-55,3-5 Yrs,2,Senior Leadership,2.5767,-2.6011
53,Yes,Travel_Rarely,1168,Sales,24,4,Life Sciences,1,Male,66,3,3,Sales Executive,1,Single,10448.0,10k-15k,5843,6,Yes,13,3,2,0,15,2,2,2,2,2,2.0,10448,1,46-55,0-2 Yrs,1,Mid-Level Professionals,1.1266,-1.7048
54,No,Travel_Rarely,1217,Research & Development,2,4,Technical Degree,1,Female,60,3,3,Research Director,3,Married,13549.0,10k-15k,24001,9,No,12,3,1,1,16,5,1,4,3,0,3.0,13549,0,46-55,3-5 Yrs,2,Senior Leadership,1.7557,-1.9884
54,No,Non-Travel,142,Human Resources,26,3,Human Resources,4,Female,30,4,4,Manager,4,Single,16583.5,15k+,13871,2,Yes,12,3,3,0,23,3,3,5,3,4,4.0,17328,0,46-55,3-5 Yrs,2,Senior Leadership,3.0667,-1.7805
54,No,Travel_Rarely,1147,Sales,3,3,Marketing,4,Female,52,3,2,Sales Executive,1,Married,5940.0,5k-10k,17011,2,No,14,3,4,1,16,4,3,6,2,0,5.0,5940,0,46-55,6-10 Yrs,1,Mid-Level Professionals,0.8686,-0.7786
54,No,Travel_Frequently,928,Research & Development,20,4,Life Sciences,4,Female,31,3,2,Research Scientist,3,Single,4869.0,Upto 5k,16885,3,No,12,3,4,0,20,4,2,4,3,0,3.0,4869,0,46-55,3-5 Yrs,1,Mid-Level Professionals,0.6946,-1.0231
54,No,Travel_Rarely,821,Research & Development,5,2,Medical,1,Male,86,3,5,Research Director,1,Married,16583.5,15k+,8509,4,No,11,3,3,1,24,4,2,4,2,1,2.0,19406,0,46-55,3-5 Yrs,2,Senior Leadership,3.2849,-2.8516
54,No,Travel_Rarely,548,Research & Development,8,4,Life Sciences,3,Female,42,3,2,Laboratory Technician,3,Single,3780.0,Upto 5k,23428,7,No,11,3,3,0,19,3,3,1,0,0,0.0,3780,0,46-55,0-2 Yrs,0,Junior Core,0.0518,-1.9815
54,No,Travel_Rarely,397,Human Resources,19,4,Medical,3,Male,88,3,3,Human Resources,2,Married,10725.0,10k-15k,6729,2,No,15,3,3,1,16,1,4,9,7,7,1.0,10725,0,46-55,6-10 Yrs,1,Mid-Level Professionals,1.6097,-1.4906
54,No,Travel_Rarely,376,Research & Development,19,4,Medical,4,Female,95,3,2,Manufacturing Director,1,Divorced,5485.0,5k-10k,22670,9,Yes,11,3,2,2,9,4,3,5,3,1,4.0,5485,0,46-55,3-5 Yrs,1,Mid-Level Professionals,0.2509,-0.6131
54,No,Travel_Rarely,1441,Research & Development,17,3,Technical Degree,3,Female,56,3,3,Manufacturing Director,3,Married,10739.0,10k-15k,13943,8,No,11,3,3,1,22,2,3,10,7,0,8.0,10739,0,46-55,6-10 Yrs,2,Senior Leadership,2.6726,-0.2089
54,No,Travel_Rarely,1082,Sales,2,4,Life Sciences,3,Female,41,2,3,Sales Executive,3,Married,10686.0,10k-15k,8392,6,No,11,3,2,1,13,4,3,9,4,7,0.0,10686,0,46-55,6-10 Yrs,1,Mid-Level Professionals,1.3278,-1.9376
54,No,Travel_Frequently,966,Research & Development,1,4,Life Sciences,4,Female,53,3,3,Manufacturing Director,3,Divorced,10502.0,10k-15k,9659,7,No,17,3,1,1,33,2,1,5,4,1,4.0,10502,0,46-55,3-5 Yrs,2,Senior Leadership,2.6192,-1.8519
54,No,Travel_Rarely,685,Research & Development,3,3,Life Sciences,4,Male,85,3,4,Research Director,4,Married,16583.5,15k+,23474,3,No,14,3,1,0,36,2,3,10,9,0,9.0,17779,0,46-55,6-10 Yrs,2,Senior Leadership,4.6168,-1.0578
54,No,Travel_Rarely,971,Research & Development,1,3,Medical,4,Female,54,3,4,Research Director,4,Single,16583.5,15k+,5652,6,No,19,3,4,0,29,3,2,20,7,12,7.0,17328,0,46-55,11-20 Yrs,2,Senior Leadership,4.6553,-0.5391
54,No,Travel_Frequently,1050,Research & Development,11,4,Medical,2,Female,87,3,4,Manager,4,Divorced,16032.0,15k+,24456,3,No,20,4,1,1,26,2,3,14,9,1,12.0,16032,0,46-55,11-20 Yrs,2,Senior Leadership,4.4907,0.1943
54,No,Travel_Rarely,584,Research & Development,22,5,Medical,2,Female,91,3,4,Manager,3,Married,16583.5,15k+,18685,3,No,25,4,3,1,36,6,3,10,8,4,7.0,17426,0,46-55,6-10 Yrs,2,Senior Leadership,4.4419,-1.095
54,No,Travel_Rarely,431,Research & Development,7,4,Medical,4,Female,68,3,2,Research Scientist,4,Married,6854.0,5k-10k,15696,4,No,15,3,2,1,14,2,2,7,1,1,7.0,6854,0,46-55,6-10 Yrs,1,Mid-Level Professionals,1.0902,-0.2589
54,No,Travel_Rarely,155,Research & Development,9,2,Life Sciences,1,Female,67,3,2,Research Scientist,3,Married,2897.0,Upto 5k,22474,3,No,11,3,3,2,9,6,2,4,3,2,3.0,2897,0,46-55,3-5 Yrs,1,Mid-Level Professionals,-0.1753,-0.9194
54,No,Travel_Rarely,157,Research & Development,10,3,Medical,3,Female,77,3,2,Manufacturing Director,1,Single,4440.0,Upto 5k,25198,6,Yes,19,3,4,0,9,3,3,5,2,1,4.0,4440,0,46-55,3-5 Yrs,1,Mid-Level Professionals,0.1397,-0.7168
55,No,Travel_Rarely,836,Research & Development,8,3,Medical,4,Female,33,3,4,Manager,3,Divorced,14756.0,10k-15k,19730,2,Yes,14,3,3,3,21,2,3,5,0,0,2.0,14756,0,46-55,3-5 Yrs,2,Senior Leadership,2.6062,-2.3935
55,No,Travel_Rarely,111,Sales,1,2,Life Sciences,1,Male,70,3,3,Sales Executive,4,Married,10239.0,10k-15k,18092,3,No,14,3,4,1,24,4,3,1,0,1,0.0,10239,0,46-55,0-2 Yrs,2,Senior Leadership,1.4666,-2.8162
55,No,Travel_Rarely,692,Research & Development,14,4,Medical,3,Male,61,4,5,Research Director,2,Single,16583.5,15k+,13339,8,No,11,3,4,0,36,3,3,24,15,2,15.0,18722,0,46-55,20+ Yrs,2,Senior Leadership,6.5156,1.1877
55,No,Travel_Rarely,452,Research & Development,1,3,Medical,4,Male,81,3,5,Manager,1,Single,16583.5,15k+,18938,0,Yes,14,3,3,0,37,2,3,36,10,4,13.0,19045,0,46-55,20+ Yrs,2,Senior Leadership,7.1601,1.5311
55,No,Travel_Rarely,147,Research & Development,20,2,Technical Degree,2,Male,37,3,2,Laboratory Technician,4,Married,5415.0,5k-10k,15972,3,Yes,19,3,4,1,12,4,3,10,7,0,8.0,5415,0,46-55,6-10 Yrs,1,Mid-Level Professionals,1.1471,0.4902
55,No,Travel_Rarely,1311,Research & Development,2,3,Life Sciences,3,Female,97,3,4,Manager,4,Single,16583.5,15k+,23258,2,Yes,13,3,3,0,30,2,3,5,4,1,2.0,16659,0,46-55,3-5 Yrs,2,Senior Leadership,3.3345,-2.7639
55,No,Travel_Rarely,1117,Sales,18,5,Life Sciences,1,Female,83,3,4,Manager,2,Single,16583.5,15k+,9873,3,No,23,4,4,0,37,2,3,10,9,7,7.0,16835,0,46-55,6-10 Yrs,2,Senior Leadership,4.5379,-1.2271
55,Yes,Travel_Rarely,725,Research & Development,2,3,Medical,4,Male,78,3,5,Manager,1,Married,16583.5,15k+,21199,5,Yes,13,3,4,1,24,2,3,5,2,1,4.0,19859,1,46-55,3-5 Yrs,2,Senior Leadership,3.5673,-2.4833
55,Yes,Travel_Rarely,436,Sales,2,1,Medical,3,Male,37,3,2,Sales Executive,4,Single,5160.0,5k-10k,21519,4,No,16,3,3,0,12,3,2,9,7,7,3.0,5160,1,46-55,6-10 Yrs,1,Mid-Level Professionals,0.595,-0.8626
55,No,Travel_Frequently,135,Research & Development,18,4,Medical,3,Male,62,3,2,Healthcare Representative,2,Married,6385.0,5k-10k,12992,3,Yes,14,3,4,2,17,3,3,8,7,6,7.0,6385,0,46-55,6-10 Yrs,1,Mid-Level Professionals,1.328,-0.0437
55,No,Non-Travel,444,Research & Development,2,1,Medical,3,Male,40,2,4,Manager,1,Single,16583.5,15k+,17323,7,No,15,3,2,0,31,3,4,9,7,6,2.0,16756,0,46-55,6-10 Yrs,2,Senior Leadership,3.6517,-2.4543
55,No,Travel_Frequently,1091,Research & Development,2,1,Life Sciences,4,Male,65,3,3,Manufacturing Director,2,Married,10976.0,10k-15k,15813,3,No,18,3,2,1,23,4,3,3,2,1,2.0,10976,0,46-55,3-5 Yrs,2,Senior Leadership,1.7934,-2.2765
55,No,Non-Travel,177,Research & Development,8,1,Medical,4,Male,37,2,4,Healthcare Representative,2,Divorced,13577.0,10k-15k,25592,1,Yes,15,3,4,1,34,3,3,33,9,15,0.0,13577,0,46-55,20+ Yrs,2,Senior Leadership,4.8843,-0.6455
55,No,Travel_Rarely,282,Research & Development,2,2,Medical,4,Female,58,1,5,Manager,3,Married,16583.5,15k+,6992,4,No,14,3,4,1,23,5,3,19,9,9,11.0,19187,0,46-55,11-20 Yrs,2,Senior Leadership,5.0434,0.0192
55,Yes,Travel_Rarely,267,Sales,13,4,Marketing,1,Male,85,4,4,Sales Executive,3,Single,13695.0,10k-15k,9277,6,Yes,17,3,3,0,24,2,2,19,7,3,8.0,13695,1,46-55,11-20 Yrs,2,Senior Leadership,4.1244,0.0004
55,No,Travel_Rarely,1136,Research & Development,1,4,Medical,2,Male,81,4,4,Research Director,4,Divorced,14732.0,10k-15k,12414,2,No,13,3,4,2,31,4,4,7,7,0,0.0,14732,0,46-55,6-10 Yrs,2,Senior Leadership,3.1497,-2.9124
55,No,Travel_Rarely,1229,Research & Development,4,4,Life Sciences,4,Male,30,3,2,Healthcare Representative,3,Married,4035.0,Upto 5k,16143,0,Yes,16,3,2,0,4,2,3,3,2,1,2.0,4035,0,46-55,3-5 Yrs,0,Junior Core,-0.4786,-1.3047
55,No,Travel_Rarely,685,Sales,26,5,Marketing,3,Male,60,2,5,Manager,4,Married,16583.5,15k+,23037,1,No,21,4,3,1,36,3,3,36,6,2,13.0,19586,0,46-55,20+ Yrs,2,Senior Leadership,7.1092,2.0037
55,No,Travel_Rarely,1441,Research & Development,22,3,Technical Degree,1,Male,94,2,1,Research Scientist,2,Divorced,3537.0,Upto 5k,23737,5,No,12,3,4,1,8,1,3,4,2,1,2.0,3537,0,46-55,3-5 Yrs,0,Junior Core,-0.6303,-0.7293
55,No,Travel_Rarely,478,Research & Development,2,3,Medical,3,Male,60,2,5,Research Director,1,Married,16583.5,15k+,19805,8,No,12,3,2,3,34,2,3,1,0,0,0.0,19038,0,46-55,0-2 Yrs,2,Senior Leadership,3.5483,-3.7496
55,No,Travel_Rarely,836,Research & Development,2,4,Technical Degree,2,Male,98,2,1,Research Scientist,4,Married,2662.0,Upto 5k,7975,8,No,20,4,2,1,19,2,4,5,2,0,4.0,2662,0,46-55,3-5 Yrs,1,Mid-Level Professionals,0.1802,-0.7686
55,No,Travel_Rarely,189,Human Resources,26,4,Human Resources,3,Male,71,4,5,Manager,2,Married,16583.5,15k+,25811,4,Yes,18,3,1,1,35,0,3,10,9,1,4.0,19636,0,46-55,6-10 Yrs,2,Senior Leadership,4.5596,-1.828
56,No,Travel_Rarely,1400,Research & Development,7,3,Life Sciences,4,Male,49,1,3,Manufacturing Director,4,Single,7260.0,5k-10k,21698,4,No,11,3,1,0,37,3,2,6,4,0,2.0,7260,0,55+,6-10 Yrs,2,Senior Leadership,2.4842,-2.0103
56,Yes,Travel_Rarely,441,Research & Development,14,4,Life Sciences,2,Female,72,3,1,Research Scientist,2,Married,4963.0,Upto 5k,4510,9,Yes,18,3,1,3,7,2,3,5,4,4,3.0,4963,1,55+,3-5 Yrs,1,Mid-Level Professionals,-0.3537,-0.7085
56,No,Travel_Rarely,713,Research & Development,8,3,Life Sciences,3,Female,67,3,1,Research Scientist,1,Divorced,4257.0,Upto 5k,13939,4,Yes,18,3,3,1,19,3,3,2,2,2,2.0,4257,0,55+,0-2 Yrs,1,Mid-Level Professionals,0.0097,-1.4215
56,No,Travel_Frequently,906,Sales,6,3,Life Sciences,3,Female,86,4,4,Sales Executive,1,Married,13212.0,10k-15k,18256,9,No,11,3,4,3,36,0,2,7,7,7,7.0,13212,0,55+,6-10 Yrs,2,Senior Leadership,3.9695,-1.5211
56,No,Travel_Rarely,832,Research & Development,9,3,Medical,3,Male,81,3,4,Healthcare Representative,4,Married,11103.0,10k-15k,20420,7,No,11,3,3,0,30,1,2,10,7,1,1.0,11103,0,55+,6-10 Yrs,2,Senior Leadership,3.0386,-2.1454
56,No,Travel_Frequently,1240,Research & Development,9,3,Medical,1,Female,63,3,1,Research Scientist,3,Married,2942.0,Upto 5k,12154,2,No,19,3,2,1,18,4,3,5,4,0,3.0,2942,0,55+,3-5 Yrs,1,Mid-Level Professionals,0.0978,-0.8735
56,No,Travel_Rarely,718,Research & Development,4,4,Technical Degree,4,Female,92,3,5,Manager,1,Divorced,16583.5,15k+,18575,4,No,13,3,4,1,28,2,3,5,2,4,2.0,19943,0,55+,3-5 Yrs,2,Senior Leadership,3.6641,-2.9412
56,No,Travel_Rarely,206,Human Resources,8,4,Life Sciences,4,Male,99,3,5,Manager,2,Single,16583.5,15k+,4022,6,No,14,3,1,0,36,4,3,7,3,7,7.0,19717,0,55+,6-10 Yrs,2,Senior Leadership,4.7305,-1.8854
56,No,Travel_Rarely,1369,Research & Development,23,3,Life Sciences,4,Male,68,3,4,Manufacturing Director,2,Married,13402.0,10k-15k,18235,4,Yes,12,3,1,1,33,0,3,19,16,15,9.0,13402,0,55+,11-20 Yrs,2,Senior Leadership,4.7679,0.1933
56,No,Travel_Rarely,1255,Research & Development,1,2,Life Sciences,1,Female,90,3,1,Research Scientist,1,Married,2066.0,Upto 5k,10494,2,No,22,4,4,1,5,3,4,3,2,1,0.0,2066,0,55+,3-5 Yrs,0,Junior Core,-1.1795,-1.4819
56,Yes,Travel_Rarely,1162,Research & Development,24,2,Life Sciences,1,Male,97,3,1,Laboratory Technician,4,Single,2587.0,Upto 5k,10261,1,No,16,3,4,0,5,3,3,4,2,1,0.0,2587,1,55+,3-5 Yrs,0,Junior Core,-1.0529,-1.0113
56,No,Travel_Rarely,1443,Sales,11,5,Marketing,4,Female,89,2,2,Sales Executive,1,Married,5380.0,5k-10k,20328,4,No,16,3,3,1,6,3,3,0,0,0,0.0,5380,0,55+,0-2 Yrs,0,Junior Core,-0.5541,-1.9597
56,No,Non-Travel,667,Research & Development,1,4,Life Sciences,3,Male,57,3,2,Healthcare Representative,3,Divorced,6306.0,5k-10k,26236,1,No,21,4,1,1,13,2,2,13,12,1,9.0,6306,0,55+,11-20 Yrs,1,Mid-Level Professionals,1.6132,0.4703
56,Yes,Travel_Rarely,310,Research & Development,7,2,Technical Degree,4,Male,72,3,1,Laboratory Technician,3,Married,2339.0,Upto 5k,3666,8,No,11,3,4,1,14,4,1,10,9,9,8.0,2339,1,55+,6-10 Yrs,1,Mid-Level Professionals,0.5701,0.5606
57,No,Travel_Rarely,334,Research & Development,24,2,Life Sciences,3,Male,83,4,3,Healthcare Representative,4,Divorced,9439.0,5k-10k,23402,3,Yes,16,3,2,1,12,2,1,5,3,1,4.0,9439,0,55+,3-5 Yrs,1,Mid-Level Professionals,1.3656,-1.1342
57,No,Travel_Rarely,593,Research & Development,1,4,Medical,4,Male,88,3,2,Healthcare Representative,3,Married,6755.0,5k-10k,2967,2,No,11,3,3,0,15,2,3,3,2,1,3.0,6755,0,55+,3-5 Yrs,1,Mid-Level Professionals,0.6289,-1.5989
57,No,Travel_Rarely,210,Sales,29,3,Marketing,1,Male,56,2,4,Manager,4,Divorced,14118.0,10k-15k,22102,3,No,12,3,3,1,32,3,2,1,0,0,0.0,14118,0,55+,0-2 Yrs,2,Senior Leadership,2.8458,-2.9586
57,No,Travel_Rarely,405,Research & Development,1,2,Life Sciences,2,Male,93,4,2,Research Scientist,3,Married,4900.0,Upto 5k,2721,0,No,24,4,1,1,13,2,2,12,9,2,8.0,4900,0,55+,11-20 Yrs,1,Mid-Level Professionals,1.3501,0.2361
58,No,Travel_Rarely,682,Sales,10,4,Medical,4,Male,37,3,4,Sales Executive,3,Single,13872.0,10k-15k,24409,0,No,13,3,3,0,38,1,2,37,10,1,8.0,13872,0,55+,20+ Yrs,2,Senior Leadership,6.2528,1.0384
58,Yes,Travel_Rarely,147,Research & Development,23,4,Medical,4,Female,94,3,3,Healthcare Representative,4,Married,10312.0,10k-15k,3465,1,No,12,3,4,1,40,3,2,40,10,15,6.0,10312,1,55+,20+ Yrs,2,Senior Leadership,5.6092,1.5142
58,No,Travel_Rarely,1145,Research & Development,9,3,Medical,2,Female,75,2,1,Research Scientist,2,Married,3346.0,Upto 5k,11873,4,Yes,20,4,2,1,9,3,2,1,0,0,0.0,3346,0,55+,0-2 Yrs,0,Junior Core,-0.8576,-1.7265
58,No,Non-Travel,390,Research & Development,1,4,Life Sciences,4,Male,32,1,2,Healthcare Representative,3,Divorced,5660.0,5k-10k,17056,2,Yes,13,3,4,1,12,2,3,5,3,1,2.0,5660,0,55+,3-5 Yrs,1,Mid-Level Professionals,0.41,-1.5539
58,Yes,Travel_Rarely,286,Research & Development,2,4,Life Sciences,4,Male,31,3,5,Research Director,2,Single,16583.5,15k+,25761,7,Yes,12,3,4,0,40,2,3,31,15,13,8.0,19246,1,55+,20+ Yrs,2,Senior Leadership,6.6768,0.005
58,Yes,Travel_Frequently,781,Research & Development,2,1,Life Sciences,4,Male,57,2,1,Laboratory Technician,4,Divorced,2380.0,Upto 5k,13384,9,Yes,14,3,4,1,3,3,2,1,0,0,0.0,2380,1,55+,0-2 Yrs,0,Junior Core,-1.3211,-1.6945
58,No,Travel_Rarely,1272,Research & Development,5,3,Technical Degree,3,Female,37,2,3,Healthcare Representative,2,Divorced,10552.0,10k-15k,9255,2,Yes,13,3,4,1,24,3,3,6,0,0,4.0,10552,0,55+,6-10 Yrs,2,Senior Leadership,2.2974,-1.7123
58,Yes,Travel_Rarely,289,Research & Development,2,3,Technical Degree,4,Male,51,3,1,Research Scientist,3,Single,2479.0,Upto 5k,26227,4,No,24,4,1,0,7,4,3,1,0,0,0.0,2479,1,55+,0-2 Yrs,0,Junior Core,-1.0701,-1.7694
58,No,Travel_Rarely,848,Research & Development,23,4,Life Sciences,1,Male,88,3,1,Research Scientist,3,Divorced,2372.0,Upto 5k,26076,1,No,12,3,4,2,2,3,3,2,2,2,2.0,2372,0,55+,0-2 Yrs,0,Junior Core,-1.1282,-0.8294
58,Yes,Travel_Rarely,601,Research & Development,7,4,Medical,3,Female,53,2,3,Manufacturing Director,1,Married,10008.0,10k-15k,12023,7,Yes,14,3,4,0,31,0,2,10,9,5,9.0,10008,1,55+,6-10 Yrs,2,Senior Leadership,3.3751,-0.4808
58,No,Travel_Rarely,1055,Research & Development,1,3,Medical,4,Female,76,3,5,Research Director,1,Married,16583.5,15k+,22456,3,Yes,21,4,3,1,32,3,3,9,8,1,5.0,19701,0,55+,6-10 Yrs,2,Senior Leadership,4.5082,-2.2473
58,No,Non-Travel,350,Sales,2,3,Medical,2,Male,52,3,4,Manager,2,Divorced,16291.0,15k+,22577,4,No,22,4,4,1,37,0,2,16,9,14,14.0,16291,0,55+,11-20 Yrs,2,Senior Leadership,5.6358,0.204
58,No,Travel_Frequently,1216,Research & Development,15,4,Life Sciences,1,Male,87,3,4,Research Director,3,Married,15787.0,15k+,21624,2,Yes,14,3,2,0,23,3,3,2,2,2,2.0,15787,0,55+,0-2 Yrs,2,Senior Leadership,2.7547,-2.7311
58,No,Travel_Rarely,605,Sales,21,3,Life Sciences,4,Female,72,3,4,Manager,4,Married,16583.5,15k+,11761,4,Yes,13,3,3,1,29,2,2,1,0,0,0.0,17875,0,55+,0-2 Yrs,2,Senior Leadership,2.9542,-3.2365
59,No,Travel_Rarely,1324,Research & Development,3,3,Medical,3,Female,81,4,1,Laboratory Technician,1,Married,2670.0,Upto 5k,9964,4,Yes,20,4,1,3,12,3,2,1,0,0,3.0,2670,0,55+,0-2 Yrs,0,Junior Core,-0.4389,-1.316
59,No,Travel_Rarely,1435,Sales,25,3,Life Sciences,1,Female,99,3,3,Sales Executive,1,Single,7637.0,5k-10k,2354,7,No,11,3,4,0,28,3,2,21,16,7,9.0,7637,0,55+,20+ Yrs,2,Senior Leadership,3.7005,0.8926
59,No,Travel_Frequently,1225,Sales,1,1,Life Sciences,1,Female,57,2,2,Sales Executive,3,Single,5473.0,5k-10k,24668,7,No,11,3,4,0,20,2,2,4,3,1,3.0,5473,0,55+,3-5 Yrs,1,Mid-Level Professionals,0.9363,-1.6137
59,No,Non-Travel,1420,Human Resources,2,4,Human Resources,3,Female,32,2,5,Manager,4,Married,16583.5,15k+,21922,9,No,21,4,4,1,30,3,3,3,2,2,2.0,18844,0,55+,3-5 Yrs,2,Senior Leadership,3.767,-3.3016
59,No,Travel_Rarely,142,Research & Development,3,3,Life Sciences,3,Male,70,2,1,Research Scientist,4,Married,2177.0,Upto 5k,8456,3,No,17,3,1,1,7,6,3,1,0,0,0.0,2177,0,55+,0-2 Yrs,0,Junior Core,-1.0637,-1.7758
59,No,Travel_Rarely,818,Human Resources,6,2,Medical,2,Male,52,3,1,Human Resources,3,Married,2267.0,Upto 5k,25657,8,No,17,3,4,0,7,2,2,2,2,2,2.0,2267,0,55+,0-2 Yrs,0,Junior Core,-0.8071,-1.2614
59,No,Travel_Rarely,715,Research & Development,2,3,Life Sciences,3,Female,69,2,4,Manufacturing Director,4,Single,13726.0,10k-15k,21829,3,Yes,13,3,1,0,30,4,3,5,3,4,3.0,13726,0,55+,3-5 Yrs,2,Senior Leadership,3.2793,-2.5754
59,No,Travel_Rarely,1089,Sales,1,2,Technical Degree,2,Male,66,3,3,Manager,4,Married,11904.0,10k-15k,11038,3,Yes,14,3,3,1,14,1,1,6,4,0,4.0,11904,0,55+,6-10 Yrs,2,Senior Leadership,1.8708,-1.7319
59,No,Travel_Rarely,326,Sales,3,3,Life Sciences,3,Female,48,2,2,Sales Executive,4,Single,5171.0,5k-10k,16490,5,No,17,3,4,0,13,2,3,6,1,0,5.0,5171,0,55+,6-10 Yrs,1,Mid-Level Professionals,0.7949,-0.8921
59,No,Travel_Rarely,1429,Research & Development,18,4,Medical,4,Male,67,3,3,Manufacturing Director,4,Single,10512.0,10k-15k,20002,6,No,12,3,4,0,25,6,2,9,7,5,4.0,10512,0,55+,6-10 Yrs,2,Senior Leadership,2.5883,-1.2873
60,No,Travel_Rarely,422,Research & Development,7,3,Life Sciences,1,Female,41,3,5,Manager,1,Married,16583.5,15k+,3854,5,No,11,3,4,0,33,5,1,29,8,11,10.0,19566,0,55+,20+ Yrs,2,Senior Leadership,6.3852,0.3531
60,No,Travel_Frequently,1499,Sales,28,3,Marketing,3,Female,80,2,3,Sales Executive,1,Married,10266.0,10k-15k,2845,4,No,19,3,4,0,22,5,4,18,13,13,11.0,10266,0,55+,11-20 Yrs,2,Senior Leadership,3.6384,0.9955
60,No,Travel_Rarely,1179,Sales,16,4,Marketing,1,Male,84,3,2,Sales Executive,1,Single,5405.0,5k-10k,11924,8,No,14,3,4,0,10,1,3,2,2,2,2.0,5405,0,55+,0-2 Yrs,1,Mid-Level Professionals,0.1506,-1.5605
60,No,Travel_Rarely,696,Sales,7,4,Marketing,2,Male,52,4,2,Sales Executive,4,Divorced,5220.0,5k-10k,10893,0,Yes,18,3,2,1,12,3,3,11,7,1,9.0,5220,0,55+,11-20 Yrs,1,Mid-Level Professionals,1.4636,0.3282
60,No,Travel_Rarely,370,Research & Development,1,4,Medical,3,Male,92,1,3,Healthcare Representative,4,Divorced,10883.0,10k-15k,20467,3,No,20,4,3,1,19,2,4,1,0,0,0.0,10883,0,55+,0-2 Yrs,2,Senior Leadership,1.4185,-2.9765
